source,t,rel_t,x,y,yaw_rad,yaw_deg,rel_x,rel_y,rel_yaw_deg,vx,wz
rtabmap,1780715153.397832632,0.000000000,0.000576577,-0.000203476,-2.029713125,-116.293996,-0.000000000,0.000000000,0.000000,-0.000485258,-0.000313211
rtabmap,1780715153.697893620,0.300060987,0.000145853,-0.000016508,-2.029681085,-116.292160,0.000023178,-0.000468981,0.001836,0.000077245,0.000107068
wheel,1780715153.948355675,0.000000000,0.000000000,0.000000000,0.000000000,0.000000,0.000000000,0.000000000,0.000000,0.000000000,0.000000000
wheel,1780715153.969923019,0.021567345,0.000000000,0.000000000,0.000000000,0.000000,0.000000000,0.000000000,0.000000,0.000000000,0.000000000
wheel,1780715153.988366842,0.040011168,0.000000000,0.000000000,0.000000000,0.000000,0.000000000,0.000000000,0.000000,0.000000000,0.000000000
wheel,1780715154.008784771,0.060429096,0.000000000,0.000000000,0.000000000,0.000000,0.000000000,0.000000000,0.000000,0.000000000,0.000000000
wheel,1780715154.028503656,0.080147982,0.000000000,0.000000000,0.000000000,0.000000,0.000000000,0.000000000,0.000000,0.000000000,0.000000000
wheel,1780715154.049187899,0.100832224,0.000000000,0.000000000,0.000000000,0.000000,0.000000000,0.000000000,0.000000,0.000000000,0.000000000
rtabmap,1780715154.064131021,0.666298389,0.000115130,-0.000085647,-2.029632502,-116.289376,0.000098773,-0.000465897,0.004619,0.000206410,0.000133535
wheel,1780715154.068318844,0.119963169,0.000000000,0.000000000,0.000000000,0.000000,0.000000000,0.000000000,0.000000,0.000000000,0.000000000
wheel,1780715154.088265896,0.139910221,0.000000000,0.000000000,0.000000000,0.000000,0.000000000,0.000000000,0.000000,0.000000000,0.000000000
wheel,1780715154.110067368,0.161711693,0.000000000,0.000000000,0.000000000,0.000000,0.000000000,0.000000000,0.000000,0.000000000,0.000000000
wheel,1780715154.128966331,0.180610657,0.000000000,0.000000000,0.000000000,0.000000,0.000000000,0.000000000,0.000000,0.000000000,0.000000000
wheel,1780715154.149256945,0.200901270,0.000000000,0.000000000,0.000000000,0.000000,0.000000000,0.000000000,0.000000,0.000000000,0.000000000
wheel,1780715154.168530703,0.220175028,0.000000000,0.000000000,0.000000000,0.000000,0.000000000,0.000000000,0.000000,0.000000000,0.000000000
wheel,1780715154.188261747,0.239906073,0.000000000,0.000000000,0.000000000,0.000000,0.000000000,0.000000000,0.000000,0.000000000,0.000000000
wheel,1780715154.208323479,0.259967804,0.000000000,0.000000000,0.000000000,0.000000,0.000000000,0.000000000,0.000000,0.000000000,0.000000000
wheel,1780715154.228268385,0.279912710,0.000000000,0.000000000,0.000000000,0.000000,0.000000000,0.000000000,0.000000,0.000000000,0.000000000
wheel,1780715154.249060869,0.300705194,0.000000000,0.000000000,0.000000000,0.000000,0.000000000,0.000000000,0.000000,0.000000000,0.000000000
wheel,1780715154.268496990,0.320141315,0.000000000,0.000000000,0.000000000,0.000000,0.000000000,0.000000000,0.000000,0.000000000,0.000000000
wheel,1780715154.288450480,0.340094805,0.000000000,0.000000000,0.000000000,0.000000,0.000000000,0.000000000,0.000000,0.000000000,0.000000000
rtabmap,1780715154.297698021,0.899865389,0.000138584,0.000084536,-2.029570197,-116.285806,-0.000064192,-0.000520258,0.008189,-0.000697742,0.000267315
wheel,1780715154.309303284,0.360947609,0.000000000,0.000000000,0.000000000,0.000000,0.000000000,0.000000000,0.000000,0.000000000,0.000000000
wheel,1780715154.328377247,0.380021572,0.000000000,0.000000000,0.000000000,0.000000,0.000000000,0.000000000,0.000000,0.000000000,0.000000000
wheel,1780715154.348989487,0.400633812,0.000000000,0.000000000,0.000000000,0.000000,0.000000000,0.000000000,0.000000,0.000000000,0.000000000
wheel,1780715154.368304729,0.419949055,0.000000000,0.000000000,0.000000000,0.000000,0.000000000,0.000000000,0.000000,0.000000000,0.000000000
wheel,1780715154.388440371,0.440084696,0.000000000,0.000000000,0.000000000,0.000000,0.000000000,0.000000000,0.000000,0.000000000,0.000000000
wheel,1780715154.408260584,0.459904909,0.000000000,0.000000000,0.000000000,0.000000,0.000000000,0.000000000,0.000000,0.000000000,0.000000000
wheel,1780715154.428262711,0.479907036,0.000000000,0.000000000,0.000000000,0.000000,0.000000000,0.000000000,0.000000,0.000000000,0.000000000
wheel,1780715154.449126959,0.500771284,0.000000000,0.000000000,0.000000000,0.000000,0.000000000,0.000000000,0.000000,0.000000000,0.000000000
wheel,1780715154.468835115,0.520479441,0.000000000,0.000000000,0.000000000,0.000000,0.000000000,0.000000000,0.000000,0.000000000,0.000000000
wheel,1780715154.488544464,0.540188789,0.000000000,0.000000000,0.000000000,0.000000,0.000000000,0.000000000,0.000000,0.000000000,0.000000000
wheel,1780715154.508299351,0.559943676,0.000000000,0.000000000,0.000000000,0.000000,0.000000000,0.000000000,0.000000,0.000000000,0.000000000
wheel,1780715154.528251410,0.579895735,0.000000000,0.000000000,0.000000000,0.000000,0.000000000,0.000000000,0.000000,0.000000000,0.000000000
wheel,1780715154.554200649,0.605844975,0.000000000,0.000000000,0.000000000,0.000000,0.000000000,0.000000000,0.000000,0.000000000,0.000000000
wheel,1780715154.570230484,0.621874809,0.000000000,0.000000000,0.000000000,0.000000,0.000000000,0.000000000,0.000000,0.000000000,0.000000000
wheel,1780715154.588329792,0.639974117,0.000000000,0.000000000,0.000000000,0.000000,0.000000000,0.000000000,0.000000,0.000000000,0.000000000
wheel,1780715154.608348846,0.659993172,0.000000000,0.000000000,0.000000000,0.000000,0.000000000,0.000000000,0.000000,0.000000000,0.000000000
wheel,1780715154.628306866,0.679951191,0.000000000,0.000000000,0.000000000,0.000000,0.000000000,0.000000000,0.000000,0.000000000,0.000000000
rtabmap,1780715154.630738020,1.232905388,-0.000345788,0.000240751,-2.029519507,-116.282902,0.000010323,-0.001023713,0.011094,0.000223525,0.000153200
wheel,1780715154.649019957,0.700664282,0.000000000,0.000000000,0.000000000,0.000000,0.000000000,0.000000000,0.000000,0.000000000,0.000000000
wheel,1780715154.669547081,0.721191406,0.000000000,0.000000000,0.000000000,0.000000,0.000000000,0.000000000,0.000000,0.000000000,0.000000000
wheel,1780715154.688302040,0.739946365,0.000000000,0.000000000,0.000000000,0.000000,0.000000000,0.000000000,0.000000,0.000000000,0.000000000
wheel,1780715154.709210157,0.760854483,0.000000000,0.000000000,0.000000000,0.000000,0.000000000,0.000000000,0.000000,0.000000000,0.000000000
wheel,1780715154.728243113,0.779887438,0.000000000,0.000000000,0.000000000,0.000000,0.000000000,0.000000000,0.000000,0.000000000,0.000000000
wheel,1780715154.748259068,0.799903393,0.000000000,0.000000000,0.000000000,0.000000,0.000000000,0.000000000,0.000000,0.000000000,0.000000000
wheel,1780715154.769811153,0.821455479,0.000000000,0.000000000,0.000000000,0.000000,0.000000000,0.000000000,0.000000,0.000000000,0.000000000
wheel,1780715154.788279772,0.839924097,0.000000000,0.000000000,0.000000000,0.000000,0.000000000,0.000000000,0.000000,0.000000000,0.000000000
wheel,1780715154.808336735,0.859981060,0.000000000,0.000000000,0.000000000,0.000000,0.000000000,0.000000000,0.000000,0.000000000,0.000000000
wheel,1780715154.828252316,0.879896641,0.000000000,0.000000000,0.000000000,0.000000,0.000000000,0.000000000,0.000000,0.000000000,0.000000000
wheel,1780715154.848578453,0.900222778,0.000000000,0.000000000,0.000000000,0.000000,0.000000000,0.000000000,0.000000,0.000000000,0.000000000
wheel,1780715154.868262768,0.919907093,0.000000000,0.000000000,0.000000000,0.000000,0.000000000,0.000000000,0.000000,0.000000000,0.000000000
wheel,1780715154.891216755,0.942861080,0.000000000,0.000000000,0.000000000,0.000000,0.000000000,0.000000000,0.000000,0.000000000,0.000000000
rtabmap,1780715154.897670984,1.499838352,-0.000001230,-0.000009812,-2.029715519,-116.294133,0.000082329,-0.000603812,-0.000137,0.000270058,-0.000733411
wheel,1780715154.908340693,0.959985018,0.000000000,0.000000000,0.000000000,0.000000,0.000000000,0.000000000,0.000000,0.000000000,0.000000000
wheel,1780715154.928242683,0.979887009,0.000000000,0.000000000,0.000000000,0.000000,0.000000000,0.000000000,0.000000,0.000000000,0.000000000
wheel,1780715154.948246717,0.999891043,0.000000000,0.000000000,0.000000000,0.000000,0.000000000,0.000000000,0.000000,0.000000000,0.000000000
wheel,1780715154.969246149,1.020890474,0.000000000,0.000000000,0.000000000,0.000000,0.000000000,0.000000000,0.000000,0.000000000,0.000000000
wheel,1780715154.988289118,1.039933443,0.000000000,0.000000000,0.000000000,0.000000,0.000000000,0.000000000,0.000000,0.000000000,0.000000000
wheel,1780715155.011094809,1.062739134,0.000000000,0.000000000,0.000000000,0.000000,0.000000000,0.000000000,0.000000,0.000000000,0.000000000
wheel,1780715155.029700279,1.081344604,0.000000000,0.000000000,0.000000000,0.000000,0.000000000,0.000000000,0.000000,0.000000000,0.000000000
wheel,1780715155.048254728,1.099899054,0.000000000,0.000000000,0.000000000,0.000000,0.000000000,0.000000000,0.000000,0.000000000,0.000000000
wheel,1780715155.068542004,1.120186329,0.000000000,0.000000000,0.000000000,0.000000,0.000000000,0.000000000,0.000000,0.000000000,0.000000000
wheel,1780715155.088296413,1.139940739,0.000000000,0.000000000,0.000000000,0.000000,0.000000000,0.000000000,0.000000,0.000000000,0.000000000
wheel,1780715155.109215021,1.160859346,0.000000000,0.000000000,0.000000000,0.000000,0.000000000,0.000000000,0.000000,0.000000000,0.000000000
wheel,1780715155.128247499,1.179891825,0.000000000,0.000000000,0.000000000,0.000000,0.000000000,0.000000000,0.000000,0.000000000,0.000000000
wheel,1780715155.148272514,1.199916840,0.000000000,0.000000000,0.000000000,0.000000,0.000000000,0.000000000,0.000000,0.000000000,0.000000000
wheel,1780715155.168262959,1.219907284,0.000000000,0.000000000,0.000000000,0.000000,0.000000000,0.000000000,0.000000,0.000000000,0.000000000
wheel,1780715155.188294888,1.239939213,0.000000000,0.000000000,0.000000000,0.000000,0.000000000,0.000000000,0.000000,0.000000000,0.000000000
wheel,1780715155.208296537,1.259940863,0.000000000,0.000000000,0.000000000,0.000000,0.000000000,0.000000000,0.000000,0.000000000,0.000000000
wheel,1780715155.228679180,1.280323505,0.000000000,0.000000000,0.000000000,0.000000,0.000000000,0.000000000,0.000000,0.000000000,0.000000000
wheel,1780715155.248321295,1.299965620,0.000000000,0.000000000,0.000000000,0.000000,0.000000000,0.000000000,0.000000,0.000000000,0.000000000
rtabmap,1780715155.264186144,1.866353512,0.000317087,-0.000071041,-2.029624508,-116.288918,-0.000003785,-0.000291307,0.005077,-0.000234954,0.000248898
wheel,1780715155.268281937,1.319926262,0.000000000,0.000000000,0.000000000,0.000000,0.000000000,0.000000000,0.000000,0.000000000,0.000000000
wheel,1780715155.288291216,1.339935541,0.000000000,0.000000000,0.000000000,0.000000,0.000000000,0.000000000,0.000000,0.000000000,0.000000000
wheel,1780715155.308210850,1.359855175,0.000000000,0.000000000,0.000000000,0.000000,0.000000000,0.000000000,0.000000,0.000000000,0.000000000
wheel,1780715155.328515291,1.380159616,0.000000000,0.000000000,0.000000000,0.000000,0.000000000,0.000000000,0.000000,0.000000000,0.000000000
wheel,1780715155.348309517,1.399953842,0.000000000,0.000000000,0.000000000,0.000000,0.000000000,0.000000000,0.000000,0.000000000,0.000000000
wheel,1780715155.369084597,1.420728922,0.000000000,0.000000000,0.000000000,0.000000,0.000000000,0.000000000,0.000000,0.000000000,0.000000000
wheel,1780715155.388292551,1.439936876,0.000000000,0.000000000,0.000000000,0.000000,0.000000000,0.000000000,0.000000,0.000000000,0.000000000
wheel,1780715155.408271790,1.459916115,0.000000000,0.000000000,0.000000000,0.000000,0.000000000,0.000000000,0.000000,0.000000000,0.000000000
wheel,1780715155.428565979,1.480210304,0.000000000,0.000000000,0.000000000,0.000000,0.000000000,0.000000000,0.000000,0.000000000,0.000000000
wheel,1780715155.448930025,1.500574350,0.000000000,0.000000000,0.000000000,0.000000,0.000000000,0.000000000,0.000000,0.000000000,0.000000000
wheel,1780715155.468385458,1.520029783,0.000000000,0.000000000,0.000000000,0.000000,0.000000000,0.000000000,0.000000,0.000000000,0.000000000
wheel,1780715155.488318443,1.539962769,0.000000000,0.000000000,0.000000000,0.000000,0.000000000,0.000000000,0.000000,0.000000000,0.000000000
wheel,1780715155.508283854,1.559928179,0.000000000,0.000000000,0.000000000,0.000000,0.000000000,0.000000000,0.000000,0.000000000,0.000000000
wheel,1780715155.528250694,1.579895020,0.000000000,0.000000000,0.000000000,0.000000,0.000000000,0.000000000,0.000000,0.000000000,0.000000000
rtabmap,1780715155.530816793,2.132984161,-0.000012176,0.000227744,-2.029626875,-116.289054,-0.000125799,-0.000718857,0.004942,-0.000457757,-0.000007601
wheel,1780715155.548279524,1.599923849,0.000000000,0.000000000,0.000000000,0.000000,0.000000000,0.000000000,0.000000,0.000000000,0.000000000
wheel,1780715155.568495512,1.620139837,0.000000000,0.000000000,0.000000000,0.000000,0.000000000,0.000000000,0.000000,0.000000000,0.000000000
wheel,1780715155.588249683,1.639894009,0.000000000,0.000000000,0.000000000,0.000000,0.000000000,0.000000000,0.000000,0.000000000,0.000000000
wheel,1780715155.608413219,1.660057545,0.000000000,0.000000000,0.000000000,0.000000,0.000000000,0.000000000,0.000000,0.000000000,0.000000000
wheel,1780715155.628252268,1.679896593,0.000000000,0.000000000,0.000000000,0.000000,0.000000000,0.000000000,0.000000,0.000000000,0.000000000
wheel,1780715155.649401426,1.701045752,0.000000000,0.000000000,0.000000000,0.000000,0.000000000,0.000000000,0.000000,0.000000000,0.000000000
wheel,1780715155.668334723,1.719979048,0.000000000,0.000000000,0.000000000,0.000000,0.000000000,0.000000000,0.000000,0.000000000,0.000000000
wheel,1780715155.689615011,1.741259336,0.000000000,0.000000000,0.000000000,0.000000,0.000000000,0.000000000,0.000000,0.000000000,0.000000000
wheel,1780715155.708313942,1.759958267,0.000000000,0.000000000,0.000000000,0.000000,0.000000000,0.000000000,0.000000,0.000000000,0.000000000
wheel,1780715155.728328466,1.779972792,0.000000000,0.000000000,0.000000000,0.000000,0.000000000,0.000000000,0.000000,0.000000000,0.000000000
wheel,1780715155.748637438,1.800281763,0.000000000,0.000000000,0.000000000,0.000000,0.000000000,0.000000000,0.000000,0.000000000,0.000000000
rtabmap,1780715155.764005899,2.366173267,-0.000725047,0.000315521,-2.029568418,-116.285705,0.000111292,-0.001396852,0.008291,0.001016479,0.000250111
wheel,1780715155.768270493,1.819914818,0.000000000,0.000000000,0.000000000,0.000000,0.000000000,0.000000000,0.000000,0.000000000,0.000000000
wheel,1780715155.788250208,1.839894533,0.000000000,0.000000000,0.000000000,0.000000,0.000000000,0.000000000,0.000000,0.000000000,0.000000000
wheel,1780715155.808288574,1.859932899,0.000000000,0.000000000,0.000000000,0.000000,0.000000000,0.000000000,0.000000,0.000000000,0.000000000
wheel,1780715155.828383446,1.880027771,0.000000000,0.000000000,0.000000000,0.000000,0.000000000,0.000000000,0.000000,0.000000000,0.000000000
wheel,1780715155.848263741,1.899908066,0.000000000,0.000000000,0.000000000,0.000000,0.000000000,0.000000000,0.000000,0.000000000,0.000000000
wheel,1780715155.868470192,1.920114517,0.000000000,0.000000000,0.000000000,0.000000,0.000000000,0.000000000,0.000000,0.000000000,0.000000000
wheel,1780715155.888329506,1.939973831,0.000000000,0.000000000,0.000000000,0.000000,0.000000000,0.000000000,0.000000,0.000000000,0.000000000
wheel,1780715155.908301353,1.959945679,0.000000000,0.000000000,0.000000000,0.000000,0.000000000,0.000000000,0.000000,0.000000000,0.000000000
wheel,1780715155.928287268,1.979931593,0.000000000,0.000000000,0.000000000,0.000000,0.000000000,0.000000000,0.000000,0.000000000,0.000000000
wheel,1780715155.948974848,2.000619173,0.000000000,0.000000000,0.000000000,0.000000,0.000000000,0.000000000,0.000000,0.000000000,0.000000000
wheel,1780715155.968281031,2.019925356,0.000000000,0.000000000,0.000000000,0.000000,0.000000000,0.000000000,0.000000,0.000000000,0.000000000
wheel,1780715155.988234520,2.039878845,0.000000000,0.000000000,0.000000000,0.000000,0.000000000,0.000000000,0.000000,0.000000000,0.000000000
wheel,1780715156.008241177,2.059885502,0.000000000,0.000000000,0.000000000,0.000000,0.000000000,0.000000000,0.000000,0.000000000,0.000000000
wheel,1780715156.028284550,2.079928875,0.000000000,0.000000000,0.000000000,0.000000,0.000000000,0.000000000,0.000000,0.000000000,0.000000000
wheel,1780715156.048269749,2.099914074,0.000000000,0.000000000,0.000000000,0.000000,0.000000000,0.000000000,0.000000,0.000000000,0.000000000
rtabmap,1780715156.063979864,2.666147232,0.000331808,-0.000174785,-2.029688696,-116.292596,0.000082704,-0.000232153,0.001400,-0.000094739,-0.000401472
wheel,1780715156.068259716,2.119904041,0.000000000,0.000000000,0.000000000,0.000000,0.000000000,0.000000000,0.000000,0.000000000,0.000000000
wheel,1780715156.088294506,2.139938831,0.000000000,0.000000000,0.000000000,0.000000,0.000000000,0.000000000,0.000000,0.000000000,0.000000000
wheel,1780715156.108294725,2.159939051,0.000000000,0.000000000,0.000000000,0.000000,0.000000000,0.000000000,0.000000,0.000000000,0.000000000
wheel,1780715156.128289938,2.179934263,0.000000000,0.000000000,0.000000000,0.000000,0.000000000,0.000000000,0.000000,0.000000000,0.000000000
wheel,1780715156.148267269,2.199911594,0.000000000,0.000000000,0.000000000,0.000000,0.000000000,0.000000000,0.000000,0.000000000,0.000000000
wheel,1780715156.168292999,2.219937325,0.000000000,0.000000000,0.000000000,0.000000,0.000000000,0.000000000,0.000000,0.000000000,0.000000000
wheel,1780715156.188242197,2.239886522,0.000000000,0.000000000,0.000000000,0.000000,0.000000000,0.000000000,0.000000,0.000000000,0.000000000
wheel,1780715156.208266735,2.259911060,0.000000000,0.000000000,0.000000000,0.000000,0.000000000,0.000000000,0.000000,0.000000000,0.000000000
wheel,1780715156.230245113,2.281889439,0.000000000,0.000000000,0.000000000,0.000000,0.000000000,0.000000000,0.000000,0.000000000,0.000000000
wheel,1780715156.249449253,2.301093578,0.000000000,0.000000000,0.000000000,0.000000,0.000000000,0.000000000,0.000000,0.000000000,0.000000000
wheel,1780715156.268309355,2.319953680,0.000000000,0.000000000,0.000000000,0.000000,0.000000000,0.000000000,0.000000,0.000000000,0.000000000
wheel,1780715156.288295984,2.339940310,0.000000000,0.000000000,0.000000000,0.000000,0.000000000,0.000000000,0.000000,0.000000000,0.000000000
wheel,1780715156.309059143,2.360703468,0.000000000,0.000000000,0.000000000,0.000000,0.000000000,0.000000000,0.000000,0.000000000,0.000000000
wheel,1780715156.328262568,2.379906893,0.000000000,0.000000000,0.000000000,0.000000,0.000000000,0.000000000,0.000000,0.000000000,0.000000000
wheel,1780715156.351221561,2.402865887,0.000000000,0.000000000,0.000000000,0.000000,0.000000000,0.000000000,0.000000,0.000000000,0.000000000
rtabmap,1780715156.364297152,2.966464520,0.000235077,-0.000248167,-2.029685522,-116.292414,0.000191344,-0.000286369,0.001582,0.000361746,0.000010023
wheel,1780715156.368319273,2.419963598,0.000000000,0.000000000,0.000000000,0.000000,0.000000000,0.000000000,0.000000,0.000000000,0.000000000
wheel,1780715156.389198065,2.440842390,0.000000000,0.000000000,0.000000000,0.000000,0.000000000,0.000000000,0.000000,0.000000000,0.000000000
wheel,1780715156.408241272,2.459885597,0.000000000,0.000000000,0.000000000,0.000000,0.000000000,0.000000000,0.000000,0.000000000,0.000000000
wheel,1780715156.429520845,2.481165171,0.000000000,0.000000000,0.000000000,0.000000,0.000000000,0.000000000,0.000000,0.000000000,0.000000000
wheel,1780715156.448286057,2.499930382,0.000000000,0.000000000,0.000000000,0.000000,0.000000000,0.000000000,0.000000,0.000000000,0.000000000
wheel,1780715156.468252659,2.519896984,0.000000000,0.000000000,0.000000000,0.000000,0.000000000,0.000000000,0.000000,0.000000000,0.000000000
wheel,1780715156.488418341,2.540062666,0.000000000,0.000000000,0.000000000,0.000000,0.000000000,0.000000000,0.000000,0.000000000,0.000000000
wheel,1780715156.508281708,2.559926033,0.000000000,0.000000000,0.000000000,0.000000,0.000000000,0.000000000,0.000000,0.000000000,0.000000000
wheel,1780715156.528675318,2.580319643,0.000000000,0.000000000,0.000000000,0.000000,0.000000000,0.000000000,0.000000,0.000000000,0.000000000
wheel,1780715156.548263311,2.599907637,0.000000000,0.000000000,0.000000000,0.000000,0.000000000,0.000000000,0.000000,0.000000000,0.000000000
wheel,1780715156.568316460,2.619960785,0.000000000,0.000000000,0.000000000,0.000000,0.000000000,0.000000000,0.000000,0.000000000,0.000000000
wheel,1780715156.588249445,2.639893770,0.000000000,0.000000000,0.000000000,0.000000,0.000000000,0.000000000,0.000000,0.000000000,0.000000000
wheel,1780715156.608271360,2.659915686,0.000000000,0.000000000,0.000000000,0.000000,0.000000000,0.000000000,0.000000,0.000000000,0.000000000
wheel,1780715156.628426075,2.680070400,0.000000000,0.000000000,0.000000000,0.000000,0.000000000,0.000000000,0.000000,0.000000000,0.000000000
rtabmap,1780715156.631127119,3.233294487,0.000460719,-0.000151071,-2.029709495,-116.293788,0.000004340,-0.000127084,0.000208,-0.000700821,-0.000089129
wheel,1780715156.648350000,2.699994326,0.000000000,0.000000000,0.000000000,0.000000,0.000000000,0.000000000,0.000000,0.000000000,0.000000000
wheel,1780715156.668246984,2.719891310,0.000000000,0.000000000,0.000000000,0.000000,0.000000000,0.000000000,0.000000,0.000000000,0.000000000
wheel,1780715156.688261271,2.739905596,0.000000000,0.000000000,0.000000000,0.000000,0.000000000,0.000000000,0.000000,0.000000000,0.000000000
wheel,1780715156.708303690,2.759948015,0.000000000,0.000000000,0.000000000,0.000000,0.000000000,0.000000000,0.000000,0.000000000,0.000000000
wheel,1780715156.728318691,2.779963017,0.000000000,0.000000000,0.000000000,0.000000,0.000000000,0.000000000,0.000000,0.000000000,0.000000000
wheel,1780715156.748786926,2.800431252,0.000000000,0.000000000,0.000000000,0.000000,0.000000000,0.000000000,0.000000,0.000000000,0.000000000
wheel,1780715156.768826723,2.820471048,0.000000000,0.000000000,0.000000000,0.000000,0.000000000,0.000000000,0.000000,0.000000000,0.000000000
wheel,1780715156.788237810,2.839882135,0.000000000,0.000000000,0.000000000,0.000000,0.000000000,0.000000000,0.000000,0.000000000,0.000000000
wheel,1780715156.808351040,2.859995365,0.000000000,0.000000000,0.000000000,0.000000,0.000000000,0.000000000,0.000000,0.000000000,0.000000000
wheel,1780715156.829328299,2.880972624,0.000000000,0.000000000,0.000000000,0.000000,0.000000000,0.000000000,0.000000,0.000000000,0.000000000
wheel,1780715156.848531485,2.900175810,0.000000000,0.000000000,0.000000000,0.000000,0.000000000,0.000000000,0.000000,0.000000000,0.000000000
wheel,1780715156.868310690,2.919955015,0.000000000,0.000000000,0.000000000,0.000000,0.000000000,0.000000000,0.000000,0.000000000,0.000000000
wheel,1780715156.888269901,2.939914227,0.000000000,0.000000000,0.000000000,0.000000,0.000000000,0.000000000,0.000000,0.000000000,0.000000000
wheel,1780715156.908396244,2.960040569,0.000000000,0.000000000,0.000000000,0.000000,0.000000000,0.000000000,0.000000,0.000000000,0.000000000
wheel,1780715156.928361893,2.980006218,0.000000000,0.000000000,0.000000000,0.000000,0.000000000,0.000000000,0.000000,0.000000000,0.000000000
wheel,1780715156.948257923,2.999902248,0.000000000,0.000000000,0.000000000,0.000000,0.000000000,0.000000000,0.000000,0.000000000,0.000000000
rtabmap,1780715156.964169979,3.566337347,-0.000018695,-0.000054717,-2.029641171,-116.289873,0.000130325,-0.000599578,0.004123,0.000378280,0.000205368
wheel,1780715156.968281269,3.019925594,0.000000000,0.000000000,0.000000000,0.000000,0.000000000,0.000000000,0.000000,0.000000000,0.000000000
wheel,1780715156.988298178,3.039942503,0.000000000,0.000000000,0.000000000,0.000000,0.000000000,0.000000000,0.000000,0.000000000,0.000000000
wheel,1780715157.008253336,3.059897661,0.000000000,0.000000000,0.000000000,0.000000,0.000000000,0.000000000,0.000000,0.000000000,0.000000000
wheel,1780715157.028628111,3.080272436,0.000000000,0.000000000,0.000000000,0.000000,0.000000000,0.000000000,0.000000,0.000000000,0.000000000
wheel,1780715157.048690557,3.100334883,0.000000000,0.000000000,0.000000000,0.000000,0.000000000,0.000000000,0.000000,0.000000000,0.000000000
wheel,1780715157.069642305,3.121286631,0.000000000,0.000000000,0.000000000,0.000000,0.000000000,0.000000000,0.000000,0.000000000,0.000000000
wheel,1780715157.088287830,3.139932156,0.000000000,0.000000000,0.000000000,0.000000,0.000000000,0.000000000,0.000000,0.000000000,0.000000000
wheel,1780715157.108366728,3.160011053,0.000000000,0.000000000,0.000000000,0.000000,0.000000000,0.000000000,0.000000,0.000000000,0.000000000
wheel,1780715157.129297256,3.180941582,0.000000000,0.000000000,0.000000000,0.000000,0.000000000,0.000000000,0.000000,0.000000000,0.000000000
wheel,1780715157.149224997,3.200869322,0.000000000,0.000000000,0.000000000,0.000000,0.000000000,0.000000000,0.000000,0.000000000,0.000000000
wheel,1780715157.168265104,3.219909430,0.000000000,0.000000000,0.000000000,0.000000,0.000000000,0.000000000,0.000000,0.000000000,0.000000000
wheel,1780715157.189954996,3.241599321,0.000000000,0.000000000,0.000000000,0.000000,0.000000000,0.000000000,0.000000,0.000000000,0.000000000
wheel,1780715157.208322525,3.259966850,0.000000000,0.000000000,0.000000000,0.000000,0.000000000,0.000000000,0.000000,0.000000000,0.000000000
wheel,1780715157.228244543,3.279888868,0.000000000,0.000000000,0.000000000,0.000000,0.000000000,0.000000000,0.000000,0.000000000,0.000000000
wheel,1780715157.248279572,3.299923897,0.000000000,0.000000000,0.000000000,0.000000,0.000000000,0.000000000,0.000000,0.000000000,0.000000000
wheel,1780715157.269073725,3.320718050,0.000000000,0.000000000,0.000000000,0.000000,0.000000000,0.000000000,0.000000,0.000000000,0.000000000
wheel,1780715157.288443804,3.340088129,0.000000000,0.000000000,0.000000000,0.000000,0.000000000,0.000000000,0.000000,0.000000000,0.000000000
wheel,1780715157.308321953,3.359966278,0.000000000,0.000000000,0.000000000,0.000000,0.000000000,0.000000000,0.000000,0.000000000,0.000000000
wheel,1780715157.328288078,3.379932404,0.000000000,0.000000000,0.000000000,0.000000,0.000000000,0.000000000,0.000000,0.000000000,0.000000000
rtabmap,1780715157.331188440,3.933355808,0.001029023,-0.000308568,-2.029694093,-116.292905,-0.000106205,0.000452186,0.001090,-0.000644257,-0.000142995
wheel,1780715157.348315716,3.399960041,0.000000000,0.000000000,0.000000000,0.000000,0.000000000,0.000000000,0.000000,0.000000000,0.000000000
wheel,1780715157.371574640,3.423218966,0.000000000,0.000000000,0.000000000,0.000000,0.000000000,0.000000000,0.000000,0.000000000,0.000000000
wheel,1780715157.388263941,3.439908266,0.000000000,0.000000000,0.000000000,0.000000,0.000000000,0.000000000,0.000000,0.000000000,0.000000000
wheel,1780715157.408276558,3.459920883,0.000000000,0.000000000,0.000000000,0.000000,0.000000000,0.000000000,0.000000,0.000000000,0.000000000
wheel,1780715157.428274632,3.479918957,0.000000000,0.000000000,0.000000000,0.000000,0.000000000,0.000000000,0.000000,0.000000000,0.000000000
wheel,1780715157.448292255,3.499936581,0.000000000,0.000000000,0.000000000,0.000000,0.000000000,0.000000000,0.000000,0.000000000,0.000000000
wheel,1780715157.468528509,3.520172834,0.000000000,0.000000000,0.000000000,0.000000,0.000000000,0.000000000,0.000000,0.000000000,0.000000000
wheel,1780715157.488350868,3.539995193,0.000000000,0.000000000,0.000000000,0.000000,0.000000000,0.000000000,0.000000,0.000000000,0.000000000
wheel,1780715157.508919477,3.560563803,0.000000000,0.000000000,0.000000000,0.000000,0.000000000,0.000000000,0.000000,0.000000000,0.000000000
wheel,1780715157.529303551,3.580947876,0.000000000,0.000000000,0.000000000,0.000000,0.000000000,0.000000000,0.000000,0.000000000,0.000000000
wheel,1780715157.548334599,3.599978924,0.000000000,0.000000000,0.000000000,0.000000,0.000000000,0.000000000,0.000000,0.000000000,0.000000000
wheel,1780715157.568948984,3.620593309,0.000000000,0.000000000,0.000000000,0.000000,0.000000000,0.000000000,0.000000,0.000000000,0.000000000
wheel,1780715157.589062691,3.640707016,0.000000000,0.000000000,0.000000000,0.000000,0.000000000,0.000000000,0.000000,0.000000000,0.000000000
wheel,1780715157.608252287,3.659896612,0.000000000,0.000000000,0.000000000,0.000000,0.000000000,0.000000000,0.000000,0.000000000,0.000000000
wheel,1780715157.629259825,3.680904150,0.000000000,0.000000000,0.000000000,0.000000,0.000000000,0.000000000,0.000000,0.000000000,0.000000000
wheel,1780715157.649134159,3.700778484,0.000000000,0.000000000,0.000000000,0.000000,0.000000000,0.000000000,0.000000,0.000000000,0.000000000
wheel,1780715157.668275833,3.719920158,0.000000000,0.000000000,0.000000000,0.000000,0.000000000,0.000000000,0.000000,0.000000000,0.000000000
wheel,1780715157.689080477,3.740724802,0.000000000,0.000000000,0.000000000,0.000000,0.000000000,0.000000000,0.000000,0.000000000,0.000000000
wheel,1780715157.708367109,3.760011435,0.000000000,0.000000000,0.000000000,0.000000,0.000000000,0.000000000,0.000000,0.000000000,0.000000000
wheel,1780715157.728241682,3.779886007,0.000000000,0.000000000,0.000000000,0.000000,0.000000000,0.000000000,0.000000,0.000000000,0.000000000
wheel,1780715157.748426914,3.800071239,0.000000000,0.000000000,0.000000000,0.000000,0.000000000,0.000000000,0.000000,0.000000000,0.000000000
wheel,1780715157.768448114,3.820092440,0.000000000,0.000000000,0.000000000,0.000000,0.000000000,0.000000000,0.000000,0.000000000,0.000000000
wheel,1780715157.788254023,3.839898348,0.000000000,0.000000000,0.000000000,0.000000,0.000000000,0.000000000,0.000000,0.000000000,0.000000000
rtabmap,1780715157.797527552,4.399694920,0.000825604,-0.000249492,-2.029591533,-116.287029,-0.000069058,0.000243645,0.006967,0.000079647,0.000220351
wheel,1780715157.808257818,3.859902143,0.000000000,0.000000000,0.000000000,0.000000,0.000000000,0.000000000,0.000000,0.000000000,0.000000000
wheel,1780715157.829886198,3.881530523,0.000000000,0.000000000,0.000000000,0.000000,0.000000000,0.000000000,0.000000,0.000000000,0.000000000
wheel,1780715157.848379850,3.900024176,0.000000000,0.000000000,0.000000000,0.000000,0.000000000,0.000000000,0.000000,0.000000000,0.000000000
wheel,1780715157.870242596,3.921886921,0.000000000,0.000000000,0.000000000,0.000000,0.000000000,0.000000000,0.000000,0.000000000,0.000000000
wheel,1780715157.888308764,3.939953089,0.000000000,0.000000000,0.000000000,0.000000,0.000000000,0.000000000,0.000000,0.000000000,0.000000000
wheel,1780715157.908324718,3.959969044,0.000000000,0.000000000,0.000000000,0.000000,0.000000000,0.000000000,0.000000,0.000000000,0.000000000
wheel,1780715157.928269863,3.979914188,0.000000000,0.000000000,0.000000000,0.000000,0.000000000,0.000000000,0.000000,0.000000000,0.000000000
wheel,1780715157.948235750,3.999880075,0.000000000,0.000000000,0.000000000,0.000000,0.000000000,0.000000000,0.000000,0.000000000,0.000000000
wheel,1780715157.968352556,4.019996881,0.000000000,0.000000000,0.000000000,0.000000,0.000000000,0.000000000,0.000000,0.000000000,0.000000000
wheel,1780715157.989899158,4.041543484,0.000000000,0.000000000,0.000000000,0.000000,0.000000000,0.000000000,0.000000,0.000000000,0.000000000
wheel,1780715158.008237362,4.059881687,0.000000000,0.000000000,0.000000000,0.000000,0.000000000,0.000000000,0.000000,0.000000000,0.000000000
wheel,1780715158.029177904,4.080822229,0.000000000,0.000000000,0.000000000,0.000000,0.000000000,0.000000000,0.000000,0.000000000,0.000000000
wheel,1780715158.048331499,4.099975824,0.000000000,0.000000000,0.000000000,0.000000,0.000000000,0.000000000,0.000000,0.000000000,0.000000000
wheel,1780715158.068269253,4.119913578,0.000000000,0.000000000,0.000000000,0.000000,0.000000000,0.000000000,0.000000,0.000000000,0.000000000
wheel,1780715158.088271618,4.139915943,0.000000000,0.000000000,0.000000000,0.000000,0.000000000,0.000000000,0.000000,0.000000000,0.000000000
rtabmap,1780715158.097559690,4.699727058,0.000309678,-0.000236779,-2.029667945,-116.291407,0.000148087,-0.000224531,0.002589,0.000723551,-0.000254981
wheel,1780715158.108309746,4.159954071,0.000000000,0.000000000,0.000000000,0.000000,0.000000000,0.000000000,0.000000,0.000000000,0.000000000
wheel,1780715158.128378153,4.180022478,0.000000000,0.000000000,0.000000000,0.000000,0.000000000,0.000000000,0.000000,0.000000000,0.000000000
wheel,1780715158.148259163,4.199903488,0.000000000,0.000000000,0.000000000,0.000000,0.000000000,0.000000000,0.000000,0.000000000,0.000000000
wheel,1780715158.168297768,4.219942093,0.000000000,0.000000000,0.000000000,0.000000,0.000000000,0.000000000,0.000000,0.000000000,0.000000000
wheel,1780715158.188309193,4.239953518,0.000000000,0.000000000,0.000000000,0.000000,0.000000000,0.000000000,0.000000,0.000000000,0.000000000
wheel,1780715158.208977938,4.260622263,0.000000000,0.000000000,0.000000000,0.000000,0.000000000,0.000000000,0.000000,0.000000000,0.000000000
wheel,1780715158.228343248,4.279987574,0.000000000,0.000000000,0.000000000,0.000000,0.000000000,0.000000000,0.000000,0.000000000,0.000000000
wheel,1780715158.248348236,4.299992561,0.000000000,0.000000000,0.000000000,0.000000,0.000000000,0.000000000,0.000000,0.000000000,0.000000000
wheel,1780715158.271250010,4.322894335,0.000000000,0.000000000,0.000000000,0.000000,0.000000000,0.000000000,0.000000,0.000000000,0.000000000
wheel,1780715158.288262367,4.339906693,0.000000000,0.000000000,0.000000000,0.000000,0.000000000,0.000000000,0.000000,0.000000000,0.000000000
wheel,1780715158.308317184,4.359961510,0.000000000,0.000000000,0.000000000,0.000000,0.000000000,0.000000000,0.000000,0.000000000,0.000000000
wheel,1780715158.328208208,4.379852533,0.000000000,0.000000000,0.000000000,0.000000,0.000000000,0.000000000,0.000000,0.000000000,0.000000000
wheel,1780715158.348296165,4.399940491,0.000000000,0.000000000,0.000000000,0.000000,0.000000000,0.000000000,0.000000,0.000000000,0.000000000
rtabmap,1780715158.364293814,4.966461182,0.000294393,0.000056302,-2.029726881,-116.294784,-0.000107898,-0.000368063,-0.000788,-0.000959727,-0.000220221
wheel,1780715158.368619680,4.420264006,0.000000000,0.000000000,0.000000000,0.000000,0.000000000,0.000000000,0.000000,0.000000000,0.000000000
wheel,1780715158.388303280,4.439947605,0.000000000,0.000000000,0.000000000,0.000000,0.000000000,0.000000000,0.000000,0.000000000,0.000000000
wheel,1780715158.408314705,4.459959030,0.000000000,0.000000000,0.000000000,0.000000,0.000000000,0.000000000,0.000000,0.000000000,0.000000000
wheel,1780715158.429010153,4.480654478,0.000000000,0.000000000,0.000000000,0.000000,0.000000000,0.000000000,0.000000,0.000000000,0.000000000
wheel,1780715158.448248386,4.499892712,0.000000000,0.000000000,0.000000000,0.000000,0.000000000,0.000000000,0.000000,0.000000000,0.000000000
wheel,1780715158.468292713,4.519937038,0.000000000,0.000000000,0.000000000,0.000000,0.000000000,0.000000000,0.000000,0.000000000,0.000000000
wheel,1780715158.488318443,4.539962769,0.000000000,0.000000000,0.000000000,0.000000,0.000000000,0.000000000,0.000000,0.000000000,0.000000000
wheel,1780715158.510210037,4.561854362,0.000000000,0.000000000,0.000000000,0.000000,0.000000000,0.000000000,0.000000,0.000000000,0.000000000
wheel,1780715158.528264761,4.579909086,0.000000000,0.000000000,0.000000000,0.000000,0.000000000,0.000000000,0.000000,0.000000000,0.000000000
wheel,1780715158.548467159,4.600111485,0.000000000,0.000000000,0.000000000,0.000000,0.000000000,0.000000000,0.000000,0.000000000,0.000000000
wheel,1780715158.569075584,4.620719910,0.000000000,0.000000000,0.000000000,0.000000,0.000000000,0.000000000,0.000000,0.000000000,0.000000000
wheel,1780715158.588292122,4.639936447,0.000000000,0.000000000,0.000000000,0.000000,0.000000000,0.000000000,0.000000,0.000000000,0.000000000
wheel,1780715158.608268499,4.659912825,0.000000000,0.000000000,0.000000000,0.000000,0.000000000,0.000000000,0.000000,0.000000000,0.000000000
wheel,1780715158.628288746,4.679933071,0.000000000,0.000000000,0.000000000,0.000000,0.000000000,0.000000000,0.000000,0.000000000,0.000000000
rtabmap,1780715158.630928516,5.233095884,0.000211261,-0.000143004,-2.029647267,-116.290222,0.000107612,-0.000354305,0.003773,0.000808259,0.000297649
wheel,1780715158.648258924,4.699903250,0.000000000,0.000000000,0.000000000,0.000000,0.000000000,0.000000000,0.000000,0.000000000,0.000000000
wheel,1780715158.668275118,4.719919443,0.000000000,0.000000000,0.000000000,0.000000,0.000000000,0.000000000,0.000000,0.000000000,0.000000000
wheel,1780715158.688245535,4.739889860,0.000000000,0.000000000,0.000000000,0.000000,0.000000000,0.000000000,0.000000,0.000000000,0.000000000
wheel,1780715158.708224773,4.759869099,0.000000000,0.000000000,0.000000000,0.000000,0.000000000,0.000000000,0.000000,0.000000000,0.000000000
wheel,1780715158.728252411,4.779896736,0.000000000,0.000000000,0.000000000,0.000000,0.000000000,0.000000000,0.000000,0.000000000,0.000000000
wheel,1780715158.748945951,4.800590277,0.000000000,0.000000000,0.000000000,0.000000,0.000000000,0.000000000,0.000000,0.000000000,0.000000000
wheel,1780715158.769243002,4.820887327,0.000000000,0.000000000,0.000000000,0.000000,0.000000000,0.000000000,0.000000,0.000000000,0.000000000
wheel,1780715158.788339138,4.839983463,0.000000000,0.000000000,0.000000000,0.000000,0.000000000,0.000000000,0.000000,0.000000000,0.000000000
wheel,1780715158.811149836,4.862794161,0.000000000,0.000000000,0.000000000,0.000000,0.000000000,0.000000000,0.000000,0.000000000,0.000000000
wheel,1780715158.828252316,4.879896641,0.000000000,0.000000000,0.000000000,0.000000,0.000000000,0.000000000,0.000000,0.000000000,0.000000000
wheel,1780715158.848261356,4.899905682,0.000000000,0.000000000,0.000000000,0.000000,0.000000000,0.000000000,0.000000,0.000000000,0.000000000
wheel,1780715158.868572950,4.920217276,0.000000000,0.000000000,0.000000000,0.000000,0.000000000,0.000000000,0.000000,0.000000000,0.000000000
wheel,1780715158.888275385,4.939919710,0.000000000,0.000000000,0.000000000,0.000000,0.000000000,0.000000000,0.000000,0.000000000,0.000000000
wheel,1780715158.908361197,4.960005522,0.000000000,0.000000000,0.000000000,0.000000,0.000000000,0.000000000,0.000000,0.000000000,0.000000000
wheel,1780715158.928265810,4.979910135,0.000000000,0.000000000,0.000000000,0.000000,0.000000000,0.000000000,0.000000,0.000000000,0.000000000
wheel,1780715158.948262691,4.999907017,0.000000000,0.000000000,0.000000000,0.000000,0.000000000,0.000000000,0.000000,0.000000000,0.000000000
wheel,1780715158.968493700,5.020138025,0.000000000,0.000000000,0.000000000,0.000000,0.000000000,0.000000000,0.000000,0.000000000,0.000000000
wheel,1780715158.988976717,5.040621042,0.000000000,0.000000000,0.000000000,0.000000,0.000000000,0.000000000,0.000000,0.000000000,0.000000000
rtabmap,1780715158.997881651,5.600049019,0.000378489,-0.000086627,-2.029646712,-116.290191,-0.000017011,-0.000229353,0.003805,-0.000339592,0.000002193
wheel,1780715159.008326530,5.059970856,0.000000000,0.000000000,0.000000000,0.000000,0.000000000,0.000000000,0.000000,0.000000000,0.000000000
wheel,1780715159.029081821,5.080726147,0.000000000,0.000000000,0.000000000,0.000000,0.000000000,0.000000000,0.000000,0.000000000,0.000000000
wheel,1780715159.051444530,5.103088856,0.000000000,0.000000000,0.000000000,0.000000,0.000000000,0.000000000,0.000000,0.000000000,0.000000000
wheel,1780715159.069583893,5.121228218,0.000000000,0.000000000,0.000000000,0.000000,0.000000000,0.000000000,0.000000,0.000000000,0.000000000
wheel,1780715159.088292122,5.139936447,0.000000000,0.000000000,0.000000000,0.000000,0.000000000,0.000000000,0.000000,0.000000000,0.000000000
wheel,1780715159.109573126,5.161217451,0.000000000,0.000000000,0.000000000,0.000000,0.000000000,0.000000000,0.000000,0.000000000,0.000000000
wheel,1780715159.128585815,5.180230141,0.000000000,0.000000000,0.000000000,0.000000,0.000000000,0.000000000,0.000000,0.000000000,0.000000000
wheel,1780715159.151047230,5.202691555,0.000000000,0.000000000,0.000000000,0.000000,0.000000000,0.000000000,0.000000,0.000000000,0.000000000
wheel,1780715159.168265104,5.219909430,0.000000000,0.000000000,0.000000000,0.000000,0.000000000,0.000000000,0.000000,0.000000000,0.000000000
wheel,1780715159.188307524,5.239951849,0.000000000,0.000000000,0.000000000,0.000000,0.000000000,0.000000000,0.000000,0.000000000,0.000000000
wheel,1780715159.208237886,5.259882212,0.000000000,0.000000000,0.000000000,0.000000,0.000000000,0.000000000,0.000000,0.000000000,0.000000000
wheel,1780715159.228415251,5.280059576,0.000000000,0.000000000,0.000000000,0.000000,0.000000000,0.000000000,0.000000,0.000000000,0.000000000
wheel,1780715159.248262644,5.299906969,0.000000000,0.000000000,0.000000000,0.000000,0.000000000,0.000000000,0.000000,0.000000000,0.000000000
wheel,1780715159.269162655,5.320806980,0.000000000,0.000000000,0.000000000,0.000000,0.000000000,0.000000000,0.000000,0.000000000,0.000000000
wheel,1780715159.288262844,5.339907169,0.000000000,0.000000000,0.000000000,0.000000,0.000000000,0.000000000,0.000000,0.000000000,0.000000000
rtabmap,1780715159.297767639,5.899935007,-0.000253624,0.000070129,-2.029530204,-116.283515,0.000122464,-0.000865504,0.010481,0.000464953,0.000389863
wheel,1780715159.308310032,5.359954357,0.000000000,0.000000000,0.000000000,0.000000,0.000000000,0.000000000,0.000000,0.000000000,0.000000000
wheel,1780715159.328292370,5.379936695,0.000000000,0.000000000,0.000000000,0.000000,0.000000000,0.000000000,0.000000,0.000000000,0.000000000
wheel,1780715159.350231647,5.401875973,0.000000000,0.000000000,0.000000000,0.000000,0.000000000,0.000000000,0.000000,0.000000000,0.000000000
wheel,1780715159.368610620,5.420254946,0.000000000,0.000000000,0.000000000,0.000000,0.000000000,0.000000000,0.000000,0.000000000,0.000000000
wheel,1780715159.388240099,5.439884424,0.000000000,0.000000000,0.000000000,0.000000,0.000000000,0.000000000,0.000000,0.000000000,0.000000000
wheel,1780715159.409713745,5.461358070,0.000000000,0.000000000,0.000000000,0.000000,0.000000000,0.000000000,0.000000,0.000000000,0.000000000
wheel,1780715159.428255081,5.479899406,0.000000000,0.000000000,0.000000000,0.000000,0.000000000,0.000000000,0.000000,0.000000000,0.000000000
wheel,1780715159.449205399,5.500849724,0.000000000,0.000000000,0.000000000,0.000000,0.000000000,0.000000000,0.000000,0.000000000,0.000000000
wheel,1780715159.468255043,5.519899368,0.000000000,0.000000000,0.000000000,0.000000,0.000000000,0.000000000,0.000000,0.000000000,0.000000000
wheel,1780715159.488280535,5.539924860,0.000000000,0.000000000,0.000000000,0.000000,0.000000000,0.000000000,0.000000,0.000000000,0.000000000
wheel,1780715159.508330107,5.559974432,0.000000000,0.000000000,0.000000000,0.000000,0.000000000,0.000000000,0.000000,0.000000000,0.000000000
wheel,1780715159.528586864,5.580231190,0.000000000,0.000000000,0.000000000,0.000000,0.000000000,0.000000000,0.000000,0.000000000,0.000000000
wheel,1780715159.548401594,5.600045919,0.000000000,0.000000000,0.000000000,0.000000,0.000000000,0.000000000,0.000000,0.000000000,0.000000000
wheel,1780715159.568245649,5.619889975,0.000000000,0.000000000,0.000000000,0.000000,0.000000000,0.000000000,0.000000,0.000000000,0.000000000
wheel,1780715159.588305473,5.639949799,0.000000000,0.000000000,0.000000000,0.000000,0.000000000,0.000000000,0.000000,0.000000000,0.000000000
wheel,1780715159.608253956,5.659898281,0.000000000,0.000000000,0.000000000,0.000000,0.000000000,0.000000000,0.000000,0.000000000,0.000000000
wheel,1780715159.628256559,5.679900885,0.000000000,0.000000000,0.000000000,0.000000,0.000000000,0.000000000,0.000000,0.000000000,0.000000000
wheel,1780715159.648265839,5.699910164,0.000000000,0.000000000,0.000000000,0.000000,0.000000000,0.000000000,0.000000,0.000000000,0.000000000
rtabmap,1780715159.664764643,6.266932011,-0.000018051,-0.000032845,-2.029572888,-116.285961,0.000110430,-0.000608689,0.008035,-0.000032662,-0.000114744
wheel,1780715159.669289351,5.720933676,0.000000000,0.000000000,0.000000000,0.000000,0.000000000,0.000000000,0.000000,0.000000000,0.000000000
wheel,1780715159.688409328,5.740053654,0.000000000,0.000000000,0.000000000,0.000000,0.000000000,0.000000000,0.000000,0.000000000,0.000000000
wheel,1780715159.708246946,5.759891272,0.000000000,0.000000000,0.000000000,0.000000,0.000000000,0.000000000,0.000000,0.000000000,0.000000000
wheel,1780715159.728272676,5.779917002,0.000000000,0.000000000,0.000000000,0.000000,0.000000000,0.000000000,0.000000,0.000000000,0.000000000
wheel,1780715159.749414921,5.801059246,0.000000000,0.000000000,0.000000000,0.000000,0.000000000,0.000000000,0.000000,0.000000000,0.000000000
wheel,1780715159.768627882,5.820272207,0.000000000,0.000000000,0.000000000,0.000000,0.000000000,0.000000000,0.000000,0.000000000,0.000000000
wheel,1780715159.788418770,5.840063095,0.000000000,0.000000000,0.000000000,0.000000,0.000000000,0.000000000,0.000000,0.000000000,0.000000000
wheel,1780715159.808610439,5.860254765,0.000000000,0.000000000,0.000000000,0.000000,0.000000000,0.000000000,0.000000,0.000000000,0.000000000
wheel,1780715159.828263998,5.879908323,0.000000000,0.000000000,0.000000000,0.000000,0.000000000,0.000000000,0.000000,0.000000000,0.000000000
wheel,1780715159.849710941,5.901355267,0.000000000,0.000000000,0.000000000,0.000000,0.000000000,0.000000000,0.000000,0.000000000,0.000000000
wheel,1780715159.868248940,5.919893265,0.000000000,0.000000000,0.000000000,0.000000,0.000000000,0.000000000,0.000000,0.000000000,0.000000000
wheel,1780715159.888298273,5.939942598,0.000000000,0.000000000,0.000000000,0.000000,0.000000000,0.000000000,0.000000,0.000000000,0.000000000
wheel,1780715159.908331394,5.959975719,0.000000000,0.000000000,0.000000000,0.000000,0.000000000,0.000000000,0.000000,0.000000000,0.000000000
wheel,1780715159.928390741,5.980035067,0.000000000,0.000000000,0.000000000,0.000000,0.000000000,0.000000000,0.000000,0.000000000,0.000000000
rtabmap,1780715159.931181431,6.533348799,-0.000383989,0.000384942,-2.029615118,-116.288380,-0.000102027,-0.001121834,0.005615,-0.000797732,-0.000157168
wheel,1780715159.949216843,6.000861168,0.000000000,0.000000000,0.000000000,0.000000,0.000000000,0.000000000,0.000000,0.000000000,0.000000000
wheel,1780715159.970577240,6.022221565,0.000000000,0.000000000,0.000000000,0.000000,0.000000000,0.000000000,0.000000,0.000000000,0.000000000
wheel,1780715159.988292694,6.039937019,0.000000000,0.000000000,0.000000000,0.000000,0.000000000,0.000000000,0.000000,0.000000000,0.000000000
wheel,1780715160.008727312,6.060371637,0.000000000,0.000000000,0.000000000,0.000000,0.000000000,0.000000000,0.000000,0.000000000,0.000000000
wheel,1780715160.028245926,6.079890251,0.000000000,0.000000000,0.000000000,0.000000,0.000000000,0.000000000,0.000000,0.000000000,0.000000000
wheel,1780715160.051159859,6.102804184,0.000000000,0.000000000,0.000000000,0.000000,0.000000000,0.000000000,0.000000,0.000000000,0.000000000
wheel,1780715160.068277836,6.119922161,0.000000000,0.000000000,0.000000000,0.000000,0.000000000,0.000000000,0.000000,0.000000000,0.000000000
wheel,1780715160.088427544,6.140071869,0.000000000,0.000000000,0.000000000,0.000000,0.000000000,0.000000000,0.000000,0.000000000,0.000000000
wheel,1780715160.108241558,6.159885883,0.000000000,0.000000000,0.000000000,0.000000,0.000000000,0.000000000,0.000000,0.000000000,0.000000000
wheel,1780715160.128237486,6.179881811,0.000000000,0.000000000,0.000000000,0.000000,0.000000000,0.000000000,0.000000,0.000000000,0.000000000
wheel,1780715160.148412943,6.200057268,0.000000000,0.000000000,0.000000000,0.000000,0.000000000,0.000000000,0.000000,0.000000000,0.000000000
wheel,1780715160.168269634,6.219913960,0.000000000,0.000000000,0.000000000,0.000000,0.000000000,0.000000000,0.000000,0.000000000,0.000000000
wheel,1780715160.188271999,6.239916325,0.000000000,0.000000000,0.000000000,0.000000,0.000000000,0.000000000,0.000000,0.000000000,0.000000000
rtabmap,1780715160.197504520,6.799671888,0.000498128,-0.000183267,-2.029580379,-116.286390,0.000016633,-0.000079284,0.007606,0.000445935,0.000130591
wheel,1780715160.208266497,6.259910822,0.000000000,0.000000000,0.000000000,0.000000,0.000000000,0.000000000,0.000000,0.000000000,0.000000000
wheel,1780715160.228242874,6.279887199,0.000000000,0.000000000,0.000000000,0.000000,0.000000000,0.000000000,0.000000,0.000000000,0.000000000
wheel,1780715160.248276711,6.299921036,0.000000000,0.000000000,0.000000000,0.000000,0.000000000,0.000000000,0.000000,0.000000000,0.000000000
wheel,1780715160.268312931,6.319957256,0.000000000,0.000000000,0.000000000,0.000000,0.000000000,0.000000000,0.000000,0.000000000,0.000000000
wheel,1780715160.288279533,6.339923859,0.000000000,0.000000000,0.000000000,0.000000,0.000000000,0.000000000,0.000000,0.000000000,0.000000000
wheel,1780715160.308254957,6.359899282,0.000000000,0.000000000,0.000000000,0.000000,0.000000000,0.000000000,0.000000,0.000000000,0.000000000
wheel,1780715160.328337669,6.379981995,0.000000000,0.000000000,0.000000000,0.000000,0.000000000,0.000000000,0.000000,0.000000000,0.000000000
wheel,1780715160.348411560,6.400055885,0.000000000,0.000000000,0.000000000,0.000000,0.000000000,0.000000000,0.000000,0.000000000,0.000000000
wheel,1780715160.368254900,6.419899225,0.000000000,0.000000000,0.000000000,0.000000,0.000000000,0.000000000,0.000000,0.000000000,0.000000000
wheel,1780715160.388257504,6.439901829,0.000000000,0.000000000,0.000000000,0.000000,0.000000000,0.000000000,0.000000,0.000000000,0.000000000
wheel,1780715160.408300161,6.459944487,0.000000000,0.000000000,0.000000000,0.000000,0.000000000,0.000000000,0.000000,0.000000000,0.000000000
wheel,1780715160.428261757,6.479906082,0.000000000,0.000000000,0.000000000,0.000000,0.000000000,0.000000000,0.000000,0.000000000,0.000000000
wheel,1780715160.448243856,6.499888182,0.000000000,0.000000000,0.000000000,0.000000,0.000000000,0.000000000,0.000000,0.000000000,0.000000000
wheel,1780715160.468257666,6.519901991,0.000000000,0.000000000,0.000000000,0.000000,0.000000000,0.000000000,0.000000,0.000000000,0.000000000
wheel,1780715160.488279104,6.539923429,0.000000000,0.000000000,0.000000000,0.000000,0.000000000,0.000000000,0.000000,0.000000000,0.000000000
rtabmap,1780715160.498044968,7.100212336,-0.000344941,0.000353259,-2.029526455,-116.283300,-0.000090919,-0.001072792,0.010695,-0.000358303,0.000180178
wheel,1780715160.508286715,6.559931040,0.000000000,0.000000000,0.000000000,0.000000,0.000000000,0.000000000,0.000000,0.000000000,0.000000000
wheel,1780715160.528354168,6.579998493,0.000000000,0.000000000,0.000000000,0.000000,0.000000000,0.000000000,0.000000,0.000000000,0.000000000
wheel,1780715160.548282862,6.599927187,0.000000000,0.000000000,0.000000000,0.000000,0.000000000,0.000000000,0.000000,0.000000000,0.000000000
wheel,1780715160.568258286,6.619902611,0.000000000,0.000000000,0.000000000,0.000000,0.000000000,0.000000000,0.000000,0.000000000,0.000000000
wheel,1780715160.588234663,6.639878988,0.000000000,0.000000000,0.000000000,0.000000,0.000000000,0.000000000,0.000000,0.000000000,0.000000000
wheel,1780715160.608289480,6.659933805,0.000000000,0.000000000,0.000000000,0.000000,0.000000000,0.000000000,0.000000,0.000000000,0.000000000
wheel,1780715160.628250360,6.679894686,0.000000000,0.000000000,0.000000000,0.000000,0.000000000,0.000000000,0.000000,0.000000000,0.000000000
wheel,1780715160.650470018,6.702114344,0.000000000,0.000000000,0.000000000,0.000000,0.000000000,0.000000000,0.000000,0.000000000,0.000000000
wheel,1780715160.668807507,6.720451832,0.000000000,0.000000000,0.000000000,0.000000,0.000000000,0.000000000,0.000000,0.000000000,0.000000000
wheel,1780715160.688280344,6.739924669,0.000000000,0.000000000,0.000000000,0.000000,0.000000000,0.000000000,0.000000,0.000000000,0.000000000
wheel,1780715160.708268166,6.759912491,0.000000000,0.000000000,0.000000000,0.000000,0.000000000,0.000000000,0.000000,0.000000000,0.000000000
wheel,1780715160.728276253,6.779920578,0.000000000,0.000000000,0.000000000,0.000000,0.000000000,0.000000000,0.000000,0.000000000,0.000000000
wheel,1780715160.748338938,6.799983263,0.000000000,0.000000000,0.000000000,0.000000,0.000000000,0.000000000,0.000000,0.000000000,0.000000000
rtabmap,1780715160.764347792,7.366515160,0.000091972,-0.000166419,-2.029635954,-116.289574,0.000181446,-0.000450879,0.004422,0.001023205,-0.000411499
wheel,1780715160.768262863,6.819907188,0.000000000,0.000000000,0.000000000,0.000000,0.000000000,0.000000000,0.000000,0.000000000,0.000000000
wheel,1780715160.788263798,6.839908123,0.000000000,0.000000000,0.000000000,0.000000,0.000000000,0.000000000,0.000000,0.000000000,0.000000000
wheel,1780715160.810203075,6.861847401,0.000000000,0.000000000,0.000000000,0.000000,0.000000000,0.000000000,0.000000,0.000000000,0.000000000
wheel,1780715160.830126047,6.881770372,0.000000000,0.000000000,0.000000000,0.000000,0.000000000,0.000000000,0.000000,0.000000000,0.000000000
wheel,1780715160.848242044,6.899886370,0.000000000,0.000000000,0.000000000,0.000000,0.000000000,0.000000000,0.000000,0.000000000,0.000000000
wheel,1780715160.868384123,6.920028448,0.000000000,0.000000000,0.000000000,0.000000,0.000000000,0.000000000,0.000000,0.000000000,0.000000000
wheel,1780715160.888638258,6.940282583,0.000000000,0.000000000,0.000000000,0.000000,0.000000000,0.000000000,0.000000,0.000000000,0.000000000
wheel,1780715160.908302069,6.959946394,0.000000000,0.000000000,0.000000000,0.000000,0.000000000,0.000000000,0.000000,0.000000000,0.000000000
wheel,1780715160.928287506,6.979931831,0.000000000,0.000000000,0.000000000,0.000000,0.000000000,0.000000000,0.000000,0.000000000,0.000000000
wheel,1780715160.948247910,6.999892235,0.000000000,0.000000000,0.000000000,0.000000,0.000000000,0.000000000,0.000000,0.000000000,0.000000000
wheel,1780715160.968344927,7.019989252,0.000000000,0.000000000,0.000000000,0.000000,0.000000000,0.000000000,0.000000,0.000000000,0.000000000
wheel,1780715160.988290071,7.039934397,0.000000000,0.000000000,0.000000000,0.000000,0.000000000,0.000000000,0.000000,0.000000000,0.000000000
wheel,1780715161.008240938,7.059885263,0.000000000,0.000000000,0.000000000,0.000000,0.000000000,0.000000000,0.000000,0.000000000,0.000000000
wheel,1780715161.028368473,7.080012798,0.000000000,0.000000000,0.000000000,0.000000,0.000000000,0.000000000,0.000000,0.000000000,0.000000000
wheel,1780715161.048251152,7.099895477,0.000000000,0.000000000,0.000000000,0.000000,0.000000000,0.000000000,0.000000,0.000000000,0.000000000
rtabmap,1780715161.064219236,7.666386604,0.000209994,-0.000107110,-2.029602773,-116.287673,0.000075993,-0.000371341,0.006323,-0.000351642,0.000111409
wheel,1780715161.068395376,7.120039701,0.000000000,0.000000000,0.000000000,0.000000,0.000000000,0.000000000,0.000000,0.000000000,0.000000000
wheel,1780715161.088400364,7.140044689,0.000000000,0.000000000,0.000000000,0.000000,0.000000000,0.000000000,0.000000,0.000000000,0.000000000
wheel,1780715161.108757734,7.160402060,0.000000000,0.000000000,0.000000000,0.000000,0.000000000,0.000000000,0.000000,0.000000000,0.000000000
wheel,1780715161.128365755,7.180010080,0.000000000,0.000000000,0.000000000,0.000000,0.000000000,0.000000000,0.000000,0.000000000,0.000000000
wheel,1780715161.148814440,7.200458765,0.000000000,0.000000000,0.000000000,0.000000,0.000000000,0.000000000,0.000000,0.000000000,0.000000000
wheel,1780715161.168452501,7.220096827,0.000000000,0.000000000,0.000000000,0.000000,0.000000000,0.000000000,0.000000,0.000000000,0.000000000
wheel,1780715161.189223289,7.240867615,0.000000000,0.000000000,0.000000000,0.000000,0.000000000,0.000000000,0.000000,0.000000000,0.000000000
wheel,1780715161.208416700,7.260061026,0.000000000,0.000000000,0.000000000,0.000000,0.000000000,0.000000000,0.000000,0.000000000,0.000000000
wheel,1780715161.228267908,7.279912233,0.000000000,0.000000000,0.000000000,0.000000,0.000000000,0.000000000,0.000000,0.000000000,0.000000000
wheel,1780715161.248256207,7.299900532,0.000000000,0.000000000,0.000000000,0.000000,0.000000000,0.000000000,0.000000,0.000000000,0.000000000
wheel,1780715161.268261909,7.319906235,0.000000000,0.000000000,0.000000000,0.000000,0.000000000,0.000000000,0.000000,0.000000000,0.000000000
wheel,1780715161.288296938,7.339941263,0.000000000,0.000000000,0.000000000,0.000000,0.000000000,0.000000000,0.000000,0.000000000,0.000000000
rtabmap,1780715161.297653437,7.899820805,0.000620469,-0.000270025,-2.029683862,-116.292319,0.000040221,0.000068831,0.001677,-0.000153035,-0.000347515
wheel,1780715161.308306694,7.359951019,0.000000000,0.000000000,0.000000000,0.000000,0.000000000,0.000000000,0.000000,0.000000000,0.000000000
wheel,1780715161.328318357,7.379962683,0.000000000,0.000000000,0.000000000,0.000000,0.000000000,0.000000000,0.000000,0.000000000,0.000000000
wheel,1780715161.348609447,7.400253773,0.000000000,0.000000000,0.000000000,0.000000,0.000000000,0.000000000,0.000000,0.000000000,0.000000000
wheel,1780715161.368263245,7.419907570,0.000000000,0.000000000,0.000000000,0.000000,0.000000000,0.000000000,0.000000,0.000000000,0.000000000
wheel,1780715161.388246059,7.439890385,0.000000000,0.000000000,0.000000000,0.000000,0.000000000,0.000000000,0.000000,0.000000000,0.000000000
wheel,1780715161.408277750,7.459922075,0.000000000,0.000000000,0.000000000,0.000000,0.000000000,0.000000000,0.000000,0.000000000,0.000000000
wheel,1780715161.428273201,7.479917526,0.000000000,0.000000000,0.000000000,0.000000,0.000000000,0.000000000,0.000000,0.000000000,0.000000000
wheel,1780715161.448257923,7.499902248,0.000000000,0.000000000,0.000000000,0.000000,0.000000000,0.000000000,0.000000,0.000000000,0.000000000
wheel,1780715161.468908787,7.520553112,0.000000000,0.000000000,0.000000000,0.000000,0.000000000,0.000000000,0.000000,0.000000000,0.000000000
wheel,1780715161.488565207,7.540209532,0.000000000,0.000000000,0.000000000,0.000000,0.000000000,0.000000000,0.000000,0.000000000,0.000000000
wheel,1780715161.508264303,7.559908628,0.000000000,0.000000000,0.000000000,0.000000,0.000000000,0.000000000,0.000000,0.000000000,0.000000000
wheel,1780715161.528246164,7.579890490,0.000000000,0.000000000,0.000000000,0.000000,0.000000000,0.000000000,0.000000,0.000000000,0.000000000
wheel,1780715161.548306227,7.599950552,0.000000000,0.000000000,0.000000000,0.000000,0.000000000,0.000000000,0.000000,0.000000000,0.000000000
wheel,1780715161.568305492,7.619949818,0.000000000,0.000000000,0.000000000,0.000000,0.000000000,0.000000000,0.000000,0.000000000,0.000000000
wheel,1780715161.588272333,7.639916658,-0.000072864,0.000000017,-0.000462629,-0.026507,-0.000072864,0.000000017,-0.026507,-0.000182515,-0.000231765
rtabmap,1780715161.597679377,8.199846745,0.000316201,-0.000086994,-2.029625817,-116.288993,0.000010911,-0.000285034,0.005002,-0.000097726,0.000195387
wheel,1780715161.608265400,7.659909725,-0.000072864,0.000000017,-0.000462629,-0.026507,-0.000072864,0.000000017,-0.026507,-0.000173389,-0.000229447
wheel,1780715161.631618738,7.683263063,-0.000072864,0.000000017,-0.000462629,-0.026507,-0.000072864,0.000000017,-0.026507,-0.000164720,-0.000227153
wheel,1780715161.648356915,7.700001240,-0.000218592,0.000000084,-0.000462629,-0.026507,-0.000218592,0.000000084,-0.026507,-0.000591664,-0.000224881
wheel,1780715161.668199062,7.719843388,-0.000218592,0.000000084,-0.000462629,-0.026507,-0.000218592,0.000000084,-0.026507,-0.000562081,-0.000222633
wheel,1780715161.688247204,7.739891529,-0.000218592,0.000000084,-0.000462629,-0.026507,-0.000218592,0.000000084,-0.026507,-0.000533977,-0.000220406
wheel,1780715161.708282232,7.759926558,-0.000364320,0.000000152,-0.000462629,-0.026507,-0.000364320,0.000000152,-0.026507,-0.000870970,-0.000218202
wheel,1780715161.728802919,7.780447245,-0.000364320,0.000000152,-0.000462629,-0.026507,-0.000364320,0.000000152,-0.026507,-0.000827422,-0.000216020
wheel,1780715161.748282671,7.799926996,-0.000874369,0.000000506,-0.000925258,-0.053013,-0.000874369,0.000000506,-0.053013,-0.002095099,-0.000451329
wheel,1780715161.768462420,7.820106745,-0.000874369,0.000000506,-0.000925258,-0.053013,-0.000874369,0.000000506,-0.053013,-0.001990344,-0.000446816
wheel,1780715161.788406849,7.840051174,-0.001530145,0.000001567,-0.002313146,-0.132533,-0.001530145,0.000001567,-0.132533,-0.003534680,-0.001138158
wheel,1780715161.808263302,7.859907627,-0.001967328,0.000002579,-0.002313146,-0.132533,-0.001967328,0.000002579,-0.132533,-0.004459152,-0.001126777
wheel,1780715161.828241110,7.879885435,-0.002550239,0.000003927,-0.002313146,-0.132533,-0.002550239,0.000003927,-0.132533,-0.005694416,-0.001115509
wheel,1780715161.848234892,7.899879217,-0.003278878,0.000005613,-0.002313146,-0.132533,-0.003278878,0.000005613,-0.132533,-0.007231712,-0.001104354
wheel,1780715161.868317604,7.919961929,-0.003278878,0.000005613,-0.002313146,-0.132533,-0.003278878,0.000005613,-0.132533,-0.006870127,-0.001093310
wheel,1780715161.888267517,7.939911842,-0.004809021,0.000008798,-0.001850517,-0.106027,-0.004809021,0.000008798,-0.106027,-0.010361864,-0.000850465
wheel,1780715161.908321619,7.959965944,-0.005756252,0.000010770,-0.002313146,-0.132533,-0.005756252,0.000010770,-0.132533,-0.012206027,-0.001072706
wheel,1780715161.928331137,7.979975462,-0.006776347,0.000013130,-0.002313146,-0.132533,-0.006776347,0.000013130,-0.132533,-0.014151639,-0.001061979
rtabmap,1780715161.931071043,8.533238411,-0.002690103,-0.002405517,-2.027311402,-116.156387,0.003421267,-0.001953232,0.137609,0.010228838,0.006942673
wheel,1780715161.948319435,7.999963760,-0.008015032,0.000016281,-0.002775775,-0.159040,-0.008015032,0.000016281,-0.159040,-0.016540636,-0.001282663
wheel,1780715161.968289852,8.019934177,-0.008015032,0.000016281,-0.002775775,-0.159040,-0.008015032,0.000016281,-0.159040,-0.015713604,-0.001269836
wheel,1780715161.988263369,8.039907694,-0.011148169,0.000027153,-0.004163662,-0.238560,-0.011148169,0.000027153,-0.238560,-0.022770638,-0.001951952
wheel,1780715162.008256435,8.059900761,-0.013115477,0.000036709,-0.005551550,-0.318080,-0.013115477,0.000036709,-0.318080,-0.026556425,-0.002627222
wheel,1780715162.028318882,8.079963207,-0.013115477,0.000036709,-0.005551550,-0.318080,-0.013115477,0.000036709,-0.318080,-0.025228604,-0.002600950
wheel,1780715162.048272133,8.099916458,-0.017778666,0.000069070,-0.008327325,-0.477121,-0.017778666,0.000069070,-0.477121,-0.035652882,-0.003966096
wheel,1780715162.068651438,8.120295763,-0.017778666,0.000069070,-0.008327325,-0.477121,-0.017778666,0.000069070,-0.477121,-0.033870238,-0.003926435
wheel,1780715162.088291168,8.139935493,-0.022951784,0.000118132,-0.010640471,-0.609654,-0.022951784,0.000118132,-0.609654,-0.045347351,-0.005064960
wheel,1780715162.108247280,8.159891605,-0.025866183,0.000149144,-0.010640471,-0.609654,-0.025866183,0.000149144,-0.609654,-0.050381720,-0.005014310
wheel,1780715162.128277779,8.179922104,-0.028780582,0.000180156,-0.010640471,-0.609654,-0.028780582,0.000180156,-0.609654,-0.055138382,-0.004964167
wheel,1780715162.148364782,8.200009108,-0.031767848,0.000211252,-0.010177841,-0.583147,-0.031767848,0.000211252,-0.583147,-0.059818478,-0.004684188
wheel,1780715162.168333054,8.219977379,-0.031767848,0.000211252,-0.010177841,-0.583147,-0.031767848,0.000211252,-0.583147,-0.056827554,-0.004637346
wheel,1780715162.188264132,8.239908457,-0.038252460,0.000272753,-0.008789954,-0.503627,-0.038252460,0.000272753,-0.503627,-0.070233120,-0.003895544
wheel,1780715162.208285570,8.259929895,-0.040656887,0.000293332,-0.008327325,-0.477121,-0.040656887,0.000293332,-0.477121,-0.072727173,-0.003625489
wheel,1780715162.228263617,8.279907942,-0.043644217,0.000317518,-0.007864696,-0.450614,-0.043644217,0.000317518,-0.450614,-0.076567056,-0.003357682
rtabmap,1780715162.230987072,8.833154440,-0.017709980,-0.036480267,-2.021158303,-115.803841,0.040623863,-0.000324706,0.490155,0.124056056,0.020516226
wheel,1780715162.248588562,8.300232887,-0.043644217,0.000317518,-0.007864696,-0.450614,-0.043644217,0.000317518,-0.450614,-0.072738703,-0.003324105
wheel,1780715162.268493176,8.320137501,-0.046485834,0.000339210,-0.007402067,-0.424107,-0.046485834,0.000339210,-0.424107,-0.076238609,-0.003058488
wheel,1780715162.288294077,8.339938402,-0.052096206,0.000382037,-0.007864696,-0.450614,-0.052096206,0.000382037,-0.450614,-0.086596099,-0.003261578
wheel,1780715162.309523582,8.361167908,-0.054282053,0.000400239,-0.008789954,-0.503627,-0.054282053,0.000400239,-0.503627,-0.087414260,-0.003664768
wheel,1780715162.329252720,8.380897045,-0.056832181,0.000424425,-0.010177841,-0.583147,-0.056832181,0.000424425,-0.583147,-0.089507389,-0.004331668
wheel,1780715162.348274946,8.399919271,-0.059163711,0.000448156,-0.010177841,-0.583147,-0.059163711,0.000448156,-0.583147,-0.091159775,-0.004288352
wheel,1780715162.368286371,8.419930696,-0.059163711,0.000448156,-0.010177841,-0.583147,-0.059163711,0.000448156,-0.583147,-0.086601786,-0.004245468
wheel,1780715162.388268471,8.439912796,-0.063753878,0.000498061,-0.011565729,-0.662667,-0.063753878,0.000498061,-0.662667,-0.093758346,-0.004897595
wheel,1780715162.408905268,8.460549593,-0.063753878,0.000498061,-0.011565729,-0.662667,-0.063753878,0.000498061,-0.662667,-0.089070429,-0.004848619
wheel,1780715162.428244114,8.479888439,-0.068125431,0.000548624,-0.011565729,-0.662667,-0.068125431,0.000548624,-0.662667,-0.095920460,-0.004800133
wheel,1780715162.448254347,8.499898672,-0.070384073,0.000574225,-0.011103100,-0.636161,-0.070384073,0.000574225,-0.636161,-0.096768517,-0.004520936
wheel,1780715162.469172716,8.520817041,-0.070384073,0.000574225,-0.011103100,-0.636161,-0.070384073,0.000574225,-0.636161,-0.091930091,-0.004475726
wheel,1780715162.488247395,8.539891720,-0.075192854,0.000623170,-0.009252583,-0.530134,-0.075192854,0.000623170,-0.530134,-0.099936704,-0.003461032
wheel,1780715162.508267879,8.559912205,-0.077305826,0.000642232,-0.008789954,-0.503627,-0.077305826,0.000642232,-0.503627,-0.100218179,-0.003195297
wheel,1780715162.528278828,8.579923153,-0.079710253,0.000662811,-0.008327325,-0.477121,-0.079710253,0.000662811,-0.477121,-0.101215698,-0.002932139
wheel,1780715162.548357010,8.600001335,-0.079710253,0.000662811,-0.008327325,-0.477121,-0.079710253,0.000662811,-0.477121,-0.096154914,-0.002902818
rtabmap,1780715162.564718962,9.166886330,-0.032954514,-0.064847454,-2.020690722,-115.777050,0.072808961,-0.001425913,0.516946,0.096408233,0.001400317
wheel,1780715162.568312645,8.619956970,-0.082187556,0.000682295,-0.007402067,-0.424107,-0.082187556,0.000682295,-0.424107,-0.097549050,-0.002410531
wheel,1780715162.589544058,8.641188383,-0.082187556,0.000682295,-0.007402067,-0.424107,-0.082187556,0.000682295,-0.424107,-0.092671597,-0.002386425
wheel,1780715162.608723640,8.660367966,-0.089473713,0.000742970,-0.009252583,-0.530134,-0.089473713,0.000742970,-0.530134,-0.107029464,-0.003327206
wheel,1780715162.628626347,8.680270672,-0.089473713,0.000742970,-0.009252583,-0.530134,-0.089473713,0.000742970,-0.530134,-0.101677991,-0.003293934
wheel,1780715162.648333549,8.699977875,-0.094355387,0.000789269,-0.009715212,-0.556641,-0.094355387,0.000789269,-0.556641,-0.108986604,-0.003495868
wheel,1780715162.668438911,8.720083237,-0.094355387,0.000789269,-0.009715212,-0.556641,-0.094355387,0.000789269,-0.556641,-0.103537273,-0.003460909
wheel,1780715162.688259840,8.739904165,-0.099309865,0.000841989,-0.011565729,-0.662667,-0.099309865,0.000841989,-0.662667,-0.110858012,-0.004359828
wheel,1780715162.708278418,8.759922743,-0.101568495,0.000868636,-0.012028358,-0.689174,-0.101568495,0.000868636,-0.689174,-0.110956435,-0.004547313
wheel,1780715162.729333162,8.780977488,-0.101568495,0.000868636,-0.012028358,-0.689174,-0.101568495,0.000868636,-0.689174,-0.105408613,-0.004501840
wheel,1780715162.748368025,8.800012350,-0.106595649,0.000937248,-0.015266762,-0.874721,-0.106595649,0.000937248,-0.874721,-0.113344039,-0.006158059
wheel,1780715162.768480062,8.820124388,-0.106595649,0.000937248,-0.015266762,-0.874721,-0.106595649,0.000937248,-0.874721,-0.107676837,-0.006096479
wheel,1780715162.788245440,8.839889765,-0.111039945,0.000997906,-0.012028358,-0.689174,-0.111039945,0.000997906,-0.689174,-0.113536535,-0.004397111
wheel,1780715162.808266163,8.859910488,-0.113080003,0.001021502,-0.011103100,-0.636161,-0.113080003,0.001021502,-0.636161,-0.112955340,-0.003890951
wheel,1780715162.828279734,8.879924059,-0.115411510,0.001047390,-0.011103100,-0.636161,-0.115411510,0.001047390,-0.636161,-0.113132956,-0.003852042
wheel,1780715162.848258495,8.899902821,-0.117670163,0.001071946,-0.010640471,-0.609654,-0.117670163,0.001071946,-0.609654,-0.113128874,-0.003581977
rtabmap,1780715162.864830256,9.466997623,-0.047482375,-0.099114448,-2.017278737,-115.581558,0.109965958,0.000728880,0.712438,0.123870492,0.011369563
wheel,1780715162.868502378,8.920146704,-0.117670163,0.001071946,-0.010640471,-0.609654,-0.117670163,0.001071946,-0.609654,-0.107472430,-0.003546157
wheel,1780715162.888375044,8.940019369,-0.122260330,0.001121851,-0.011103100,-0.636161,-0.122260330,0.001121851,-0.636161,-0.113643312,-0.003743389
wheel,1780715162.908241987,8.959886312,-0.124591837,0.001147739,-0.011103100,-0.636161,-0.124591837,0.001147739,-0.636161,-0.113829102,-0.003705955
wheel,1780715162.928274393,8.979918718,-0.126996198,0.001174993,-0.011565729,-0.662667,-0.126996198,0.001174993,-0.662667,-0.114140068,-0.003899869
wheel,1780715162.949626207,9.001270533,-0.129400545,0.001203358,-0.012028358,-0.689174,-0.129400545,0.001203358,-0.689174,-0.114063580,-0.004077533
wheel,1780715162.969203711,9.020848036,-0.129400545,0.001203358,-0.012028358,-0.689174,-0.129400545,0.001203358,-0.689174,-0.108360401,-0.004036758
wheel,1780715162.988302708,9.039947033,-0.129400545,0.001203358,-0.012028358,-0.689174,-0.129400545,0.001203358,-0.689174,-0.102942381,-0.003996390
wheel,1780715163.008275747,9.059920073,-0.136394911,0.001293966,-0.013878875,-0.795201,-0.136394911,0.001293966,-0.795201,-0.115312522,-0.004883265
wheel,1780715163.028445482,9.080089808,-0.138653473,0.001325836,-0.014341504,-0.821708,-0.138653473,0.001325836,-0.821708,-0.115147931,-0.005063866
wheel,1780715163.048285723,9.099930048,-0.140912020,0.001358752,-0.014804133,-0.848214,-0.140912020,0.001358752,-0.848214,-0.115080033,-0.005246284
wheel,1780715163.070446014,9.122090340,-0.140912020,0.001358752,-0.014804133,-0.848214,-0.140912020,0.001358752,-0.848214,-0.109326031,-0.005193821
wheel,1780715163.088286877,9.139931202,-0.145647651,0.001429960,-0.015266762,-0.874721,-0.145647651,0.001429960,-0.874721,-0.117133096,-0.005401192
wheel,1780715163.108267784,9.159912109,-0.147687608,0.001461106,-0.015266762,-0.874721,-0.147687608,0.001461106,-0.874721,-0.116381741,-0.005347180
wheel,1780715163.128267050,9.179911375,-0.150018987,0.001496701,-0.015266762,-0.874721,-0.150018987,0.001496701,-0.874721,-0.116392273,-0.005293708
wheel,1780715163.148347616,9.199991941,-0.152277519,0.001530662,-0.014804133,-0.848214,-0.152277519,0.001530662,-0.848214,-0.116196703,-0.005010395
wheel,1780715163.171256542,9.222900867,-0.152277519,0.001530662,-0.014804133,-0.848214,-0.152277519,0.001530662,-0.848214,-0.110386868,-0.004960291
wheel,1780715163.188280344,9.239924669,-0.156867469,0.001597555,-0.014341504,-0.821708,-0.156867469,0.001597555,-0.821708,-0.118350124,-0.004638930
rtabmap,1780715163.197698832,9.799866199,-0.063029505,-0.135787010,-2.012862142,-115.328505,0.149731140,0.003035477,0.965490,0.119539008,0.013267762
wheel,1780715163.208417892,9.260062218,-0.158980303,0.001628347,-0.014804133,-0.848214,-0.158980303,0.001628347,-0.848214,-0.117677319,-0.004822194
wheel,1780715163.228282452,9.279926777,-0.161020274,0.001658549,-0.014804133,-0.848214,-0.161020274,0.001658549,-0.848214,-0.116929517,-0.004773972
wheel,1780715163.248390675,9.300035000,-0.163278806,0.001692510,-0.015266762,-0.874721,-0.163278806,0.001692510,-0.874721,-0.116699283,-0.004956288
wheel,1780715163.268328905,9.319973230,-0.163278806,0.001692510,-0.015266762,-0.874721,-0.163278806,0.001692510,-0.874721,-0.110864319,-0.004906725
wheel,1780715163.288270473,9.339914799,-0.167650111,0.001761274,-0.016192021,-0.927734,-0.167650111,0.001761274,-0.927734,-0.116272137,-0.005321194
wheel,1780715163.308290005,9.359934330,-0.167650111,0.001761274,-0.016192021,-0.927734,-0.167650111,0.001761274,-0.927734,-0.110458530,-0.005267982
wheel,1780715163.328275681,9.379920006,-0.172021316,0.001836104,-0.018042537,-1.033761,-0.172021316,0.001836104,-1.033761,-0.115873573,-0.006141268
wheel,1780715163.350226879,9.401871204,-0.172021316,0.001836104,-0.018042537,-1.033761,-0.172021316,0.001836104,-1.033761,-0.110079894,-0.006079855
wheel,1780715163.368338346,9.419982672,-0.174061161,0.001873856,-0.018967795,-1.086775,-0.174061161,0.001873856,-1.086775,-0.110210305,-0.006530114
wheel,1780715163.388246536,9.439890862,-0.178213612,0.001955511,-0.020355683,-1.166295,-0.178213612,0.001955511,-1.166295,-0.115125687,-0.007161615
wheel,1780715163.408292294,9.459936619,-0.180253364,0.001997981,-0.021280941,-1.219308,-0.180253364,0.001997981,-1.219308,-0.114459397,-0.007551676
wheel,1780715163.428248644,9.479892969,-0.182220239,0.002040300,-0.021743570,-1.245815,-0.182220239,0.002040300,-1.245815,-0.113664157,-0.007707916
wheel,1780715163.448249340,9.499893665,-0.184114258,0.002081489,-0.021743570,-1.245815,-0.184114258,0.002081489,-1.245815,-0.112716837,-0.007630837
wheel,1780715163.468274832,9.519919157,-0.184114258,0.002081489,-0.021743570,-1.245815,-0.184114258,0.002081489,-1.245815,-0.107080995,-0.007554528
wheel,1780715163.488269806,9.539914131,-0.187902257,0.002165620,-0.022668829,-1.298828,-0.187902257,0.002165620,-1.298828,-0.111192855,-0.007941299
rtabmap,1780715163.497861624,10.100028992,-0.077885814,-0.165299222,-2.003307278,-114.781052,0.182770814,0.002789547,1.512944,0.110043079,0.031832460
wheel,1780715163.511448860,9.563093185,-0.189796236,0.002208561,-0.022668829,-1.298828,-0.189796236,0.002208561,-1.298828,-0.109719299,-0.007861886
wheel,1780715163.528338671,9.579982996,-0.189796236,0.002208561,-0.022668829,-1.298828,-0.189796236,0.002208561,-1.298828,-0.104233334,-0.007783267
wheel,1780715163.548279762,9.599924088,-0.193147123,0.002284535,-0.022668829,-1.298828,-0.193147123,0.002284535,-1.298828,-0.107427399,-0.007705434
wheel,1780715163.569176435,9.620820761,-0.193147123,0.002284535,-0.022668829,-1.298828,-0.193147123,0.002284535,-1.298828,-0.102056029,-0.007628380
wheel,1780715163.588320494,9.639964819,-0.196498010,0.002360509,-0.022668829,-1.298828,-0.196498010,0.002360509,-1.298828,-0.105706482,-0.007552096
wheel,1780715163.608562469,9.660206795,-0.196498010,0.002360509,-0.022668829,-1.298828,-0.196498010,0.002360509,-1.298828,-0.100421158,-0.007476575
wheel,1780715163.628304958,9.679949284,-0.199557548,0.002428461,-0.021743570,-1.245815,-0.199557548,0.002428461,-1.245815,-0.103147815,-0.006933316
wheel,1780715163.648319006,9.699963331,-0.199557548,0.002428461,-0.021743570,-1.245815,-0.199557548,0.002428461,-1.245815,-0.097990424,-0.006863982
wheel,1780715163.668258905,9.719903231,-0.200941645,0.002458240,-0.021280941,-1.219308,-0.200941645,0.002458240,-1.219308,-0.096557861,-0.006563633
wheel,1780715163.690037966,9.741682291,-0.203855577,0.002518912,-0.020355683,-1.166295,-0.203855577,0.002518912,-1.166295,-0.098421467,-0.006073139
wheel,1780715163.708269596,9.759913921,-0.205239715,0.002546771,-0.019893054,-1.139788,-0.205239715,0.002546771,-1.139788,-0.097297041,-0.005758664
wheel,1780715163.728224993,9.779869318,-0.205239715,0.002546771,-0.019893054,-1.139788,-0.205239715,0.002546771,-1.139788,-0.092432189,-0.005701077
wheel,1780715163.748320103,9.799964428,-0.208007977,0.002603129,-0.020818312,-1.192801,-0.208007977,0.002603129,-1.192801,-0.094701296,-0.006104599
wheel,1780715163.768325329,9.819969654,-0.208007977,0.002603129,-0.020818312,-1.192801,-0.208007977,0.002603129,-1.192801,-0.089966231,-0.006043553
wheel,1780715163.788248301,9.839892626,-0.210994743,0.002666008,-0.021280941,-1.219308,-0.210994743,0.002666008,-1.219308,-0.092957836,-0.006215093
rtabmap,1780715163.797649384,10.399816751,-0.087709315,-0.184481889,-2.004575624,-114.853723,0.204320293,0.002479940,1.440273,0.071830109,-0.004229261
wheel,1780715163.808242798,9.859887123,-0.212378840,0.002695788,-0.021743570,-1.245815,-0.212378840,0.002695788,-1.245815,-0.091771776,-0.006384309
wheel,1780715163.828288794,9.879933119,-0.213981455,0.002731382,-0.022668829,-1.298828,-0.213981455,0.002731382,-1.298828,-0.091182706,-0.006782171
wheel,1780715163.848351240,9.899995565,-0.215365510,0.002763082,-0.023131458,-1.325335,-0.215365510,0.002763082,-1.325335,-0.090072900,-0.006944881
wheel,1780715163.868480921,9.920125246,-0.215365510,0.002763082,-0.023131458,-1.325335,-0.215365510,0.002763082,-1.325335,-0.085569255,-0.006875432
wheel,1780715163.888967991,9.940612316,-0.215365510,0.002763082,-0.023131458,-1.325335,-0.215365510,0.002763082,-1.325335,-0.081290792,-0.006806678
wheel,1780715163.908314228,9.959958553,-0.220173201,0.002876536,-0.024056716,-1.378348,-0.220173201,0.002876536,-1.378348,-0.089658781,-0.007217015
wheel,1780715163.928316355,9.979960680,-0.221775747,0.002915096,-0.024056716,-1.378348,-0.221775747,0.002915096,-1.378348,-0.089182845,-0.007144845
wheel,1780715163.948224068,9.999868393,-0.221775747,0.002915096,-0.024056716,-1.378348,-0.221775747,0.002915096,-1.378348,-0.084723703,-0.007073397
wheel,1780715163.968243599,10.019887924,-0.223451146,0.002955020,-0.023594087,-1.351842,-0.223451146,0.002955020,-1.351842,-0.084672667,-0.006771598
wheel,1780715163.990432262,10.042076588,-0.226801997,0.003032544,-0.022668829,-1.298828,-0.226801997,0.003032544,-1.298828,-0.087991711,-0.006286895
wheel,1780715164.008257151,10.059901476,-0.228477450,0.003070144,-0.022206200,-1.272322,-0.228477450,0.003070144,-1.272322,-0.088292812,-0.005964499
wheel,1780715164.028445959,10.080090284,-0.228477450,0.003070144,-0.022206200,-1.272322,-0.228477450,0.003070144,-1.272322,-0.083878172,-0.005904854
wheel,1780715164.048257113,10.099901438,-0.231901270,0.003143809,-0.020818312,-1.192801,-0.231901270,0.003143809,-1.192801,-0.088323766,-0.005145542
wheel,1780715164.068266630,10.119910955,-0.231901270,0.003143809,-0.020818312,-1.192801,-0.231901270,0.003143809,-1.192801,-0.083907578,-0.005094087
wheel,1780715164.088220119,10.139864445,-0.235543685,0.003219649,-0.020818312,-1.192801,-0.235543685,0.003219649,-1.192801,-0.088840459,-0.005043146
wheel,1780715164.108252764,10.159897089,-0.237510598,0.003260148,-0.020355683,-1.166295,-0.237510598,0.003260148,-1.166295,-0.089309391,-0.004761746
wheel,1780715164.130247355,10.181891680,-0.237510598,0.003260148,-0.020355683,-1.166295,-0.237510598,0.003260148,-1.166295,-0.084843921,-0.004714129
wheel,1780715164.148328304,10.199972630,-0.239404654,0.003299584,-0.021280941,-1.219308,-0.239404654,0.003299584,-1.219308,-0.085841539,-0.005178813
rtabmap,1780715164.164417744,10.766585112,-0.099233910,-0.216587976,-2.003873218,-114.813478,0.238209588,0.006370027,1.480518,0.092637114,0.001915135
wheel,1780715164.168305874,10.219950199,-0.241517265,0.003343083,-0.019893054,-1.139788,-0.241517265,0.003343083,-1.139788,-0.086836904,-0.004432451
wheel,1780715164.188262939,10.239907265,-0.245086815,0.003418232,-0.022206200,-1.272322,-0.245086815,0.003418232,-1.272322,-0.091439792,-0.005547146
wheel,1780715164.209707260,10.261351585,-0.247053650,0.003462370,-0.022668829,-1.298828,-0.247053650,0.003462370,-1.298828,-0.091454614,-0.005707398
wheel,1780715164.228300095,10.279944420,-0.247053650,0.003462370,-0.022668829,-1.298828,-0.247053650,0.003462370,-1.298828,-0.086881883,-0.005650324
wheel,1780715164.248334169,10.299978495,-0.250914434,0.003550798,-0.023131458,-1.325335,-0.250914434,0.003550798,-1.325335,-0.092182059,-0.005824890
wheel,1780715164.268285275,10.319929600,-0.250914434,0.003550798,-0.023131458,-1.325335,-0.250914434,0.003550798,-1.325335,-0.087572956,-0.005766642
wheel,1780715164.288919449,10.340563774,-0.250914434,0.003550798,-0.023131458,-1.325335,-0.250914434,0.003550798,-1.325335,-0.083194308,-0.005708975
wheel,1780715164.308309793,10.359954119,-0.254410937,0.003633310,-0.024056716,-1.378348,-0.254410937,0.003633310,-1.378348,-0.088053528,-0.006129078
wheel,1780715164.329777002,10.381421328,-0.256377688,0.003681088,-0.024519345,-1.404855,-0.256377688,0.003681088,-1.404855,-0.088232977,-0.006283290
wheel,1780715164.348274469,10.399918795,-0.258271563,0.003728410,-0.025444604,-1.457868,-0.258271563,0.003728410,-1.457868,-0.088942010,-0.006720645
wheel,1780715164.368299007,10.419943333,-0.260019714,0.003773710,-0.026369862,-1.510882,-0.260019714,0.003773710,-1.510882,-0.088865145,-0.007115898
wheel,1780715164.391252518,10.442896843,-0.263370297,0.003862085,-0.026369862,-1.510882,-0.263370297,0.003862085,-1.510882,-0.091717295,-0.007044739
wheel,1780715164.408312798,10.459957123,-0.265191277,0.003909694,-0.025907233,-1.484375,-0.265191277,0.003909694,-1.484375,-0.092476204,-0.006702811
wheel,1780715164.428285360,10.479929686,-0.266866599,0.003952719,-0.025444604,-1.457868,-0.266866599,0.003952719,-1.457868,-0.092044182,-0.006404352
wheel,1780715164.448474884,10.500119209,-0.268614792,0.003996401,-0.024519345,-1.404855,-0.268614792,0.003996401,-1.404855,-0.091773956,-0.005881898
wheel,1780715164.468236923,10.519881248,-0.268614792,0.003996401,-0.024519345,-1.404855,-0.268614792,0.003996401,-1.404855,-0.087185258,-0.005823079
wheel,1780715164.488278389,10.539922714,-0.272038432,0.004077986,-0.023131458,-1.325335,-0.272038432,0.004077986,-1.325335,-0.091369914,-0.005072332
wheel,1780715164.508318186,10.559962511,-0.273713867,0.004116361,-0.022668829,-1.298828,-0.273713867,0.004116361,-1.298828,-0.090982634,-0.004790761
wheel,1780715164.528257608,10.579901934,-0.275607846,0.004159302,-0.022668829,-1.298828,-0.275607846,0.004159302,-1.298828,-0.091184625,-0.004742854
wheel,1780715164.548547745,10.600192070,-0.275607846,0.004159302,-0.022668829,-1.298828,-0.275607846,0.004159302,-1.298828,-0.086625394,-0.004695425
rtabmap,1780715164.564211130,11.166378498,-0.114728920,-0.249772251,-2.002333240,-114.725244,0.274824318,0.007178121,1.568752,0.091605790,0.003850812
wheel,1780715164.568275928,10.619920254,-0.277574661,0.004204350,-0.023131458,-1.325335,-0.277574661,0.004204350,-1.325335,-0.087281300,-0.004883024
wheel,1780715164.588247776,10.639892101,-0.280998339,0.004284352,-0.023594087,-1.351842,-0.280998339,0.004284352,-1.351842,-0.091488890,-0.005065782
wheel,1780715164.608336449,10.659980774,-0.282746590,0.004325608,-0.023594087,-1.351842,-0.282746590,0.004325608,-1.351842,-0.091270871,-0.005015124
wheel,1780715164.628428698,10.680073023,-0.282746590,0.004325608,-0.023594087,-1.351842,-0.282746590,0.004325608,-1.351842,-0.086707328,-0.004964972
wheel,1780715164.648292065,10.699936390,-0.286680069,0.004422073,-0.025444604,-1.457868,-0.286680069,0.004422073,-1.457868,-0.092269386,-0.005846297
wheel,1780715164.668294668,10.719938993,-0.286680069,0.004422073,-0.025444604,-1.457868,-0.286680069,0.004422073,-1.457868,-0.087655917,-0.005787834
wheel,1780715164.688369036,10.740013361,-0.286680069,0.004422073,-0.025444604,-1.457868,-0.286680069,0.004422073,-1.457868,-0.083273121,-0.005729956
wheel,1780715164.709047079,10.760691404,-0.289957872,0.004506252,-0.025907233,-1.484375,-0.289957872,0.004506252,-1.484375,-0.087038982,-0.005896417
wheel,1780715164.729578972,10.781223297,-0.293672626,0.004605093,-0.027295120,-1.563895,-0.293672626,0.004605093,-1.563895,-0.091735906,-0.006513373
wheel,1780715164.748297930,10.799942255,-0.293672626,0.004605093,-0.027295120,-1.563895,-0.293672626,0.004605093,-1.563895,-0.087149111,-0.006448239
wheel,1780715164.768296242,10.819940567,-0.295202192,0.004647207,-0.027757749,-1.590402,-0.295202192,0.004647207,-1.590402,-0.086617297,-0.006615088
wheel,1780715164.788287878,10.839932203,-0.298698276,0.004745894,-0.028683008,-1.643415,-0.298698276,0.004745894,-1.643415,-0.091034199,-0.007011782
wheel,1780715164.809370279,10.861014605,-0.298698276,0.004745894,-0.028683008,-1.643415,-0.298698276,0.004745894,-1.643415,-0.086482489,-0.006941664
wheel,1780715164.828264236,10.879908562,-0.301393359,0.004815108,-0.022668829,-1.298828,-0.301393359,0.004815108,-1.298828,-0.089292845,-0.003689124
wheel,1780715164.848341703,10.899986029,-0.303578495,0.004873754,-0.030996154,-1.775949,-0.303578495,0.004873754,-1.775949,-0.090271666,-0.007799633
wheel,1780715164.868511915,10.920156240,-0.303578495,0.004873754,-0.030996154,-1.775949,-0.303578495,0.004873754,-1.775949,-0.085758082,-0.007721637
wheel,1780715164.888290167,10.939934492,-0.306783021,0.004971630,-0.030070895,-1.722935,-0.306783021,0.004971630,-1.722935,-0.089574114,-0.007176661
wheel,1780715164.908250093,10.959894419,-0.308458149,0.005021630,-0.029608266,-1.696429,-0.308458149,0.005021630,-1.696429,-0.089293054,-0.006873140
wheel,1780715164.928295374,10.979939699,-0.308458149,0.005021630,-0.029608266,-1.696429,-0.308458149,0.005021630,-1.696429,-0.084828401,-0.006804409
wheel,1780715164.948814869,11.000459194,-0.310133300,0.005070855,-0.029145637,-1.669922,-0.310133300,0.005070855,-1.669922,-0.084670453,-0.006510914
wheel,1780715164.968339443,11.019983768,-0.312755071,0.005154574,-0.034697187,-1.988002,-0.312755071,0.005154574,-1.988002,-0.087158403,-0.009290873
wheel,1780715164.988502264,11.040146589,-0.315376880,0.005237080,-0.028220379,-1.616909,-0.315376880,0.005237080,-1.616909,-0.089301298,-0.005987685
wheel,1780715165.008252382,11.059896708,-0.317124922,0.005286424,-0.028220379,-1.616909,-0.317124922,0.005286424,-1.616909,-0.089263499,-0.005927808
wheel,1780715165.028319597,11.079963923,-0.318945787,0.005338245,-0.028683008,-1.643415,-0.318945787,0.005338245,-1.643415,-0.089339885,-0.006099111
wheel,1780715165.048346043,11.099990368,-0.320693783,0.005389205,-0.029608266,-1.696429,-0.320693783,0.005389205,-1.696429,-0.089246305,-0.006500915
wheel,1780715165.068326950,11.119971275,-0.320693783,0.005389205,-0.029608266,-1.696429,-0.320693783,0.005389205,-1.696429,-0.084783990,-0.006435906
wheel,1780715165.089279890,11.140924215,-0.320693783,0.005389205,-0.029608266,-1.696429,-0.320693783,0.005389205,-1.696429,-0.080544790,-0.006371547
wheel,1780715165.108317375,11.159961700,-0.326228873,0.005558264,-0.031458783,-1.802455,-0.326228873,0.005558264,-1.802455,-0.091059125,-0.007279699
wheel,1780715165.128239632,11.179883957,-0.328049560,0.005615981,-0.031921412,-1.828962,-0.328049560,0.005615981,-1.828962,-0.091078439,-0.007439145
wheel,1780715165.148428917,11.200073242,-0.328049560,0.005615981,-0.031921412,-1.828962,-0.328049560,0.005615981,-1.828962,-0.086524517,-0.007364753
wheel,1780715165.168255091,11.219899416,-0.329870221,0.005674540,-0.032384041,-1.855469,-0.329870221,0.005674540,-1.855469,-0.086792390,-0.007524457
wheel,1780715165.188257456,11.239901781,-0.333438663,0.005790968,-0.032846670,-1.881976,-0.333438663,0.005790968,-1.881976,-0.091377141,-0.007680488
rtabmap,1780715165.197596312,11.799763680,-0.138310239,-0.306249887,-1.992249318,-114.147478,0.335904362,0.011055001,2.146518,0.095568590,0.007937722
wheel,1780715165.208242416,11.259886742,-0.335186431,0.005849206,-0.033771929,-1.934989,-0.335186431,0.005849206,-1.934989,-0.091183419,-0.008066661
wheel,1780715165.228411913,11.280056238,-0.336934172,0.005908253,-0.033771929,-1.934989,-0.336934172,0.005908253,-1.934989,-0.090959406,-0.007985994
wheel,1780715165.248327017,11.299971342,-0.338609077,0.005965227,-0.034234558,-1.961496,-0.338609077,0.005965227,-1.961496,-0.090620140,-0.008138499
wheel,1780715165.270613432,11.322257757,-0.338609077,0.005965227,-0.034234558,-1.961496,-0.338609077,0.005965227,-1.961496,-0.086089133,-0.008057114
wheel,1780715165.288301706,11.339946032,-0.338609077,0.005965227,-0.034234558,-1.961496,-0.338609077,0.005965227,-1.961496,-0.081784676,-0.007976543
wheel,1780715165.308264732,11.359909058,-0.343415213,0.006132054,-0.035159816,-2.014509,-0.343415213,0.006132054,-2.014509,-0.089739278,-0.008360225
wheel,1780715165.328253984,11.379898310,-0.345017232,0.006188403,-0.035159816,-2.014509,-0.345017232,0.006188403,-2.014509,-0.089261898,-0.008276622
wheel,1780715165.348311901,11.399956226,-0.345017232,0.006188403,-0.035159816,-2.014509,-0.345017232,0.006188403,-2.014509,-0.084798803,-0.008193856
wheel,1780715165.368274927,11.419919252,-0.346692084,0.006246927,-0.034697187,-1.988002,-0.346692084,0.006246927,-1.988002,-0.084756358,-0.007880172
wheel,1780715165.388255835,11.439900160,-0.350478797,0.006376614,-0.033771929,-1.934989,-0.350478797,0.006376614,-1.934989,-0.090000716,-0.007338260
wheel,1780715165.408272505,11.459916830,-0.350478797,0.006376614,-0.033771929,-1.934989,-0.350478797,0.006376614,-1.934989,-0.085500680,-0.007264878
wheel,1780715165.432823420,11.484467745,-0.352299375,0.006437701,-0.033309299,-1.908482,-0.352299375,0.006437701,-1.908482,-0.084935420,-0.007003796
wheel,1780715165.448293209,11.499937534,-0.356450356,0.006575057,-0.032846670,-1.881976,-0.356450356,0.006575057,-1.881976,-0.094111370,-0.006634728
wheel,1780715165.468274117,11.519918442,-0.356450356,0.006575057,-0.032846670,-1.881976,-0.356450356,0.006575057,-1.881976,-0.089405801,-0.006568380
wheel,1780715165.488306522,11.539950848,-0.360892702,0.006719997,-0.032384041,-1.855469,-0.360892702,0.006719997,-1.855469,-0.096037899,-0.006271577
wheel,1780715165.508517504,11.560161829,-0.360892702,0.006719997,-0.032384041,-1.855469,-0.360892702,0.006719997,-1.855469,-0.091236004,-0.006208862
wheel,1780715165.528245211,11.579889536,-0.365771925,0.006881451,-0.033771929,-1.934989,-0.365771925,0.006881451,-1.934989,-0.099045452,-0.006850184
rtabmap,1780715165.530818701,12.132986069,-0.151650280,-0.334332168,-1.992047497,-114.135914,0.366990384,0.011535028,2.158082,0.093277663,0.000605577
wheel,1780715165.548262358,11.599906683,-0.368029407,0.006958242,-0.034234558,-1.961496,-0.368029407,0.006958242,-1.961496,-0.099735780,-0.007012818
wheel,1780715165.568332195,11.619976521,-0.368029407,0.006958242,-0.034234558,-1.961496,-0.368029407,0.006958242,-1.961496,-0.094748991,-0.006942690
wheel,1780715165.588251829,11.639896154,-0.373054043,0.007131489,-0.034697187,-1.988002,-0.373054043,0.007131489,-1.988002,-0.102628589,-0.007105461
wheel,1780715165.608279228,11.659923553,-0.373054043,0.007131489,-0.034697187,-1.988002,-0.373054043,0.007131489,-1.988002,-0.097497160,-0.007034406
wheel,1780715165.628251553,11.679895878,-0.377932960,0.007301972,-0.035159816,-2.014509,-0.377932960,0.007301972,-2.014509,-0.104842053,-0.007195661
wheel,1780715165.648615599,11.700259924,-0.379171045,0.007340647,-0.027295120,-1.563895,-0.379171045,0.007340647,-1.563895,-0.102641421,-0.003261520
wheel,1780715165.670281410,11.721925735,-0.380409131,0.007379321,-0.035159816,-2.014509,-0.380409131,0.007379321,-2.014509,-0.100368072,-0.006859027
wheel,1780715165.688250542,11.739894867,-0.386089289,0.007571224,-0.032384041,-1.855469,-0.386089289,0.007571224,-1.855469,-0.111163379,-0.005245752
wheel,1780715165.708353519,11.759997845,-0.388274033,0.007643012,-0.033309299,-1.908482,-0.388274033,0.007643012,-1.908482,-0.111043184,-0.005653652
wheel,1780715165.728256941,11.779901266,-0.391041333,0.007735223,-0.033309299,-1.908482,-0.391041333,0.007735223,-1.908482,-0.112444786,-0.005597115
wheel,1780715165.748317003,11.799961329,-0.391041333,0.007735223,-0.033309299,-1.908482,-0.391041333,0.007735223,-1.908482,-0.106822547,-0.005541144
wheel,1780715165.769548416,11.821192741,-0.393735829,0.007824384,-0.032846670,-1.881976,-0.393735829,0.007824384,-1.881976,-0.107830649,-0.005267827
wheel,1780715165.788283110,11.839927435,-0.393735829,0.007824384,-0.032846670,-1.881976,-0.393735829,0.007824384,-1.881976,-0.102439117,-0.005215149
wheel,1780715165.809033632,11.860677958,-0.402474936,0.008107490,-0.031921412,-1.828962,-0.402474936,0.008107490,-1.828962,-0.118384555,-0.004717127
wheel,1780715165.828263283,11.879907608,-0.405169514,0.008194158,-0.032384041,-1.855469,-0.405169514,0.008194158,-1.855469,-0.119475609,-0.004910548
wheel,1780715165.850549221,11.902193546,-0.405169514,0.008194158,-0.032384041,-1.855469,-0.405169514,0.008194158,-1.855469,-0.113501828,-0.004861443
wheel,1780715165.868310928,11.919955254,-0.408155353,0.008291577,-0.032846670,-1.881976,-0.408155353,0.008291577,-1.881976,-0.116237496,-0.005073324
wheel,1780715165.888243675,11.939888000,-0.413908467,0.008481948,-0.033309299,-1.908482,-0.413908467,0.008481948,-1.908482,-0.124860344,-0.005254614
wheel,1780715165.908444643,11.960088968,-0.416675724,0.008575439,-0.034234558,-1.961496,-0.416675724,0.008575439,-1.961496,-0.125470714,-0.005660105
wheel,1780715165.928535223,11.980179548,-0.416675724,0.008575439,-0.034234558,-1.961496,-0.416675724,0.008575439,-1.961496,-0.119197178,-0.005603504
rtabmap,1780715165.930969238,12.533136606,-0.171660542,-0.382665724,-1.991375296,-114.097400,0.419187096,0.015005835,2.196596,0.130676776,0.001679325
wheel,1780715165.948245049,11.999889374,-0.422210062,0.008767542,-0.035159816,-2.014509,-0.422210062,0.008767542,-2.014509,-0.127284465,-0.006016881
wheel,1780715165.968316793,12.019961119,-0.422210062,0.008767542,-0.035159816,-2.014509,-0.422210062,0.008767542,-2.014509,-0.120920242,-0.005956712
wheel,1780715165.988368750,12.040013075,-0.427744311,0.008962205,-0.035159816,-2.014509,-0.427744311,0.008962205,-2.014509,-0.128678105,-0.005897145
wheel,1780715166.010400057,12.062044382,-0.430438638,0.009056352,-0.034697187,-1.988002,-0.430438638,0.009056352,-1.988002,-0.128362899,-0.005628180
wheel,1780715166.028599024,12.080243349,-0.433351447,0.009157459,-0.034697187,-1.988002,-0.433351447,0.009157459,-1.988002,-0.129964544,-0.005571898
wheel,1780715166.048444033,12.100088358,-0.435900176,0.009245338,-0.034234558,-1.961496,-0.435900176,0.009245338,-1.961496,-0.129888479,-0.005283175
wheel,1780715166.069066286,12.120710611,-0.435900176,0.009245338,-0.034234558,-1.961496,-0.435900176,0.009245338,-1.961496,-0.123394055,-0.005230343
wheel,1780715166.088368177,12.140012503,-0.441653020,0.009443693,-0.034697187,-1.988002,-0.441653020,0.009443693,-1.988002,-0.132146549,-0.005417899
wheel,1780715166.108407974,12.160052299,-0.441653020,0.009443693,-0.034697187,-1.988002,-0.441653020,0.009443693,-1.988002,-0.125539222,-0.005363720
wheel,1780715166.129618883,12.181263208,-0.447114494,0.009634532,-0.035159816,-2.014509,-0.447114494,0.009634532,-2.014509,-0.132145776,-0.005528216
wheel,1780715166.148260832,12.199905157,-0.449735980,0.009726741,-0.035159816,-2.014509,-0.449735980,0.009726741,-2.014509,-0.132572544,-0.005472934
wheel,1780715166.168357849,12.220002174,-0.449735980,0.009726741,-0.035159816,-2.014509,-0.449735980,0.009726741,-2.014509,-0.125943917,-0.005418204
wheel,1780715166.191491842,12.243136168,-0.449735980,0.009726741,-0.035159816,-2.014509,-0.449735980,0.009726741,-2.014509,-0.119646721,-0.005364022
wheel,1780715166.208247900,12.259892225,-0.458109826,0.010030983,-0.037472962,-2.147043,-0.458109826,0.010030983,-2.147043,-0.138667677,-0.006690826
wheel,1780715166.228260040,12.279904366,-0.460803881,0.010132608,-0.037935591,-2.173549,-0.460803881,0.010132608,-2.173549,-0.138470133,-0.006855092
wheel,1780715166.248313904,12.299958229,-0.463643511,0.010241041,-0.038398220,-2.200056,-0.463643511,0.010241041,-2.200056,-0.138635249,-0.007017347
wheel,1780715166.268250227,12.319894552,-0.465172226,0.010307208,-0.048113432,-2.756697,-0.465172226,0.010307208,-2.756697,-0.135539235,-0.011817965
wheel,1780715166.288301468,12.339945793,-0.469030411,0.010474201,-0.038398220,-2.200056,-0.469030411,0.010474201,-2.200056,-0.138403213,-0.006848998
wheel,1780715166.308336496,12.359980822,-0.469030411,0.010474201,-0.038398220,-2.200056,-0.469030411,0.010474201,-2.200056,-0.131483052,-0.006780508
wheel,1780715166.328326225,12.379970551,-0.474564000,0.010686786,-0.038398220,-2.200056,-0.474564000,0.010686786,-2.200056,-0.138759034,-0.006712703
rtabmap,1780715166.331293344,12.933460712,-0.192604363,-0.434435844,-1.988605423,-113.938698,0.474878346,0.019161997,2.355298,0.139411151,0.006919344
wheel,1780715166.348289490,12.399933815,-0.477257960,0.010790904,-0.038860849,-2.226563,-0.477257960,0.010790904,-2.226563,-0.138571318,-0.006877244
wheel,1780715166.368323803,12.419968128,-0.477257960,0.010790904,-0.038860849,-2.226563,-0.477257960,0.010790904,-2.226563,-0.131642752,-0.006808472
wheel,1780715166.388257742,12.439902067,-0.483082474,0.011022761,-0.040711366,-2.332589,-0.483082474,0.011022761,-2.332589,-0.139675958,-0.007668345
wheel,1780715166.409114122,12.460758448,-0.485776287,0.011130618,-0.039323478,-2.253069,-0.485776287,0.011130618,-2.253069,-0.139155785,-0.006926167
wheel,1780715166.428255558,12.479899883,-0.488615764,0.011242991,-0.039786108,-2.279576,-0.488615764,0.011242991,-2.279576,-0.139621359,-0.007098610
wheel,1780715166.448277473,12.499921799,-0.488615764,0.011242991,-0.039786108,-2.279576,-0.488615764,0.011242991,-2.279576,-0.132640291,-0.007027624
wheel,1780715166.470404148,12.522048473,-0.491600800,0.011362509,-0.040248737,-2.306083,-0.491600800,0.011362509,-2.306083,-0.132760252,-0.007166468
wheel,1780715166.488266706,12.539911032,-0.497716540,0.011605959,-0.039323478,-2.253069,-0.497716540,0.011605959,-2.253069,-0.143249420,-0.006576975
wheel,1780715166.509275913,12.560920238,-0.497716540,0.011605959,-0.039323478,-2.253069,-0.497716540,0.011605959,-2.253069,-0.136086949,-0.006511205
wheel,1780715166.528287649,12.579931974,-0.503468195,0.011836248,-0.040711366,-2.332589,-0.503468195,0.011836248,-2.332589,-0.144418275,-0.007175963
wheel,1780715166.548252583,12.599896908,-0.503468195,0.011836248,-0.040711366,-2.332589,-0.503468195,0.011836248,-2.332589,-0.137197361,-0.007104203
wheel,1780715166.568265200,12.619909525,-0.506453176,0.011957146,-0.040248737,-2.306083,-0.506453176,0.011957146,-2.306083,-0.137799665,-0.006802044
wheel,1780715166.588308573,12.639952898,-0.512496054,0.012199096,-0.039786108,-2.279576,-0.512496054,0.012199096,-2.279576,-0.145994648,-0.006503235
wheel,1780715166.608263016,12.659907341,-0.515699537,0.012326617,-0.039786108,-2.279576,-0.515699537,0.012326617,-2.279576,-0.146728169,-0.006438202
wheel,1780715166.628324509,12.679968834,-0.518466181,0.012436749,-0.039786108,-2.279576,-0.518466181,0.012436749,-2.279576,-0.146296078,-0.006373820
rtabmap,1780715166.631265163,13.233432531,-0.211765110,-0.478857219,-1.988401356,-113.927006,0.523191343,0.021661415,2.366990,0.161264658,0.000682040
wheel,1780715166.648262262,12.699906588,-0.521305605,0.012550436,-0.040248737,-2.306083,-0.521305605,0.012550436,-2.306083,-0.146104721,-0.006542022
wheel,1780715166.668284416,12.719928741,-0.521305605,0.012550436,-0.040248737,-2.306083,-0.521305605,0.012550436,-2.306083,-0.138799485,-0.006476602
wheel,1780715166.688431025,12.740075350,-0.527057045,0.012786047,-0.041636624,-2.385603,-0.527057045,0.012786047,-2.385603,-0.146153736,-0.007101129
wheel,1780715166.709105730,12.760750055,-0.530041855,0.012911088,-0.042099253,-2.412110,-0.530041855,0.012911088,-2.412110,-0.146066890,-0.007253760
wheel,1780715166.728793859,12.780438185,-0.532808183,0.013028900,-0.043024512,-2.465123,-0.532808183,0.013028900,-2.465123,-0.145796987,-0.007651293
wheel,1780715166.748275518,12.799919844,-0.532808183,0.013028900,-0.043024512,-2.465123,-0.532808183,0.013028900,-2.465123,-0.138507138,-0.007574781
wheel,1780715166.768701315,12.820345640,-0.535647224,0.013151781,-0.043487141,-2.491630,-0.535647224,0.013151781,-2.491630,-0.138543379,-0.007725703
wheel,1780715166.788307190,12.839951515,-0.541106698,0.013393144,-0.044875028,-2.571150,-0.541106698,0.013393144,-2.571150,-0.145541690,-0.008355772
wheel,1780715166.809068441,12.860712767,-0.544018328,0.013523891,-0.044875028,-2.571150,-0.544018328,0.013523891,-2.571150,-0.145283200,-0.008272214
wheel,1780715166.828256607,12.879900932,-0.546929957,0.013654638,-0.044875028,-2.571150,-0.546929957,0.013654638,-2.571150,-0.145613259,-0.008189492
wheel,1780715166.848357677,12.900002003,-0.549841587,0.013785386,-0.044875028,-2.571150,-0.549841587,0.013785386,-2.571150,-0.145582884,-0.008107597
wheel,1780715166.868305683,12.919950008,-0.549841587,0.013785386,-0.044875028,-2.571150,-0.549841587,0.013785386,-2.571150,-0.138303740,-0.008026521
wheel,1780715166.888278246,12.939922571,-0.555810551,0.014050656,-0.043949770,-2.518136,-0.555810551,0.014050656,-2.518136,-0.146348355,-0.007482925
wheel,1780715166.908268690,12.959913015,-0.558795124,0.014181220,-0.043487141,-2.491630,-0.558795124,0.014181220,-2.491630,-0.146503433,-0.007176659
wheel,1780715166.928280354,12.979924679,-0.561852523,0.014314262,-0.043487141,-2.491630,-0.561852523,0.014314262,-2.491630,-0.146823348,-0.007104893
rtabmap,1780715166.931075335,13.533242702,-0.229357019,-0.520222723,-1.984552368,-113.706475,0.568069692,0.024213668,2.587521,0.149913117,0.012838255
wheel,1780715166.949362755,13.001007080,-0.563381527,0.014373356,-0.033771929,-1.934989,-0.563381527,0.014373356,-1.934989,-0.143111679,-0.002424956
wheel,1780715166.968276739,13.019921064,-0.564910532,0.014432450,-0.043487141,-2.491630,-0.564910532,0.014432450,-2.491630,-0.140001362,-0.007537554
wheel,1780715166.988265991,13.039910316,-0.567893769,0.014590623,-0.062454936,-3.578404,-0.567893769,0.014590623,-3.578404,-0.140477981,-0.016956385
wheel,1780715167.009159327,13.060803652,-0.567893769,0.014590623,-0.062454936,-3.578404,-0.567893769,0.014590623,-3.578404,-0.133454082,-0.016786821
wheel,1780715167.028266430,13.079910755,-0.576988781,0.015077066,-0.044412399,-2.544643,-0.576988781,0.015077066,-2.544643,-0.150616666,-0.007175639
wheel,1780715167.048260689,13.099905014,-0.579463667,0.015188201,-0.045337657,-2.597656,-0.579463667,0.015188201,-2.597656,-0.149282167,-0.007566727
wheel,1780715167.068527699,13.120172024,-0.579463667,0.015188201,-0.045337657,-2.597656,-0.579463667,0.015188201,-2.597656,-0.141818059,-0.007491060
wheel,1780715167.088268995,13.139913321,-0.585068377,0.015443779,-0.045800287,-2.624163,-0.585068377,0.015443779,-2.624163,-0.148935245,-0.007650461
wheel,1780715167.108349085,13.159993410,-0.587834309,0.015570548,-0.045800287,-2.624163,-0.587834309,0.015570548,-2.624163,-0.148383618,-0.007573956
wheel,1780715167.128256083,13.179900408,-0.589144726,0.015625141,-0.037472962,-2.147043,-0.589144726,0.015625141,-2.147043,-0.144258837,-0.003314852
wheel,1780715167.148375273,13.200019598,-0.593221579,0.015794986,-0.045800287,-2.624163,-0.593221579,0.015794986,-2.624163,-0.147186075,-0.007420552
wheel,1780715167.168266773,13.219911098,-0.593221579,0.015794986,-0.045800287,-2.624163,-0.593221579,0.015794986,-2.624163,-0.139826771,-0.007346347
wheel,1780715167.188250780,13.239895105,-0.598680713,0.016043925,-0.045337657,-2.597656,-0.598680713,0.016043925,-2.597656,-0.146509036,-0.007041373
rtabmap,1780715167.197554111,13.799721479,-0.245604947,-0.557058871,-1.982135497,-113.567998,0.608291971,0.025964442,2.725997,0.151082635,0.009071037
wheel,1780715167.208203316,13.259847641,-0.601519522,0.016172060,-0.044875028,-2.571150,-0.601519522,0.016172060,-2.571150,-0.146303797,-0.006739124
wheel,1780715167.228318453,13.279962778,-0.604431152,0.016302807,-0.044875028,-2.571150,-0.604431152,0.016302807,-2.571150,-0.146235973,-0.006671733
wheel,1780715167.248672009,13.300316334,-0.604431152,0.016302807,-0.044875028,-2.571150,-0.604431152,0.016302807,-2.571150,-0.138924174,-0.006605016
wheel,1780715167.268244028,13.319888353,-0.607415603,0.016436133,-0.044412399,-2.544643,-0.607415603,0.016436133,-2.544643,-0.139609013,-0.006302619
wheel,1780715167.288908720,13.340553045,-0.607415603,0.016436133,-0.044412399,-2.544643,-0.607415603,0.016436133,-2.544643,-0.132628563,-0.006239593
wheel,1780715167.308280230,13.359924555,-0.617024376,0.016858708,-0.043487141,-2.491630,-0.617024376,0.016858708,-2.491630,-0.150825463,-0.005699499
wheel,1780715167.328265429,13.379909754,-0.619790649,0.016977799,-0.042561883,-2.438616,-0.619790649,0.016977799,-2.438616,-0.150210744,-0.005179577
wheel,1780715167.348436594,13.400080919,-0.622629803,0.017098054,-0.042099253,-2.412110,-0.622629803,0.017098054,-2.412110,-0.149746920,-0.004898340
wheel,1780715167.368474483,13.420118809,-0.622629803,0.017098054,-0.042099253,-2.412110,-0.622629803,0.017098054,-2.412110,-0.142259574,-0.004849356
wheel,1780715167.391085625,13.442729950,-0.622629803,0.017098054,-0.042099253,-2.412110,-0.622629803,0.017098054,-2.412110,-0.135146596,-0.004800863
wheel,1780715167.408290386,13.459934711,-0.628526622,0.017345086,-0.041636624,-2.385603,-0.628526622,0.017345086,-2.385603,-0.145541945,-0.004483951
wheel,1780715167.428261995,13.479906321,-0.634496300,0.017593787,-0.041636624,-2.385603,-0.634496300,0.017593787,-2.385603,-0.153224114,-0.004439111
wheel,1780715167.448261499,13.499905825,-0.637262682,0.017710319,-0.042561883,-2.438616,-0.637262682,0.017710319,-2.438616,-0.152484838,-0.004857339
wheel,1780715167.470233679,13.521878004,-0.637262682,0.017710319,-0.042561883,-2.438616,-0.637262682,0.017710319,-2.438616,-0.144860596,-0.004808765
wheel,1780715167.488285780,13.539930105,-0.643013445,0.017961894,-0.044875028,-2.571150,-0.643013445,0.017961894,-2.571150,-0.153558512,-0.006041847
rtabmap,1780715167.497654438,14.099821806,-0.262229919,-0.598344326,-1.982774386,-113.604604,0.652670222,0.029348125,2.689392,0.148246974,-0.002129061
wheel,1780715167.508983374,13.560627699,-0.643013445,0.017961894,-0.044875028,-2.571150,-0.643013445,0.017961894,-2.571150,-0.145880586,-0.005981428
wheel,1780715167.528263569,13.579907894,-0.648399503,0.018213743,-0.048576062,-2.783203,-0.648399503,0.018213743,-2.783203,-0.152570880,-0.007841384
wheel,1780715167.550230980,13.601875305,-0.651019575,0.018339901,-0.047650803,-2.730190,-0.651019575,0.018339901,-2.730190,-0.150914408,-0.007341660
wheel,1780715167.569962502,13.621606827,-0.651019575,0.018339901,-0.047650803,-2.730190,-0.651019575,0.018339901,-2.730190,-0.143368688,-0.007268243
wheel,1780715167.588274240,13.639918566,-0.651019575,0.018339901,-0.047650803,-2.730190,-0.651019575,0.018339901,-2.730190,-0.136200253,-0.007195561
wheel,1780715167.609212160,13.660856485,-0.656841826,0.018622946,-0.049501320,-2.836217,-0.656841826,0.018622946,-2.836217,-0.143313437,-0.008007617
wheel,1780715167.632293463,13.683937788,-0.659388916,0.018749724,-0.049963949,-2.862723,-0.659388916,0.018749724,-2.862723,-0.141675384,-0.008128090
wheel,1780715167.648326874,13.699971199,-0.665210769,0.019040849,-0.049963949,-2.862723,-0.665210769,0.019040849,-2.862723,-0.152752665,-0.008046809
wheel,1780715167.668993473,13.720637798,-0.665210769,0.019040849,-0.049963949,-2.862723,-0.665210769,0.019040849,-2.862723,-0.145115032,-0.007966341
wheel,1780715167.688242197,13.739886522,-0.671614955,0.019358124,-0.049038691,-2.809710,-0.671614955,0.019358124,-2.809710,-0.154514209,-0.007406016
wheel,1780715167.708295345,13.759939671,-0.674598825,0.019503875,-0.048576062,-2.783203,-0.674598825,0.019503875,-2.783203,-0.154237805,-0.007101238
wheel,1780715167.728263140,13.779907465,-0.677582763,0.019648245,-0.048113432,-2.756697,-0.677582763,0.019648245,-2.756697,-0.154005726,-0.006798562
wheel,1780715167.748492956,13.800137281,-0.677582763,0.019648245,-0.048113432,-2.756697,-0.677582763,0.019648245,-2.756697,-0.146305440,-0.006730577
wheel,1780715167.768307686,13.819952011,-0.680712328,0.019798210,-0.047650803,-2.730190,-0.680712328,0.019798210,-2.730190,-0.146902675,-0.006429605
wheel,1780715167.788272619,13.839916945,-0.686971527,0.020096691,-0.047650803,-2.730190,-0.686971527,0.020096691,-2.730190,-0.155236232,-0.006365309
rtabmap,1780715167.797857523,14.400024891,-0.279786795,-0.643575072,-1.979376126,-113.409898,0.700998369,0.033644000,2.884098,0.161478877,0.011319725
wheel,1780715167.808587074,13.860231400,-0.690028345,0.020242462,-0.047650803,-2.730190,-0.690028345,0.020242462,-2.730190,-0.155011853,-0.006301656
wheel,1780715167.828312874,13.879957199,-0.693085095,0.020389646,-0.048576062,-2.783203,-0.693085095,0.020389646,-2.783203,-0.155014310,-0.006707456
wheel,1780715167.849036217,13.900680542,-0.695923411,0.020528287,-0.049038691,-2.809710,-0.695923411,0.020528287,-2.809710,-0.154118925,-0.006863591
wheel,1780715167.868270874,13.919915199,-0.695923411,0.020528287,-0.049038691,-2.809710,-0.695923411,0.020528287,-2.809710,-0.146412979,-0.006794955
wheel,1780715167.888416767,13.940061092,-0.701381207,0.020805004,-0.052277095,-2.995257,-0.701381207,0.020805004,-2.995257,-0.152652521,-0.008334139
wheel,1780715167.908366203,13.960010529,-0.704073463,0.020946500,-0.052739724,-3.021764,-0.704073463,0.020946500,-3.021764,-0.151782078,-0.008482876
wheel,1780715167.929647923,13.981292248,-0.704073463,0.020946500,-0.052739724,-3.021764,-0.704073463,0.020946500,-3.021764,-0.144192975,-0.008398048
wheel,1780715167.948634624,14.000278950,-0.709457777,0.021233229,-0.053664982,-3.074777,-0.709457777,0.021233229,-3.074777,-0.151176349,-0.008801172
wheel,1780715167.969398499,14.021042824,-0.709457777,0.021233229,-0.053664982,-3.074777,-0.709457777,0.021233229,-3.074777,-0.143617532,-0.008713160
wheel,1780715167.988298416,14.039942741,-0.715060025,0.021538061,-0.055052870,-3.154297,-0.715060025,0.021538061,-3.154297,-0.151279031,-0.009360345
wheel,1780715168.008332253,14.059976578,-0.717606437,0.021677800,-0.054590241,-3.127790,-0.717606437,0.021677800,-3.127790,-0.150080904,-0.009035782
wheel,1780715168.030683756,14.082328081,-0.720443867,0.021833508,-0.055052870,-3.154297,-0.720443867,0.021833508,-3.154297,-0.148937297,-0.009152521
wheel,1780715168.048466921,14.100111246,-0.723281297,0.021989216,-0.054590241,-3.127790,-0.723281297,0.021989216,-3.127790,-0.149478792,-0.008800894
rtabmap,1780715168.064964056,14.667131424,-0.291003674,-0.679097593,-1.970950935,-112.927170,0.737814298,0.039323368,3.366826,0.138727695,0.031542875
wheel,1780715168.068270445,14.119914770,-0.723281297,0.021989216,-0.054590241,-3.127790,-0.723281297,0.021989216,-3.127790,-0.142004852,-0.008712885
wheel,1780715168.088292599,14.139936924,-0.723281297,0.021989216,-0.054590241,-3.127790,-0.723281297,0.021989216,-3.127790,-0.134904609,-0.008625756
wheel,1780715168.108240366,14.159884691,-0.732666405,0.022508594,-0.055978128,-3.207310,-0.732666405,0.022508594,-3.207310,-0.151717327,-0.009235193
wheel,1780715168.129214287,14.180858612,-0.732666405,0.022508594,-0.055978128,-3.207310,-0.732666405,0.022508594,-3.207310,-0.144131461,-0.009142841
wheel,1780715168.148247004,14.199891329,-0.738486701,0.022829342,-0.054127611,-3.101284,-0.738486701,0.022829342,-3.101284,-0.152238520,-0.008079119
wheel,1780715168.168333292,14.219977617,-0.738486701,0.022829342,-0.054127611,-3.101284,-0.738486701,0.022829342,-3.101284,-0.144626594,-0.007998327
wheel,1780715168.188285112,14.239929438,-0.744161777,0.023136820,-0.054127611,-3.101284,-0.744161777,0.023136820,-3.101284,-0.151626678,-0.007918344
wheel,1780715168.208268642,14.259912968,-0.747072072,0.023294502,-0.054127611,-3.101284,-0.747072072,0.023294502,-3.101284,-0.151338890,-0.007839161
wheel,1780715168.228326797,14.279971123,-0.747072072,0.023294502,-0.054127611,-3.101284,-0.747072072,0.023294502,-3.101284,-0.143771946,-0.007760769
wheel,1780715168.248347998,14.299992323,-0.752819833,0.023607252,-0.054590241,-3.127790,-0.752819833,0.023607252,-3.127790,-0.150970419,-0.007914418
wheel,1780715168.268368721,14.320013046,-0.752819833,0.023607252,-0.054590241,-3.127790,-0.752819833,0.023607252,-3.127790,-0.143421898,-0.007835274
wheel,1780715168.288330555,14.339974880,-0.752819833,0.023607252,-0.054590241,-3.127790,-0.752819833,0.023607252,-3.127790,-0.136250803,-0.007756921
wheel,1780715168.308235645,14.359879971,-0.761477633,0.024082362,-0.055052870,-3.154297,-0.761477633,0.024082362,-3.154297,-0.151210605,-0.007911683
wheel,1780715168.328286648,14.379930973,-0.764096767,0.024226699,-0.055052870,-3.154297,-0.764096767,0.024226699,-3.154297,-0.150193185,-0.007832567
rtabmap,1780715168.331642628,14.933809996,-0.305898488,-0.716641665,-1.970371931,-112.893996,0.778071855,0.042600847,3.400000,0.151420251,0.002171711
wheel,1780715168.348748922,14.400393248,-0.764096767,0.024226699,-0.055052870,-3.154297,-0.764096767,0.024226699,-3.154297,-0.142683526,-0.007754241
wheel,1780715168.369891167,14.421535492,-0.766861336,0.024380333,-0.055978128,-3.207310,-0.766861336,0.024380333,-3.207310,-0.142097609,-0.008114343
wheel,1780715168.388271332,14.439915657,-0.766861336,0.024380333,-0.055978128,-3.207310,-0.766861336,0.024380333,-3.207310,-0.134992728,-0.008033200
wheel,1780715168.408330202,14.459974527,-0.775591332,0.024869533,-0.055978128,-3.207310,-0.775591332,0.024869533,-3.207310,-0.150046199,-0.007952868
wheel,1780715168.428272009,14.479916334,-0.778137613,0.025011627,-0.055515499,-3.180804,-0.778137613,0.025011627,-3.180804,-0.148936497,-0.007641408
wheel,1780715168.449441433,14.501085758,-0.780902183,0.025165262,-0.055515499,-3.180804,-0.780902183,0.025165262,-3.180804,-0.148028346,-0.007564994
wheel,1780715168.468387365,14.520031691,-0.780902183,0.025165262,-0.055515499,-3.180804,-0.780902183,0.025165262,-3.180804,-0.140626928,-0.007489344
wheel,1780715168.488255024,14.539899349,-0.783813628,0.025300050,-0.037010333,-2.120536,-0.783813628,0.025300050,-2.120536,-0.140927536,0.001895967
wheel,1780715168.508253574,14.559897900,-0.789490947,0.025562887,-0.055515499,-3.180804,-0.789490947,0.025562887,-3.180804,-0.148090687,-0.007376247
wheel,1780715168.528288603,14.579932928,-0.792328232,0.025721220,-0.055978128,-3.207310,-0.792328232,0.025721220,-3.207310,-0.147779416,-0.007533441
wheel,1780715168.548324108,14.599968433,-0.795092730,0.025876134,-0.055978128,-3.207310,-0.795092730,0.025876134,-3.207310,-0.147299691,-0.007458107
wheel,1780715168.568288326,14.619932652,-0.795092730,0.025876134,-0.055978128,-3.207310,-0.795092730,0.025876134,-3.207310,-0.139934707,-0.007383526
wheel,1780715168.588254690,14.639899015,-0.800985401,0.026207707,-0.056440757,-3.233817,-0.800985401,0.026207707,-3.233817,-0.147712691,-0.007541314
wheel,1780715168.608239174,14.659883499,-0.803895323,0.026372119,-0.056440757,-3.233817,-0.803895323,0.026372119,-3.233817,-0.147618427,-0.007465901
wheel,1780715168.628321171,14.679965496,-0.806805170,0.026537878,-0.057366016,-3.286831,-0.806805170,0.026537878,-3.286831,-0.147497870,-0.007852218
wheel,1780715168.648427010,14.700071335,-0.809860346,0.026714752,-0.058291274,-3.339844,-0.809860346,0.026714752,-3.339844,-0.147730906,-0.008233737
rtabmap,1780715168.664750576,15.266917944,-0.327038050,-0.764140368,-1.965491848,-112.614388,0.830020348,0.044689380,3.679608,0.156048253,0.014651250
wheel,1780715168.668268919,14.719913244,-0.809860346,0.026714752,-0.058291274,-3.339844,-0.809860346,0.026714752,-3.339844,-0.140344361,-0.008151399
wheel,1780715168.688350677,14.739995003,-0.815606755,0.027051432,-0.058753903,-3.366351,-0.815606755,0.027051432,-3.366351,-0.147655300,-0.008300195
wheel,1780715168.708249569,14.759893894,-0.818516289,0.027222575,-0.058753903,-3.366351,-0.818516289,0.027222575,-3.366351,-0.147596581,-0.008217193
wheel,1780715168.728269577,14.779913902,-0.821425824,0.027393719,-0.058753903,-3.366351,-0.821425824,0.027393719,-3.366351,-0.147496660,-0.008135021
wheel,1780715168.748255491,14.799899817,-0.824480835,0.027573419,-0.058753903,-3.366351,-0.824480835,0.027573419,-3.366351,-0.147777035,-0.008053671
wheel,1780715168.769228935,14.820873260,-0.824480835,0.027573419,-0.058753903,-3.366351,-0.824480835,0.027573419,-3.366351,-0.140388184,-0.007973134
wheel,1780715168.788275719,14.839920044,-0.830518364,0.027924352,-0.057366016,-3.286831,-0.830518364,0.027924352,-3.286831,-0.149245331,-0.007164703
wheel,1780715168.808260441,14.859904766,-0.833573541,0.028101226,-0.058291274,-3.339844,-0.833573541,0.028101226,-3.339844,-0.149439278,-0.007556017
wheel,1780715168.828306675,14.879951000,-0.833573541,0.028101226,-0.058291274,-3.339844,-0.833573541,0.028101226,-3.339844,-0.141967314,-0.007480456
wheel,1780715168.848251581,14.899895906,-0.839392924,0.028438129,-0.057366016,-3.286831,-0.839392924,0.028438129,-3.286831,-0.149480275,-0.006941800
wheel,1780715168.868302345,14.919946671,-0.839392924,0.028438129,-0.057366016,-3.286831,-0.839392924,0.028438129,-3.286831,-0.142006261,-0.006872382
wheel,1780715168.888266802,14.939911127,-0.845358109,0.028777935,-0.056440757,-3.233817,-0.845358109,0.028777935,-3.233817,-0.149866285,-0.006340311
wheel,1780715168.908751249,14.960395575,-0.845358109,0.028777935,-0.056440757,-3.233817,-0.845358109,0.028777935,-3.233817,-0.142372971,-0.006276908
wheel,1780715168.928263426,14.979907751,-0.851323450,0.029114981,-0.056440757,-3.233817,-0.851323450,0.029114981,-3.233817,-0.150562286,-0.006214139
wheel,1780715168.948302031,14.999946356,-0.854015023,0.029268931,-0.057828645,-3.313337,-0.854015023,0.029268931,-3.313337,-0.149760875,-0.006844579
rtabmap,1780715168.964695454,15.566862822,-0.345404297,-0.810747802,-1.966097738,-112.649103,0.879941274,0.048869468,3.644893,0.166984886,-0.002020770
wheel,1780715168.968252659,15.019896984,-0.854015023,0.029268931,-0.057828645,-3.313337,-0.854015023,0.029268931,-3.313337,-0.142272832,-0.006776133
wheel,1780715168.988244534,15.039888859,-0.859616254,0.029591904,-0.057366016,-3.286831,-0.859616254,0.029591904,-3.286831,-0.149189053,-0.006476999
wheel,1780715169.008268118,15.059912443,-0.862526023,0.029759009,-0.057366016,-3.286831,-0.862526023,0.029759009,-3.286831,-0.149007341,-0.006412229
wheel,1780715169.028298140,15.079942465,-0.865435793,0.029926115,-0.057366016,-3.286831,-0.865435793,0.029926115,-3.286831,-0.148833242,-0.006348107
wheel,1780715169.048276901,15.099921227,-0.868418346,0.030096708,-0.056903386,-3.260324,-0.868418346,0.030096708,-3.260324,-0.148867286,-0.006053090
wheel,1780715169.068338871,15.119983196,-0.868418346,0.030096708,-0.056903386,-3.260324,-0.868418346,0.030096708,-3.260324,-0.141423921,-0.005992560
wheel,1780715169.089762926,15.141407251,-0.868418346,0.030096708,-0.056903386,-3.260324,-0.868418346,0.030096708,-3.260324,-0.134352725,-0.005932634
wheel,1780715169.108325720,15.159970045,-0.877147885,0.030593985,-0.056903386,-3.260324,-0.877147885,0.030593985,-3.260324,-0.151189166,-0.005873308
wheel,1780715169.129699230,15.181343555,-0.880130516,0.030763198,-0.056440757,-3.233817,-0.880130516,0.030763198,-3.233817,-0.150617629,-0.005598146
wheel,1780715169.148689032,15.200333357,-0.883185935,0.030935831,-0.056440757,-3.233817,-0.883185935,0.030935831,-3.233817,-0.151143865,-0.005542165
wheel,1780715169.168265104,15.219909430,-0.883185935,0.030935831,-0.056440757,-3.233817,-0.883185935,0.030935831,-3.233817,-0.143586672,-0.005486743
wheel,1780715169.188269377,15.239913702,-0.889151276,0.031272878,-0.056440757,-3.233817,-0.889151276,0.031272878,-3.233817,-0.151337728,-0.005431876
wheel,1780715169.208258629,15.259902954,-0.892133908,0.031442091,-0.056903386,-3.260324,-0.892133908,0.031442091,-3.260324,-0.151245834,-0.005609071
wheel,1780715169.229665279,15.281309605,-0.895043754,0.031607850,-0.056903386,-3.260324,-0.895043754,0.031607850,-3.260324,-0.150489109,-0.005552980
wheel,1780715169.248255253,15.299899578,-0.897880817,0.031770121,-0.057366016,-3.286831,-0.897880817,0.031770121,-3.286831,-0.150608535,-0.005746335
wheel,1780715169.269208193,15.320852518,-0.897880817,0.031770121,-0.057366016,-3.286831,-0.897880817,0.031770121,-3.286831,-0.143078108,-0.005688872
wheel,1780715169.288247347,15.339891672,-0.904427971,0.032143079,-0.056440757,-3.233817,-0.904427971,0.032143079,-3.233817,-0.153145567,-0.005146019
wheel,1780715169.308280945,15.359925270,-0.906683012,0.032273107,-0.058753903,-3.366351,-0.906683012,0.032273107,-3.366351,-0.151127799,-0.006249604
wheel,1780715169.328249454,15.379893780,-0.909665245,0.032449219,-0.059216532,-3.392857,-0.909665245,0.032449219,-3.392857,-0.151049435,-0.006418716
rtabmap,1780715169.331055403,15.933222771,-0.363651097,-0.862637579,-1.965121084,-112.593144,0.934545081,0.055496603,3.700851,0.149892628,0.002665826
wheel,1780715169.348381519,15.400025845,-0.912647477,0.032625331,-0.058753903,-3.366351,-0.912647477,0.032625331,-3.366351,-0.150916188,-0.006124742
wheel,1780715169.368517399,15.420161724,-0.912647477,0.032625331,-0.058753903,-3.366351,-0.912647477,0.032625331,-3.366351,-0.143370378,-0.006063495
wheel,1780715169.388279915,15.439924240,-0.912647477,0.032625331,-0.058753903,-3.366351,-0.912647477,0.032625331,-3.366351,-0.136201859,-0.006002860
wheel,1780715169.408377171,15.460021496,-0.921157516,0.033131831,-0.060141790,-3.445871,-0.921157516,0.033131831,-3.445871,-0.150610690,-0.006633720
wheel,1780715169.428504467,15.480148792,-0.921157516,0.033131831,-0.060141790,-3.445871,-0.921157516,0.033131831,-3.445871,-0.143080155,-0.006567383
wheel,1780715169.448356628,15.500000954,-0.927121403,0.033493713,-0.061067049,-3.498884,-0.927121403,0.033493713,-3.498884,-0.150973077,-0.006967739
wheel,1780715169.468536854,15.520181179,-0.927121403,0.033493713,-0.061067049,-3.498884,-0.927121403,0.033493713,-3.498884,-0.143424423,-0.006898061
wheel,1780715169.488276243,15.539920568,-0.927121403,0.033493713,-0.061067049,-3.498884,-0.927121403,0.033493713,-3.498884,-0.136253202,-0.006829081
wheel,1780715169.510278463,15.561922789,-0.935921399,0.034033815,-0.061529678,-3.525391,-0.935921399,0.034033815,-3.525391,-0.149473106,-0.006971023
wheel,1780715169.528257608,15.579901934,-0.938394090,0.034186151,-0.061529678,-3.525391,-0.938394090,0.034186151,-3.525391,-0.148890504,-0.006901312
wheel,1780715169.550273657,15.601917982,-0.938394090,0.034186151,-0.061529678,-3.525391,-0.938394090,0.034186151,-3.525391,-0.141445979,-0.006832299
wheel,1780715169.568826675,15.620471001,-0.941448591,0.034374331,-0.061529678,-3.525391,-0.941448591,0.034374331,-3.525391,-0.142622057,-0.006763976
wheel,1780715169.588240147,15.639884472,-0.947048588,0.034718032,-0.061067049,-3.498884,-0.947048588,0.034718032,-3.498884,-0.149939465,-0.006458060
rtabmap,1780715169.597740650,16.199908018,-0.377565652,-0.898230195,-1.962456253,-112.440461,0.972618862,0.058788466,3.853535,0.143265665,0.009993778
wheel,1780715169.608281612,15.659925938,-0.949884951,0.034892114,-0.061529678,-3.525391,-0.949884951,0.034892114,-3.525391,-0.149538965,-0.006624540
wheel,1780715169.629257441,15.680901766,-0.949884951,0.034892114,-0.061529678,-3.525391,-0.949884951,0.034892114,-3.525391,-0.142062017,-0.006558295
wheel,1780715169.648408651,15.700052977,-0.955848329,0.035262272,-0.062454936,-3.578404,-0.955848329,0.035262272,-3.578404,-0.150597597,-0.006977069
wheel,1780715169.668670177,15.720314503,-0.955848329,0.035262272,-0.062454936,-3.578404,-0.955848329,0.035262272,-3.578404,-0.143067717,-0.006907299
wheel,1780715169.688261509,15.739905834,-0.961811536,0.035635189,-0.062454936,-3.578404,-0.961811536,0.035635189,-3.578404,-0.151149149,-0.006838226
wheel,1780715169.708260298,15.759904623,-0.964429529,0.035798909,-0.062454936,-3.578404,-0.964429529,0.035798909,-3.578404,-0.150150326,-0.006769843
wheel,1780715169.730215073,15.781859398,-0.964429529,0.035798909,-0.062454936,-3.578404,-0.964429529,0.035798909,-3.578404,-0.142642809,-0.006702145
wheel,1780715169.748284101,15.799928427,-0.967338326,0.035982165,-0.063380195,-3.631418,-0.967338326,0.035982165,-3.631418,-0.143576708,-0.007147253
wheel,1780715169.769210100,15.820854425,-0.970247037,0.036166767,-0.063380195,-3.631418,-0.970247037,0.036166767,-3.631418,-0.143360660,-0.007075780
wheel,1780715169.788297653,15.839941978,-0.976282703,0.036548420,-0.062917565,-3.604911,-0.976282703,0.036548420,-3.604911,-0.152039626,-0.006762575
wheel,1780715169.809285402,15.860929728,-0.976282703,0.036548420,-0.062917565,-3.604911,-0.976282703,0.036548420,-3.604911,-0.144437645,-0.006694949
wheel,1780715169.828494787,15.880139112,-0.978755107,0.036705331,-0.063842824,-3.657924,-0.978755107,0.036705331,-3.657924,-0.143664679,-0.007109711
wheel,1780715169.848279953,15.899924278,-0.984499729,0.037071249,-0.063380195,-3.631418,-0.984499729,0.037071249,-3.631418,-0.151025383,-0.006804836
wheel,1780715169.868296623,15.919940948,-0.984499729,0.037071249,-0.063380195,-3.631418,-0.984499729,0.037071249,-3.631418,-0.143474114,-0.006736787
wheel,1780715169.888255596,15.939899921,-0.990098916,0.037427903,-0.063842824,-3.657924,-0.990098916,0.037427903,-3.657924,-0.150328766,-0.006900767
wheel,1780715169.908249378,15.959893703,-0.992862111,0.037604553,-0.063842824,-3.657924,-0.992862111,0.037604553,-3.657924,-0.149737643,-0.006831760
wheel,1780715169.929966927,15.981611252,-0.992862111,0.037604553,-0.063842824,-3.657924,-0.992862111,0.037604553,-3.657924,-0.142250761,-0.006763442
rtabmap,1780715169.931818724,16.533986092,-0.394026190,-0.943333268,-1.960531854,-112.330201,1.020346892,0.064010688,3.963795,0.143592492,0.005759968
wheel,1780715169.948302984,15.999947309,-0.999988244,0.038060125,-0.063842824,-3.657924,-0.999988244,0.038060125,-3.657924,-0.154614219,-0.006695808
wheel,1780715169.969621181,16.021265507,-0.999988244,0.038060125,-0.063842824,-3.657924,-0.999988244,0.038060125,-3.657924,-0.146883508,-0.006628850
wheel,1780715169.988265514,16.039909840,-1.004714692,0.038363383,-0.064305453,-3.684431,-1.004714692,0.038363383,-3.684431,-0.152238415,-0.006810651
wheel,1780715170.008274794,16.059919119,-1.007695900,0.038556048,-0.064768082,-3.710938,-1.007695900,0.038556048,-3.710938,-0.152100149,-0.006974016
wheel,1780715170.028263092,16.079907417,-1.010604353,0.038744687,-0.064768082,-3.710938,-1.010604353,0.038744687,-3.710938,-0.151778779,-0.006904276
wheel,1780715170.048572302,16.100216627,-1.013440052,0.038929266,-0.065230711,-3.737444,-1.013440052,0.038929266,-3.737444,-0.151185023,-0.007062997
wheel,1780715170.068269968,16.119914293,-1.013440052,0.038929266,-0.065230711,-3.737444,-1.013440052,0.038929266,-3.737444,-0.143625772,-0.006992367
wheel,1780715170.088490486,16.140134811,-1.016277263,0.039088912,-0.047188174,-2.703683,-1.016277263,0.039088912,-2.703683,-0.143463807,0.001990984
wheel,1780715170.108262777,16.159907103,-1.022096956,0.039420430,-0.066618599,-3.816965,-1.022096956,0.039420430,-3.816965,-0.151033041,-0.007857209
wheel,1780715170.129098415,16.180742741,-1.024786989,0.039599277,-0.066155970,-3.790458,-1.024786989,0.039599277,-3.790458,-0.149950413,-0.007556620
wheel,1780715170.153102636,16.204746962,-1.024786989,0.039599277,-0.066155970,-3.790458,-1.024786989,0.039599277,-3.790458,-0.142452892,-0.007481054
wheel,1780715170.168333292,16.219977617,-1.027549767,0.039782318,-0.066155970,-3.790458,-1.027549767,0.039782318,-3.790458,-0.144421919,-0.007406243
wheel,1780715170.188245058,16.239889383,-1.033220560,0.040160658,-0.067081228,-3.843471,-1.033220560,0.040160658,-3.843471,-0.151469720,-0.007796777
wheel,1780715170.208268642,16.259912968,-1.036055824,0.040351796,-0.067543857,-3.869978,-1.036055824,0.040351796,-3.869978,-0.150992284,-0.007949856
wheel,1780715170.228223801,16.279868126,-1.036055824,0.040351796,-0.067543857,-3.869978,-1.036055824,0.040351796,-3.869978,-0.143442670,-0.007870358
rtabmap,1780715170.231510162,16.833677530,-0.409230888,-0.986650825,-1.957509562,-112.157036,1.065917840,0.069567868,4.136959,0.152977809,0.010084773
wheel,1780715170.248412371,16.300056696,-1.041944265,0.040751498,-0.068006486,-3.896485,-1.041944265,0.040751498,-3.896485,-0.150888388,-0.008020819
wheel,1780715170.268295288,16.319939613,-1.041944265,0.040751498,-0.068006486,-3.896485,-1.041944265,0.040751498,-3.896485,-0.143343969,-0.007940611
wheel,1780715170.288278341,16.339922667,-1.047759734,0.041150302,-0.068931744,-3.949498,-1.047759734,0.041150302,-3.949498,-0.150758642,-0.008324121
wheel,1780715170.309612513,16.361256838,-1.047759734,0.041150302,-0.068931744,-3.949498,-1.047759734,0.041150302,-3.949498,-0.143220710,-0.008240880
wheel,1780715170.328242064,16.379886389,-1.054083754,0.041588389,-0.069394374,-3.976005,-1.054083754,0.041588389,-3.976005,-0.153073004,-0.008406796
wheel,1780715170.348249674,16.399893999,-1.056482444,0.041755670,-0.069857003,-4.002511,-1.056482444,0.041755670,-4.002511,-0.151428354,-0.008553954
wheel,1780715170.368331194,16.419975519,-1.056482444,0.041755670,-0.069857003,-4.002511,-1.056482444,0.041755670,-4.002511,-0.143856937,-0.008468415
wheel,1780715170.389322758,16.440967083,-1.056482444,0.041755670,-0.069857003,-4.002511,-1.056482444,0.041755670,-4.002511,-0.136664090,-0.008383731
wheel,1780715170.408307791,16.459952116,-1.065059436,0.042355809,-0.069857003,-4.002511,-1.065059436,0.042355809,-4.002511,-0.152484614,-0.008299893
wheel,1780715170.428272724,16.479917049,-1.067821518,0.042549075,-0.069857003,-4.002511,-1.067821518,0.042549075,-4.002511,-0.151793471,-0.008216895
wheel,1780715170.450670242,16.502314568,-1.070801611,0.042758287,-0.070319632,-4.029018,-1.070801611,0.042758287,-4.029018,-0.150874961,-0.008341343
wheel,1780715170.468302488,16.519946814,-1.070801611,0.042758287,-0.070319632,-4.029018,-1.070801611,0.042758287,-4.029018,-0.143331213,-0.008257930
wheel,1780715170.488361359,16.540005684,-1.076470779,0.043160235,-0.071244890,-4.082032,-1.076470779,0.043160235,-4.082032,-0.150332797,-0.008636666
wheel,1780715170.508268356,16.559912682,-1.079377949,0.043367707,-0.071244890,-4.082032,-1.079377949,0.043367707,-4.082032,-0.150135468,-0.008550299
wheel,1780715170.528365612,16.580009937,-1.079377949,0.043367707,-0.071244890,-4.082032,-1.079377949,0.043367707,-4.082032,-0.142628695,-0.008464796
wheel,1780715170.548261404,16.599905729,-1.082285119,0.043575179,-0.071244890,-4.082032,-1.082285119,0.043575179,-4.082032,-0.142823677,-0.008380148
wheel,1780715170.568249941,16.619894266,-1.085337648,0.043793025,-0.071244890,-4.082032,-1.085337648,0.043793025,-4.082032,-0.143335055,-0.008296347
wheel,1780715170.588243723,16.639888048,-1.091151987,0.044207969,-0.071244890,-4.082032,-1.091151987,0.044207969,-4.082032,-0.150746348,-0.008213383
rtabmap,1780715170.598405600,17.200572968,-0.428361744,-1.035774708,-1.953213892,-111.910913,1.118433549,0.074177190,4.383083,0.143668547,0.011708776
wheel,1780715170.610749245,16.662393570,-1.093913707,0.044406346,-0.072170149,-4.135045,-1.093913707,0.044406346,-4.135045,-0.149360358,-0.008542366
wheel,1780715170.629239321,16.680883646,-1.093913707,0.044406346,-0.072170149,-4.135045,-1.093913707,0.044406346,-4.135045,-0.141892340,-0.008456942
wheel,1780715170.648899794,16.700544119,-1.096747962,0.044611909,-0.072632778,-4.161552,-1.096747962,0.044611909,-4.161552,-0.142022119,-0.008607599
wheel,1780715170.668284416,16.719928741,-1.101618495,0.044944780,-0.063842824,-3.657924,-1.101618495,0.044944780,-3.657924,-0.147515829,-0.003986076
wheel,1780715170.689443350,16.741087675,-1.101618495,0.044944780,-0.063842824,-3.657924,-1.101618495,0.044944780,-3.657924,-0.140140037,-0.003946216
wheel,1780715170.708282709,16.759927034,-1.108379085,0.045406826,-0.072632778,-4.161552,-1.108379085,0.045406826,-4.161552,-0.151118985,-0.008572847
wheel,1780715170.728258371,16.779902697,-1.111140527,0.045609034,-0.073558036,-4.214565,-1.111140527,0.045609034,-4.214565,-0.150492565,-0.008950245
wheel,1780715170.748431206,16.800075531,-1.114047209,0.045823231,-0.073558036,-4.214565,-1.114047209,0.045823231,-4.214565,-0.150191748,-0.008860743
wheel,1780715170.768280268,16.819924593,-1.114047209,0.045823231,-0.073558036,-4.214565,-1.114047209,0.045823231,-4.214565,-0.142682161,-0.008772135
wheel,1780715170.788524151,16.840168476,-1.114047209,0.045823231,-0.073558036,-4.214565,-1.114047209,0.045823231,-4.214565,-0.135548053,-0.008684414
wheel,1780715170.808251619,16.859895945,-1.123057615,0.046491408,-0.074483294,-4.267578,-1.123057615,0.046491408,-4.267578,-0.151668629,-0.009066550
wheel,1780715170.831683874,16.883328199,-1.125891485,0.046702216,-0.074020665,-4.241072,-1.125891485,0.046702216,-4.241072,-0.150148909,-0.008778450
wheel,1780715170.848415136,16.900059462,-1.128797968,0.046919101,-0.074945924,-4.294085,-1.128797968,0.046919101,-4.294085,-0.151352390,-0.009243740
rtabmap,1780715170.865656853,17.467824221,-0.441348702,-1.071967363,-1.950697115,-111.766712,1.156634381,0.078566478,4.527284,0.143777102,0.009418840
wheel,1780715170.870310783,16.921955109,-1.128797968,0.046919101,-0.074945924,-4.294085,-1.128797968,0.046919101,-4.294085,-0.143784770,-0.009151303
wheel,1780715170.888252974,16.939897299,-1.134756051,0.047366473,-0.074945924,-4.294085,-1.134756051,0.047366473,-4.294085,-0.153234552,-0.009059790
wheel,1780715170.908213377,16.959857702,-1.137444501,0.047567715,-0.074483294,-4.267578,-1.137444501,0.047567715,-4.267578,-0.152326042,-0.008737421
wheel,1780715170.928278923,16.979923248,-1.140278273,0.047779834,-0.074945924,-4.294085,-1.140278273,0.047779834,-4.294085,-0.151793055,-0.008880680
wheel,1780715170.948884726,17.000529051,-1.140278273,0.047779834,-0.074945924,-4.294085,-1.140278273,0.047779834,-4.294085,-0.144203402,-0.008791873
wheel,1780715170.968304396,17.019948721,-1.143039336,0.047987152,-0.074945924,-4.294085,-1.143039336,0.047987152,-4.294085,-0.144124980,-0.008703955
wheel,1780715170.988890648,17.040534973,-1.143039336,0.047987152,-0.074945924,-4.294085,-1.143039336,0.047987152,-4.294085,-0.136918731,-0.008616915
wheel,1780715171.009102345,17.060746670,-1.148634024,0.048408540,-0.075408553,-4.320592,-1.148634024,0.048408540,-4.320592,-0.143955496,-0.008759692
wheel,1780715171.028294325,17.079938650,-1.151758331,0.048643860,-0.074945924,-4.294085,-1.151758331,0.048643860,-4.294085,-0.144919681,-0.008431062
wheel,1780715171.050377131,17.102021456,-1.157425578,0.049072031,-0.075871182,-4.347099,-1.157425578,0.049072031,-4.347099,-0.150543051,-0.008765778
wheel,1780715171.068352222,17.119996548,-1.157425578,0.049072031,-0.075871182,-4.347099,-1.157425578,0.049072031,-4.347099,-0.143015898,-0.008678121
wheel,1780715171.088329554,17.139973879,-1.157425578,0.049072031,-0.075871182,-4.347099,-1.157425578,0.049072031,-4.347099,-0.135865103,-0.008591339
wheel,1780715171.108268261,17.159912586,-1.166144115,0.049734789,-0.075871182,-4.347099,-1.166144115,0.049734789,-4.347099,-0.150995389,-0.008505426
wheel,1780715171.128274202,17.179918528,-1.168904888,0.049945939,-0.076796440,-4.400112,-1.168904888,0.049945939,-4.400112,-0.150365570,-0.008882858
wheel,1780715171.148338795,17.199983120,-1.171883564,0.050174449,-0.076333811,-4.373605,-1.171883564,0.050174449,-4.373605,-0.150292260,-0.008563446
rtabmap,1780715171.165214062,17.767381430,-0.456726879,-1.114619493,-1.948387584,-111.634385,1.201685600,0.083673360,4.659610,0.151268989,0.007710919
wheel,1780715171.168249846,17.219894171,-1.171883564,0.050174449,-0.076333811,-4.373605,-1.171883564,0.050174449,-4.373605,-0.142777647,-0.008477811
wheel,1780715171.188289881,17.239934206,-1.177695716,0.050618976,-0.076333811,-4.373605,-1.177695716,0.050618976,-4.373605,-0.150181778,-0.008393033
wheel,1780715171.208336830,17.259981155,-1.180456489,0.050830127,-0.076333811,-4.373605,-1.180456489,0.050830127,-4.373605,-0.149582840,-0.008309103
wheel,1780715171.228330851,17.279975176,-1.183362565,0.051052390,-0.076333811,-4.373605,-1.183362565,0.051052390,-4.373605,-0.149387423,-0.008226012
wheel,1780715171.248276472,17.299920797,-1.186413837,0.051287179,-0.077259069,-4.426619,-1.186413837,0.051287179,-4.426619,-0.149592483,-0.008607814
wheel,1780715171.268359900,17.320004225,-1.186413837,0.051287179,-0.077259069,-4.426619,-1.186413837,0.051287179,-4.426619,-0.142112859,-0.008521736
wheel,1780715171.288472652,17.340116978,-1.186413837,0.051287179,-0.077259069,-4.426619,-1.186413837,0.051287179,-4.426619,-0.135007216,-0.008436519
wheel,1780715171.308436394,17.360080719,-1.194913354,0.051947131,-0.077721698,-4.453125,-1.194913354,0.051947131,-4.453125,-0.149602958,-0.008583830
wheel,1780715171.328725100,17.380369425,-1.197819119,0.052173428,-0.077721698,-4.453125,-1.197819119,0.052173428,-4.453125,-0.149306970,-0.008497992
wheel,1780715171.350014448,17.401658773,-1.197819119,0.052173428,-0.077721698,-4.453125,-1.197819119,0.052173428,-4.453125,-0.141841621,-0.008413012
wheel,1780715171.368265629,17.419909954,-1.200797474,0.052406071,-0.078184328,-4.479632,-1.200797474,0.052406071,-4.479632,-0.142931286,-0.008582285
wheel,1780715171.388281822,17.439926147,-1.200797474,0.052406071,-0.078184328,-4.479632,-1.200797474,0.052406071,-4.479632,-0.135784722,-0.008496462
wheel,1780715171.408302069,17.459946394,-1.206536049,0.052856990,-0.078646957,-4.506139,-1.206536049,0.052856990,-4.506139,-0.143372275,-0.008642589
wheel,1780715171.429551601,17.481195927,-1.212274414,0.053310563,-0.079109586,-4.532645,-1.212274414,0.053310563,-4.532645,-0.149750084,-0.008773907
wheel,1780715171.448319435,17.499963760,-1.215179863,0.053540893,-0.079109586,-4.532645,-1.215179863,0.053540893,-4.532645,-0.150028549,-0.008686168
wheel,1780715171.468246460,17.519890785,-1.215179863,0.053540893,-0.079109586,-4.532645,-1.215179863,0.053540893,-4.532645,-0.142527121,-0.008599307
wheel,1780715171.488250732,17.539895058,-1.220990759,0.054001552,-0.079109586,-4.532645,-1.220990759,0.054001552,-4.532645,-0.149971860,-0.008513313
wheel,1780715171.508323193,17.559967518,-1.220990759,0.054001552,-0.079109586,-4.532645,-1.220990759,0.054001552,-4.532645,-0.142473267,-0.008428180
wheel,1780715171.528247595,17.579891920,-1.226728703,0.054460435,-0.080497473,-4.612165,-1.226728703,0.054460435,-4.612165,-0.149791062,-0.009040292
rtabmap,1780715171.531435728,18.133603096,-0.479712337,-1.162495732,-1.944057852,-111.386310,1.254790256,0.084274225,4.907686,0.144660801,0.011823015
wheel,1780715171.548320532,17.599964857,-1.226728703,0.054460435,-0.080497473,-4.612165,-1.226728703,0.054460435,-4.612165,-0.142301509,-0.008949889
wheel,1780715171.569931507,17.621575832,-1.229561147,0.054689592,-0.080960103,-4.638672,-1.229561147,0.054689592,-4.638672,-0.141758636,-0.009074381
wheel,1780715171.589701891,17.641346216,-1.235661683,0.055184574,-0.080960103,-4.638672,-1.235661683,0.055184574,-4.638672,-0.150150064,-0.008983637
wheel,1780715171.608357668,17.660001993,-1.238348774,0.055403224,-0.081422732,-4.665179,-1.238348774,0.055403224,-4.665179,-0.149872655,-0.009141938
wheel,1780715171.628301144,17.679945469,-1.241253681,0.055640273,-0.081422732,-4.665179,-1.241253681,0.055640273,-4.665179,-0.149682416,-0.009050519
wheel,1780715171.648247242,17.699891567,-1.244158589,0.055877323,-0.081422732,-4.665179,-1.244158589,0.055877323,-4.665179,-0.149503871,-0.008960014
wheel,1780715171.669637442,17.721281767,-1.244158589,0.055877323,-0.081422732,-4.665179,-1.244158589,0.055877323,-4.665179,-0.142028677,-0.008870413
wheel,1780715171.689718485,17.741362810,-1.249968185,0.056354110,-0.082347990,-4.718192,-1.249968185,0.056354110,-4.718192,-0.149444351,-0.009242570
wheel,1780715171.709247351,17.760891676,-1.252872872,0.056593847,-0.082347990,-4.718192,-1.252872872,0.056593847,-4.718192,-0.149432870,-0.009150144
wheel,1780715171.728261709,17.779906034,-1.256067782,0.056860514,-0.084198507,-4.824219,-1.256067782,0.056860514,-4.824219,-0.150392385,-0.010031937
wheel,1780715171.748425484,17.800069809,-1.258464011,0.057059961,-0.081885361,-4.691686,-1.258464011,0.057059961,-4.691686,-0.148838756,-0.008783760
wheel,1780715171.769698620,17.821342945,-1.258464011,0.057059961,-0.081885361,-4.691686,-1.258464011,0.057059961,-4.691686,-0.141396818,-0.008695922
wheel,1780715171.788761854,17.840406179,-1.264564318,0.057557765,-0.080960103,-4.638672,-1.264564318,0.057557765,-4.638672,-0.150380148,-0.008123606
wheel,1780715171.808279991,17.859924316,-1.267033396,0.057760399,-0.082810619,-4.744699,-1.267033396,0.057760399,-4.744699,-0.149209198,-0.008990726
wheel,1780715171.828321457,17.879965782,-1.267033396,0.057760399,-0.082810619,-4.744699,-1.267033396,0.057760399,-4.744699,-0.141748738,-0.008900819
rtabmap,1780715171.831285000,18.433452368,-0.495302409,-1.203155875,-1.940138459,-111.161745,1.298149457,0.088308732,5.132250,0.145224184,0.013071543
wheel,1780715171.848297358,17.899941683,-1.272769823,0.058237861,-0.083273248,-4.771206,-1.272769823,0.058237861,-4.771206,-0.149071728,-0.009043443
wheel,1780715171.868254185,17.919898510,-1.272769823,0.058237861,-0.083273248,-4.771206,-1.272769823,0.058237861,-4.771206,-0.141618142,-0.008953009
wheel,1780715171.888295412,17.939939737,-1.278651249,0.058730132,-0.083735878,-4.797712,-1.278651249,0.058730132,-4.797712,-0.149264314,-0.009094356
wheel,1780715171.908265114,17.959909439,-1.281628152,0.058980683,-0.084198507,-4.824219,-1.281628152,0.058980683,-4.824219,-0.149280195,-0.009235053
wheel,1780715171.928258657,17.979902983,-1.284532390,0.059225795,-0.084198507,-4.824219,-1.284532390,0.059225795,-4.824219,-0.149104078,-0.009142702
wheel,1780715171.948310375,17.999954700,-1.287436629,0.059470907,-0.084198507,-4.824219,-1.287436629,0.059470907,-4.824219,-0.148922198,-0.009051275
wheel,1780715171.968531132,18.020175457,-1.287436629,0.059470907,-0.084198507,-4.824219,-1.287436629,0.059470907,-4.824219,-0.141476088,-0.008960762
wheel,1780715171.988250732,18.039895058,-1.293535767,0.059982821,-0.083273248,-4.771206,-1.293535767,0.059982821,-4.771206,-0.149918131,-0.008402044
wheel,1780715172.008264542,18.059908867,-1.296149684,0.060202213,-0.084198507,-4.824219,-1.296149684,0.060202213,-4.824219,-0.148976717,-0.008780421
wheel,1780715172.030185938,18.081830263,-1.299416631,0.060481742,-0.086511652,-4.956753,-1.299416631,0.060481742,-4.956753,-0.149005879,-0.009747714
wheel,1780715172.048304558,18.099948883,-1.301884942,0.060693513,-0.084661136,-4.850726,-1.301884942,0.060693513,-4.850726,-0.148392501,-0.008628849
wheel,1780715172.069131851,18.120776176,-1.301884942,0.060693513,-0.084661136,-4.850726,-1.301884942,0.060693513,-4.850726,-0.140972876,-0.008542560
wheel,1780715172.088390112,18.140034437,-1.307692963,0.061189112,-0.085586394,-4.903739,-1.307692963,0.061189112,-4.903739,-0.149058703,-0.008937594
wheel,1780715172.108294010,18.159938335,-1.310596859,0.061438254,-0.085586394,-4.903739,-1.310596859,0.061438254,-4.903739,-0.148927621,-0.008848218
wheel,1780715172.128251076,18.179895401,-1.313645828,0.061701265,-0.086511652,-4.956753,-1.313645828,0.061701265,-4.956753,-0.149147239,-0.009223288
wheel,1780715172.148260832,18.199905157,-1.316476957,0.061946143,-0.086049023,-4.930246,-1.316476957,0.061946143,-4.930246,-0.148791000,-0.008899843
wheel,1780715172.168338537,18.219982862,-1.316476957,0.061946143,-0.086049023,-4.930246,-1.316476957,0.061946143,-4.930246,-0.141351450,-0.008810844
wheel,1780715172.188270330,18.239914656,-1.322502180,0.062467295,-0.086511652,-4.956753,-1.322502180,0.062467295,-4.956753,-0.149455460,-0.008954850
rtabmap,1780715172.197701216,18.799868584,-0.517632067,-1.254618764,-1.934816082,-110.856796,1.354179158,0.091086348,5.437200,0.152977720,0.014525945
wheel,1780715172.208423376,18.260067701,-1.325260661,0.062706533,-0.086511652,-4.956753,-1.325260661,0.062706533,-4.956753,-0.148850339,-0.008865302
wheel,1780715172.228269339,18.279913664,-1.328164324,0.062958363,-0.086511652,-4.956753,-1.328164324,0.062958363,-4.956753,-0.148752021,-0.008776649
wheel,1780715172.248257160,18.299901485,-1.331067988,0.063210192,-0.086511652,-4.956753,-1.331067988,0.063210192,-4.956753,-0.148604313,-0.008688882
wheel,1780715172.268261909,18.319906235,-1.331067988,0.063210192,-0.086511652,-4.956753,-1.331067988,0.063210192,-4.956753,-0.141174097,-0.008601994
wheel,1780715172.288337231,18.339981556,-1.336948025,0.063718786,-0.086049023,-4.930246,-1.336948025,0.063718786,-4.930246,-0.148828641,-0.008285313
wheel,1780715172.309760809,18.361405134,-1.339706616,0.063956748,-0.086049023,-4.930246,-1.339706616,0.063956748,-4.930246,-0.147843367,-0.008202460
wheel,1780715172.328295946,18.379940271,-1.342610396,0.064207234,-0.086049023,-4.930246,-1.342610396,0.064207234,-4.930246,-0.148319234,-0.008120435
wheel,1780715172.348237514,18.399881840,-1.345514176,0.064457720,-0.086049023,-4.930246,-1.345514176,0.064457720,-4.930246,-0.148204921,-0.008039231
wheel,1780715172.368279457,18.419923782,-1.345514176,0.064457720,-0.086049023,-4.930246,-1.345514176,0.064457720,-4.930246,-0.140794675,-0.007958839
wheel,1780715172.388366699,18.440011024,-1.345514176,0.064457720,-0.086049023,-4.930246,-1.345514176,0.064457720,-4.930246,-0.133754941,-0.007879250
wheel,1780715172.408260822,18.459905148,-1.354733493,0.065255145,-0.086511652,-4.956753,-1.354733493,0.065255145,-4.956753,-0.150316027,-0.008032917
wheel,1780715172.428262472,18.479906797,-1.356983788,0.065450834,-0.086974282,-4.983259,-1.356983788,0.065450834,-4.983259,-0.148446391,-0.008183870
wheel,1780715172.448320866,18.499965191,-1.356983788,0.065450834,-0.086974282,-4.983259,-1.356983788,0.065450834,-4.983259,-0.141024071,-0.008102031
wheel,1780715172.468390703,18.520035028,-1.359814803,0.065697022,-0.086511652,-4.956753,-1.359814803,0.065697022,-4.956753,-0.141061491,-0.007790205
wheel,1780715172.488267183,18.539911509,-1.364895805,0.066142425,-0.088362169,-5.062779,-1.364895805,0.066142425,-5.062779,-0.146821352,-0.008642040
wheel,1780715172.513112068,18.564756393,-1.364895805,0.066142425,-0.088362169,-5.062779,-1.364895805,0.066142425,-5.062779,-0.139480285,-0.008555619
wheel,1780715172.529072046,18.580716372,-1.367363417,0.066362188,-0.089287427,-5.115793,-1.367363417,0.066362188,-5.115793,-0.140269001,-0.009049912
wheel,1780715172.548370123,18.600014448,-1.370338509,0.066633391,-0.092525832,-5.301340,-1.370338509,0.066633391,-5.301340,-0.140990326,-0.010636329
rtabmap,1780715172.564306498,19.166473866,-0.535705864,-1.312870622,-1.928322943,-110.484766,1.414410143,0.100686842,5.809230,0.166036054,0.017711118
wheel,1780715172.568264008,18.619908333,-1.372297467,0.066814707,-0.092063202,-5.274833,-1.372297467,0.066814707,-5.274833,-0.138885726,-0.010297401
wheel,1780715172.589508295,18.641152620,-1.372297467,0.066814707,-0.092063202,-5.274833,-1.372297467,0.066814707,-5.274833,-0.131941440,-0.010194427
wheel,1780715172.608272791,18.659917116,-1.377302825,0.067287334,-0.096226865,-5.513393,-1.377302825,0.067287334,-5.513393,-0.138738621,-0.012310992
wheel,1780715172.628366232,18.680010557,-1.379840985,0.067535293,-0.098540011,-5.645927,-1.379840985,0.067535293,-5.645927,-0.138148101,-0.013339159
wheel,1780715172.648252726,18.699897051,-1.384407775,0.068000638,-0.104554190,-5.990514,-1.384407775,0.068000638,-5.990514,-0.142781463,-0.016229803
wheel,1780715172.669239283,18.720883608,-1.384407775,0.068000638,-0.104554190,-5.990514,-1.384407775,0.068000638,-5.990514,-0.135642390,-0.016067505
wheel,1780715172.688280821,18.739925146,-1.384407775,0.068000638,-0.104554190,-5.990514,-1.384407775,0.068000638,-5.990514,-0.128860270,-0.015906830
wheel,1780715172.709816694,18.761461020,-1.390781959,0.068696369,-0.112881514,-6.467634,-1.390781959,0.068696369,-6.467634,-0.137303315,-0.019614270
wheel,1780715172.728257418,18.779901743,-1.392808848,0.068928994,-0.115657289,-6.626675,-1.392808848,0.068928994,-6.626675,-0.135970557,-0.020923544
wheel,1780715172.748250723,18.799895048,-1.395124546,0.069201280,-0.118433064,-6.785715,-1.395124546,0.069201280,-6.785715,-0.135002413,-0.022102496
wheel,1780715172.768311739,18.819956064,-1.395124546,0.069201280,-0.118433064,-6.785715,-1.395124546,0.069201280,-6.785715,-0.128252292,-0.021881471
wheel,1780715172.788300037,18.839944363,-1.399537018,0.069735638,-0.122596727,-7.024275,-1.399537018,0.069735638,-7.024275,-0.132957692,-0.023745656
wheel,1780715172.808306694,18.859951019,-1.401778659,0.070013420,-0.123984614,-7.103795,-1.401778659,0.070013420,-7.103795,-0.131954963,-0.024201921
wheel,1780715172.828288555,18.879932880,-1.404092144,0.070303909,-0.125835131,-7.209822,-1.404092144,0.070303909,-7.209822,-0.131191981,-0.024886055
wheel,1780715172.848278284,18.899922609,-1.406405223,0.070597610,-0.126760389,-7.262835,-1.406405223,0.070597610,-7.262835,-0.130464714,-0.025100078
wheel,1780715172.868883610,18.920527935,-1.406405223,0.070597610,-0.126760389,-7.262835,-1.406405223,0.070597610,-7.262835,-0.123941478,-0.024849077
wheel,1780715172.888256788,18.939901114,-1.411463585,0.071251781,-0.130461422,-7.474889,-1.411463585,0.071251781,-7.474889,-0.130904948,-0.026510507
rtabmap,1780715172.897632599,19.499799967,-0.542663753,-1.343336940,-1.888241275,-108.188256,1.444806385,0.107944752,8.105740,0.092926256,0.120248355
wheel,1780715172.908241749,18.959886074,-1.413775140,0.071557248,-0.132311939,-7.580916,-1.413775140,0.071557248,-7.580916,-0.130193493,-0.027171400
wheel,1780715172.929252625,18.980896950,-1.413775140,0.071557248,-0.132311939,-7.580916,-1.413775140,0.071557248,-7.580916,-0.123683818,-0.026899686
wheel,1780715172.948266983,18.999911308,-1.419406760,0.072322673,-0.137863489,-7.898996,-1.419406760,0.072322673,-7.898996,-0.132445771,-0.029550571
wheel,1780715172.968300819,19.019945145,-1.419406760,0.072322673,-0.137863489,-7.898996,-1.419406760,0.072322673,-7.898996,-0.125823483,-0.029255065
wheel,1780715172.988269091,19.039913416,-1.423808017,0.072942660,-0.142027151,-8.137556,-1.423808017,0.072942660,-8.137556,-0.130661872,-0.031047679
wheel,1780715173.008284569,19.059928894,-1.426332331,0.073305400,-0.143415039,-8.217076,-1.426332331,0.073305400,-8.217076,-0.130500443,-0.031430716
wheel,1780715173.028270721,19.079915047,-1.428927985,0.073683907,-0.146190814,-8.376117,-1.428927985,0.073683907,-8.376117,-0.130536950,-0.032505093
wheel,1780715173.048314571,19.099958897,-1.431594743,0.074079716,-0.148503960,-8.508650,-1.431594743,0.074079716,-8.508650,-0.130735046,-0.033334043
wheel,1780715173.069039345,19.120683670,-1.431594743,0.074079716,-0.148503960,-8.508650,-1.431594743,0.074079716,-8.508650,-0.124198294,-0.033000703
wheel,1780715173.088281393,19.139925718,-1.436781406,0.074867939,-0.153130251,-8.773717,-1.436781406,0.074867939,-8.773717,-0.131622062,-0.035075225
wheel,1780715173.108303547,19.159947872,-1.436781406,0.074867939,-0.153130251,-8.773717,-1.436781406,0.074867939,-8.773717,-0.125040959,-0.034724473
wheel,1780715173.128273487,19.179917812,-1.441748950,0.075642859,-0.156368655,-8.959264,-1.441748950,0.075642859,-8.959264,-0.131374332,-0.035998539
wheel,1780715173.148457289,19.200101614,-1.444195745,0.076030931,-0.158219172,-9.065291,-1.444195745,0.076030931,-9.065291,-0.130943171,-0.036555462
wheel,1780715173.168299675,19.219944000,-1.444195745,0.076030931,-0.158219172,-9.065291,-1.444195745,0.076030931,-9.065291,-0.124396012,-0.036189907
wheel,1780715173.188351870,19.239996195,-1.449374893,0.076867109,-0.161920205,-9.277344,-1.449374893,0.076867109,-9.277344,-0.131256521,-0.037673554
rtabmap,1780715173.197794914,19.799962282,-0.552663028,-1.385856152,-1.854916544,-106.278889,1.487355706,0.117815116,10.015106,0.144974634,0.111023411
wheel,1780715173.208261251,19.259905577,-1.451963099,0.077293582,-0.164695980,-9.436385,-1.451963099,0.077293582,-9.436385,-0.131280838,-0.038690923
wheel,1780715173.228262901,19.279907227,-1.454478348,0.077714610,-0.167009126,-9.568918,-1.454478348,0.077714610,-9.568918,-0.131091650,-0.039460450
wheel,1780715173.250453711,19.302098036,-1.454478348,0.077714610,-0.167009126,-9.568918,-1.454478348,0.077714610,-9.568918,-0.124537067,-0.039065845
wheel,1780715173.268280268,19.319924593,-1.456992616,0.078141455,-0.169322272,-9.701452,-1.456992616,0.078141455,-9.701452,-0.125463434,-0.039972823
wheel,1780715173.290284872,19.341929197,-1.456992616,0.078141455,-0.169322272,-9.701452,-1.456992616,0.078141455,-9.701452,-0.119190262,-0.039573095
wheel,1780715173.313203812,19.364848137,-1.462448483,0.079089780,-0.174873822,-10.019532,-1.462448483,0.079089780,-10.019532,-0.125310862,-0.041599442
wheel,1780715173.328272820,19.379917145,-1.464887075,0.079526446,-0.179500113,-10.284599,-1.464887075,0.079526446,-10.284599,-0.127265433,-0.044253518
wheel,1780715173.348434687,19.400079012,-1.469975371,0.080460679,-0.183663776,-10.523159,-1.469975371,0.080460679,-10.523159,-0.133731855,-0.045876125
wheel,1780715173.369210005,19.420854330,-1.469975371,0.080460679,-0.183663776,-10.523159,-1.469975371,0.080460679,-10.523159,-0.127045262,-0.045417363
wheel,1780715173.388320446,19.439964771,-1.469975371,0.080460679,-0.183663776,-10.523159,-1.469975371,0.080460679,-10.523159,-0.120692999,-0.044963190
wheel,1780715173.408254623,19.459898949,-1.475770220,0.081580159,-0.198005279,-11.344867,-1.475770220,0.081580159,-11.344867,-0.129455855,-0.051704977
wheel,1780715173.428316832,19.479961157,-1.477197686,0.081873434,-0.207257863,-11.875001,-1.477197686,0.081873434,-11.875001,-0.126616222,-0.055801464
wheel,1780715173.449717522,19.501361847,-1.481766445,0.082807686,-0.196154763,-11.238840,-1.481766445,0.082807686,-11.238840,-0.131178198,-0.050056408
wheel,1780715173.468535423,19.520179749,-1.481766445,0.082807686,-0.196154763,-11.238840,-1.481766445,0.082807686,-11.238840,-0.124619288,-0.049555844
wheel,1780715173.489199877,19.540844202,-1.486909675,0.083842069,-0.200781054,-11.503907,-1.486909675,0.083842069,-11.503907,-0.131086093,-0.051299751
wheel,1780715173.508300543,19.559944868,-1.486909675,0.083842069,-0.200781054,-11.503907,-1.486909675,0.083842069,-11.503907,-0.124531788,-0.050786754
wheel,1780715173.529270649,19.580914974,-1.489336599,0.084339514,-0.203556829,-11.662947,-1.489336599,0.084339514,-11.662947,-0.124212196,-0.051602583
rtabmap,1780715173.530989408,20.133156776,-0.562729537,-1.431048989,-1.810442097,-103.730691,1.532331805,0.128809558,12.563304,0.138666093,0.133479819
wheel,1780715173.548291683,19.599936008,-1.491976023,0.084888789,-0.206795233,-11.848494,-1.491976023,0.084888789,-11.848494,-0.125088225,-0.052789053
wheel,1780715173.568265915,19.619910240,-1.494257551,0.085369646,-0.208645750,-11.954521,-1.494257551,0.085369646,-11.954521,-0.124670601,-0.053187636
wheel,1780715173.588272810,19.639917135,-1.499387460,0.086468191,-0.213272042,-12.219588,-1.499387460,0.086468191,-12.219588,-0.131547775,-0.054968053
wheel,1780715173.608252525,19.659896851,-1.501950364,0.087026952,-0.216047817,-12.378628,-1.501950364,0.087026952,-12.378628,-0.131534812,-0.055807670
wheel,1780715173.629452229,19.681096554,-1.504369658,0.087560269,-0.217898333,-12.484655,-1.504369658,0.087560269,-12.484655,-0.130801029,-0.056122490
wheel,1780715173.648396492,19.700040817,-1.505437588,0.087792840,-0.210958896,-12.087054,-1.505437588,0.087792840,-12.087054,-0.127145944,-0.051897815
wheel,1780715173.669624329,19.721268654,-1.506861136,0.088104580,-0.220211479,-12.617188,-1.506861136,0.088104580,-12.617188,-0.124221588,-0.055738128
wheel,1780715173.690630436,19.742274761,-1.506861136,0.088104580,-0.220211479,-12.617188,-1.506861136,0.088104580,-12.617188,-0.118010509,-0.055180746
wheel,1780715173.708499908,19.760144234,-1.514534817,0.089848383,-0.226688287,-12.988282,-1.514534817,0.089848383,-12.988282,-0.134129763,-0.058253594
wheel,1780715173.728254080,19.779898405,-1.517019151,0.090424428,-0.229001433,-13.120816,-1.517019151,0.090424428,-13.120816,-0.133877600,-0.058841911
wheel,1780715173.748774290,19.800418615,-1.519501875,0.091007367,-0.232239837,-13.306363,-1.519501875,0.091007367,-13.306363,-0.133398205,-0.059831773
wheel,1780715173.768498182,19.820142508,-1.519501875,0.091007367,-0.232239837,-13.306363,-1.519501875,0.091007367,-13.306363,-0.126728295,-0.059233456
wheel,1780715173.788211346,19.839855671,-1.521419180,0.091448198,-0.219748850,-12.590682,-1.521419180,0.091448198,-12.590682,-0.125380865,-0.052305902
wheel,1780715173.808259726,19.859904051,-1.526455565,0.092630732,-0.241492420,-13.836496,-1.526455565,0.092630732,-13.836496,-0.132015369,-0.062629553
wheel,1780715173.828307390,19.879951715,-1.528789372,0.093209556,-0.244730824,-14.022043,-1.528789372,0.093209556,-14.022043,-0.131411739,-0.063618649
rtabmap,1780715173.831213713,20.433381081,-0.571121633,-1.474027872,-1.771026838,-101.472363,1.574581293,0.140324436,14.821632,0.145699635,0.131285191
wheel,1780715173.848256826,19.899901152,-1.531121292,0.093795935,-0.247969229,-14.207590,-1.531121292,0.093795935,-14.207590,-0.130867604,-0.064605749
wheel,1780715173.868312597,19.919956923,-1.531121292,0.093795935,-0.247969229,-14.207590,-1.531121292,0.093795935,-14.207590,-0.124324223,-0.063959691
wheel,1780715173.888390541,19.940034866,-1.535779381,0.094991334,-0.254446037,-14.578684,-1.535779381,0.094991334,-14.578684,-0.130082920,-0.066545659
wheel,1780715173.908304214,19.959948540,-1.535779381,0.094991334,-0.254446037,-14.578684,-1.535779381,0.094991334,-14.578684,-0.123578774,-0.065880202
wheel,1780715173.928237200,19.979881525,-1.540078645,0.096119062,-0.258609699,-14.817244,-1.540078645,0.096119062,-14.817244,-0.128547633,-0.067309981
wheel,1780715173.948254824,19.999899149,-1.540078645,0.096119062,-0.258609699,-14.817244,-1.540078645,0.096119062,-14.817244,-0.122120252,-0.066636881
wheel,1780715173.968616724,20.020261049,-1.542120560,0.096662755,-0.261848103,-15.002791,-1.542120560,0.096662755,-15.002791,-0.121205183,-0.067561606
wheel,1780715173.988276482,20.039920807,-1.542120560,0.096662755,-0.261848103,-15.002791,-1.542120560,0.096662755,-15.002791,-0.115144924,-0.066885990
wheel,1780715174.008816242,20.060460567,-1.547885988,0.098230792,-0.269250170,-15.426898,-1.547885988,0.098230792,-15.426898,-0.123932624,-0.069820988
wheel,1780715174.028359413,20.080003738,-1.549641397,0.098717384,-0.271563316,-15.559432,-1.549641397,0.098717384,-15.559432,-0.122395882,-0.070306242
wheel,1780715174.048288345,20.099932671,-1.551746123,0.099307627,-0.275264349,-15.771485,-1.551746123,0.099307627,-15.771485,-0.121766360,-0.071462319
wheel,1780715174.068352222,20.119996548,-1.551746123,0.099307627,-0.275264349,-15.771485,-1.551746123,0.099307627,-15.771485,-0.115678042,-0.070747696
wheel,1780715174.088256836,20.139901161,-1.554549123,0.100106295,-0.279890640,-16.036552,-1.554549123,0.100106295,-16.036552,-0.117211610,-0.072363226
wheel,1780715174.108259916,20.159904242,-1.556229139,0.100591717,-0.282666415,-16.195593,-1.556229139,0.100591717,-16.195593,-0.115722827,-0.073027466
wheel,1780715174.128278971,20.179923296,-1.557697868,0.101020880,-0.285904819,-16.381139,-1.557697868,0.101020880,-16.381139,-0.113758364,-0.073914833
rtabmap,1780715174.130979776,20.733147144,-0.574527264,-1.506451011,-1.728113371,-99.013603,1.605158319,0.151633889,17.280393,0.108260006,0.143157020
wheel,1780715174.148773670,20.200417995,-1.557697868,0.101020880,-0.285904819,-16.381139,-1.557697868,0.101020880,-16.381139,-0.108070446,-0.073175684
wheel,1780715174.168291807,20.219936132,-1.559165200,0.101454797,-0.289143224,-16.566686,-1.559165200,0.101454797,-16.566686,-0.106589460,-0.074104260
wheel,1780715174.188309908,20.239954233,-1.562095205,0.102338232,-0.296545290,-16.990794,-1.562095205,0.102338232,-16.990794,-0.108900341,-0.077059232
wheel,1780715174.208286762,20.259931087,-1.563348800,0.102723812,-0.300246323,-17.202847,-1.563348800,0.102723812,-17.202847,-0.106737419,-0.078140969
wheel,1780715174.229101181,20.280745506,-1.563348800,0.102723812,-0.300246323,-17.202847,-1.563348800,0.102723812,-17.202847,-0.101400549,-0.077359559
wheel,1780715174.248869896,20.300514221,-1.564670429,0.103136013,-0.304409986,-17.441407,-1.564670429,0.103136013,-17.441407,-0.099831087,-0.078691567
wheel,1780715174.268235207,20.319879532,-1.565781843,0.103488018,-0.309036277,-17.706474,-1.565781843,0.103488018,-17.706474,-0.097849509,-0.080293521
wheel,1780715174.288269997,20.339914322,-1.567999732,0.104207437,-0.318288860,-18.236608,-1.567999732,0.104207437,-18.236608,-0.098776039,-0.084108844
wheel,1780715174.308388710,20.360033035,-1.569175215,0.104598067,-0.323377781,-18.528182,-1.569175215,0.104598067,-18.528182,-0.096916783,-0.085798102
wheel,1780715174.328419685,20.380064011,-1.569175215,0.104598067,-0.323377781,-18.528182,-1.569175215,0.104598067,-18.528182,-0.092070944,-0.084940121
wheel,1780715174.348274946,20.399919271,-1.571313074,0.105327228,-0.334018252,-19.137836,-1.571313074,0.105327228,-19.137836,-0.093149797,-0.089444338
rtabmap,1780715174.364404917,20.966572285,-0.572135627,-1.519667029,-1.675513918,-95.999876,1.615947473,0.159632465,20.294120,0.054313544,0.225338101
wheel,1780715174.368260622,20.419904947,-1.571313074,0.105327228,-0.334018252,-19.137836,-1.571313074,0.105327228,-19.137836,-0.088492307,-0.088549894
wheel,1780715174.388262749,20.439907074,-1.573648226,0.106154558,-0.346971868,-19.880024,-1.573648226,0.106154558,-19.880024,-0.090259890,-0.094139897
wheel,1780715174.408296347,20.459940672,-1.574538188,0.106478932,-0.352060789,-20.171597,-1.574538188,0.106478932,-20.171597,-0.088110839,-0.095738510
wheel,1780715174.431260824,20.482905149,-1.575631199,0.106884489,-0.358537597,-20.542691,-1.575631199,0.106884489,-20.542691,-0.086244174,-0.097602100
wheel,1780715174.448757410,20.500401735,-1.576789809,0.107322637,-0.364551776,-20.887278,-1.576789809,0.107322637,-20.887278,-0.085471431,-0.100063095
wheel,1780715174.468293905,20.519938231,-1.576789809,0.107322637,-0.364551776,-20.887278,-1.576789809,0.107322637,-20.887278,-0.081197860,-0.099062464
wheel,1780715174.488286257,20.539930582,-1.578963193,0.108167028,-0.376580134,-21.576452,-1.578963193,0.108167028,-21.576452,-0.082969394,-0.104088391
wheel,1780715174.510596752,20.562241077,-1.580181275,0.108653289,-0.383056943,-21.947546,-1.580181275,0.108653289,-21.947546,-0.081760338,-0.105950632
wheel,1780715174.528316021,20.579960346,-1.581396182,0.109147429,-0.389533751,-22.318640,-1.581396182,0.109147429,-22.318640,-0.081377134,-0.108550201
wheel,1780715174.549685955,20.601330280,-1.582877125,0.109760983,-0.396010559,-22.689734,-1.582877125,0.109760983,-22.689734,-0.081055637,-0.110492868
wheel,1780715174.568243027,20.619887352,-1.582877125,0.109760983,-0.396010559,-22.689734,-1.582877125,0.109760983,-22.689734,-0.077002855,-0.109387939
wheel,1780715174.588944912,20.640589237,-1.582877125,0.109760983,-0.396010559,-22.689734,-1.582877125,0.109760983,-22.689734,-0.073152712,-0.108294059
wheel,1780715174.608295679,20.659940004,-1.588492964,0.112194889,-0.421917792,-24.174109,-1.588492964,0.112194889,-24.174109,-0.085311080,-0.120600329
wheel,1780715174.629253864,20.680898190,-1.588492964,0.112194889,-0.421917792,-24.174109,-1.588492964,0.112194889,-24.174109,-0.081045526,-0.119394325
wheel,1780715174.648319244,20.699963570,-1.592927582,0.114236226,-0.440885587,-25.260883,-1.592927582,0.114236226,-25.260883,-0.089797405,-0.128150069
wheel,1780715174.668296337,20.719940662,-1.592927582,0.114236226,-0.440885587,-25.260883,-1.592927582,0.114236226,-25.260883,-0.085307535,-0.126868568
wheel,1780715174.688215017,20.739859343,-1.592927582,0.114236226,-0.440885587,-25.260883,-1.592927582,0.114236226,-25.260883,-0.081042158,-0.125599883
rtabmap,1780715174.697630405,21.299797773,-0.564371884,-1.539159298,-1.545791284,-88.567317,1.629983771,0.175227547,27.726679,0.055740073,0.389294028
wheel,1780715174.708256721,20.759901047,-1.604060559,0.119666881,-0.466792820,-26.745258,-1.604060559,0.119666881,-26.745258,-0.107875582,-0.137263322
wheel,1780715174.730283260,20.781927586,-1.604060559,0.119666881,-0.466792820,-26.745258,-1.604060559,0.119666881,-26.745258,-0.102481803,-0.135890689
wheel,1780715174.748283386,20.799927711,-1.608218145,0.121778956,-0.473269628,-27.116352,-1.608218145,0.121778956,-27.116352,-0.110313298,-0.138130555
wheel,1780715174.768292904,20.819937229,-1.612492479,0.123982780,-0.478821178,-27.434433,-1.612492479,0.123982780,-27.434433,-0.116814203,-0.139523638
wheel,1780715174.791282892,20.842927217,-1.618886302,0.127322580,-0.483910099,-27.726006,-1.618886302,0.127322580,-27.726006,-0.126660315,-0.140341710
wheel,1780715174.808277607,20.859921932,-1.624594910,0.130399229,-0.504728411,-28.918808,-1.624594910,0.130399229,-28.918808,-0.139408085,-0.151189199
wheel,1780715174.829254389,20.880898714,-1.624594910,0.130399229,-0.504728411,-28.918808,-1.624594910,0.130399229,-28.918808,-0.132437680,-0.149677307
wheel,1780715174.848322392,20.899966717,-1.637005671,0.137165999,-0.493625311,-28.282647,-1.637005671,0.137165999,-28.282647,-0.162876608,-0.142358511
wheel,1780715174.868280888,20.919925213,-1.637005671,0.137165999,-0.493625311,-28.282647,-1.637005671,0.137165999,-28.282647,-0.154732778,-0.140934926
wheel,1780715174.888249397,20.939893723,-1.646553231,0.142334471,-0.498714232,-28.574221,-1.646553231,0.142334471,-28.574221,-0.174175624,-0.142073563
wheel,1780715174.908300877,20.959945202,-1.651733082,0.145163367,-0.501027378,-28.706754,-1.651733082,0.145163367,-28.706754,-0.180185340,-0.141806541
wheel,1780715174.928249359,20.979893684,-1.656586419,0.147829998,-0.503803153,-28.865794,-1.656586419,0.147829998,-28.865794,-0.185054179,-0.141779764
wheel,1780715174.948238611,20.999882936,-1.656586419,0.147829998,-0.503803153,-28.865794,-1.656586419,0.147829998,-28.865794,-0.175801470,-0.140361966
wheel,1780715174.968258142,21.019902468,-1.661177287,0.150369033,-0.506578928,-29.024835,-1.661177287,0.150369033,-29.024835,-0.180112733,-0.140344732
wheel,1780715174.989319324,21.040963650,-1.661177287,0.150369033,-0.506578928,-29.024835,-1.661177287,0.150369033,-29.024835,-0.171107097,-0.138941284
wheel,1780715175.010343790,21.061988115,-1.670717022,0.155702879,-0.513055736,-29.395928,-1.670717022,0.155702879,-29.395928,-0.188545234,-0.140632582
wheel,1780715175.028275251,21.079919577,-1.675599449,0.158466935,-0.517219398,-29.634489,-1.675599449,0.158466935,-29.634489,-0.194760698,-0.141547996
wheel,1780715175.048263788,21.099908113,-1.684008329,0.163284067,-0.523233577,-29.979076,-1.684008329,0.163284067,-29.979076,-0.209264157,-0.143141366
rtabmap,1780715175.064704895,21.666872263,-0.557249844,-1.653313398,-1.479249979,-84.754781,1.729171771,0.232180358,31.539215,0.311370820,0.181274250
wheel,1780715175.068275213,21.119919538,-1.684008329,0.163284067,-0.523233577,-29.979076,-1.684008329,0.163284067,-29.979076,-0.198800949,-0.141709952
wheel,1780715175.088246584,21.139890909,-1.693262689,0.168676915,-0.532023531,-30.482703,-1.693262689,0.168676915,-30.482703,-0.215675561,-0.144693920
wheel,1780715175.108281136,21.159925461,-1.693262689,0.168676915,-0.532023531,-30.482703,-1.693262689,0.168676915,-30.482703,-0.204891783,-0.143246981
wheel,1780715175.129806519,21.181450844,-1.700972520,0.173246491,-0.538037710,-30.827290,-1.700972520,0.173246491,-30.827290,-0.215467441,-0.144608815
wheel,1780715175.148458242,21.200102568,-1.700972520,0.173246491,-0.538037710,-30.827290,-1.700972520,0.173246491,-30.827290,-0.204694069,-0.143162726
wheel,1780715175.170289993,21.221934319,-1.704785570,0.175530368,-0.541276114,-31.012837,-1.704785570,0.175530368,-31.012837,-0.204638161,-0.143214348
wheel,1780715175.188440800,21.240085125,-1.709400306,0.178319141,-0.545902406,-31.277904,-1.709400306,0.178319141,-31.277904,-0.209259625,-0.144331046
wheel,1780715175.208695889,21.260340214,-1.712138047,0.179987475,-0.548678181,-31.436944,-1.712138047,0.179987475,-31.436944,-0.206710381,-0.144258079
wheel,1780715175.228238106,21.279882431,-1.717841333,0.183510172,-0.557930764,-31.967078,-1.717841333,0.183510172,-31.967078,-0.213526601,-0.147550278
wheel,1780715175.248337984,21.299982309,-1.720556446,0.185215085,-0.563482314,-32.285158,-1.720556446,0.185215085,-32.285158,-0.210825588,-0.148836790
wheel,1780715175.270489216,21.322133541,-1.720556446,0.185215085,-0.563482314,-32.285158,-1.720556446,0.185215085,-32.285158,-0.200284309,-0.147348422
wheel,1780715175.288264275,21.339908600,-1.725406366,0.188315543,-0.574122785,-32.894812,-1.725406366,0.188315543,-32.894812,-0.206457718,-0.151859513
rtabmap,1780715175.298002481,21.900169849,-0.546350718,-1.709530950,-1.429300680,-81.892897,1.774744588,0.266854879,34.401099,0.244231597,0.214101151
wheel,1780715175.308279991,21.359924316,-1.725406366,0.188315543,-0.574122785,-32.894812,-1.725406366,0.188315543,-32.894812,-0.196134832,-0.150340917
wheel,1780715175.328330278,21.379974604,-1.729613318,0.191068458,-0.584763255,-33.504467,-1.729613318,0.191068458,-33.504467,-0.198869649,-0.154146105
wheel,1780715175.348279953,21.399924278,-1.731553968,0.192360926,-0.590314805,-33.822547,-1.731553968,0.192360926,-33.822547,-0.194767974,-0.155386457
wheel,1780715175.368331432,21.419975758,-1.731553968,0.192360926,-0.590314805,-33.822547,-1.731553968,0.192360926,-33.822547,-0.185029575,-0.153832592
wheel,1780715175.388276815,21.439921141,-1.735770146,0.195231258,-0.605118938,-34.670761,-1.735770146,0.195231258,-34.670761,-0.188565300,-0.159717223
wheel,1780715175.410794497,21.462438822,-1.735770146,0.195231258,-0.605118938,-34.670761,-1.735770146,0.195231258,-34.670761,-0.179137035,-0.158120051
wheel,1780715175.428237200,21.479881525,-1.739936576,0.198173337,-0.624549363,-35.784043,-1.739936576,0.198173337,-35.784043,-0.184799272,-0.167677204
wheel,1780715175.448341608,21.499985933,-1.741527991,0.199329964,-0.632414059,-36.234656,-1.741527991,0.199329964,-36.234656,-0.180454821,-0.169914540
wheel,1780715175.468331575,21.519975901,-1.741527991,0.199329964,-0.632414059,-36.234656,-1.741527991,0.199329964,-36.234656,-0.171432080,-0.168215394
wheel,1780715175.488255501,21.539899826,-1.745435491,0.202256453,-0.653232371,-37.427458,-1.745435491,0.202256453,-37.427458,-0.175108148,-0.176979016
wheel,1780715175.509449005,21.561093330,-1.747394447,0.203772994,-0.664335470,-38.063619,-1.747394447,0.203772994,-38.063619,-0.172197933,-0.180448614
wheel,1780715175.528325319,21.579969645,-1.749451432,0.205400723,-0.674513312,-38.646766,-1.749451432,0.205400723,-38.646766,-0.170535567,-0.184035510
rtabmap,1780715175.531250238,22.133417606,-0.536868930,-1.729511857,-1.328665890,-76.126948,1.788457912,0.284206701,40.167048,0.090540648,0.431451052
wheel,1780715175.548963785,21.600608110,-1.751605096,0.207140891,-0.684691153,-39.229913,-1.751605096,0.207140891,-39.229913,-0.168717358,-0.187127102
wheel,1780715175.568837166,21.620481491,-1.751605096,0.207140891,-0.684691153,-39.229913,-1.751605096,0.207140891,-39.229913,-0.160281490,-0.185255831
wheel,1780715175.588387966,21.640032291,-1.756310170,0.211055456,-0.703196320,-40.290181,-1.756310170,0.211055456,-40.290181,-0.167923878,-0.192870521
wheel,1780715175.608268023,21.659912348,-1.758693032,0.213089820,-0.710135757,-40.687782,-1.758693032,0.213089820,-40.687782,-0.167407171,-0.194432176
wheel,1780715175.630232334,21.681876659,-1.758693032,0.213089820,-0.710135757,-40.687782,-1.758693032,0.213089820,-40.687782,-0.159036813,-0.192487854
wheel,1780715175.648296118,21.699940443,-1.761227484,0.215283167,-0.716612565,-41.058876,-1.761227484,0.215283167,-41.058876,-0.160362019,-0.194148307
wheel,1780715175.668301344,21.719945669,-1.764350965,0.218020571,-0.722626744,-41.403463,-1.764350965,0.218020571,-41.403463,-0.162726442,-0.195213738
wheel,1780715175.688297749,21.739942074,-1.770449604,0.223443200,-0.730954069,-41.880583,-1.770449604,0.223443200,-41.880583,-0.174987465,-0.197424324
wheel,1780715175.708251953,21.759896278,-1.773643045,0.226321250,-0.736042990,-42.172157,-1.773643045,0.226321250,-42.172157,-0.177010726,-0.198000502
wheel,1780715175.729074478,21.780718803,-1.776876357,0.229263822,-0.740669281,-42.437224,-1.776876357,0.229263822,-42.437224,-0.178658066,-0.198242270
rtabmap,1780715175.731297255,22.333464622,-0.525694072,-1.757732153,-1.255545468,-71.937456,1.808808126,0.306726277,44.356539,0.150347173,0.365517497
wheel,1780715175.748337507,21.799981833,-1.776876357,0.229263822,-0.740669281,-42.437224,-1.776876357,0.229263822,-42.437224,-0.169725162,-0.196259847
wheel,1780715175.768276930,21.819921255,-1.780363586,0.232468585,-0.745758202,-42.728798,-1.780363586,0.232468585,-42.728798,-0.173113729,-0.196849104
wheel,1780715175.788269758,21.839914083,-1.788354349,0.239925405,-0.755936044,-43.311945,-1.788354349,0.239925405,-43.311945,-0.191792531,-0.199971480
wheel,1780715175.808340788,21.859985113,-1.792532716,0.243884674,-0.761024964,-43.603519,-1.792532716,0.243884674,-43.603519,-0.196545020,-0.200507643
wheel,1780715175.828282356,21.879926682,-1.796796152,0.247965926,-0.766113885,-43.895092,-1.796796152,0.247965926,-43.895092,-0.201515451,-0.201054391
wheel,1780715175.848279238,21.899923563,-1.801141573,0.252172139,-0.772128064,-44.239679,-1.801141573,0.252172139,-44.239679,-0.206563139,-0.202051764
wheel,1780715175.868283033,21.919927359,-1.801141573,0.252172139,-0.772128064,-44.239679,-1.801141573,0.252172139,-44.239679,-0.196234982,-0.200031247
wheel,1780715175.889225721,21.940870047,-1.801141573,0.252172139,-0.772128064,-44.239679,-1.801141573,0.252172139,-44.239679,-0.186423233,-0.198030934
wheel,1780715175.908265352,21.959909678,-1.815341388,0.266206274,-0.786932197,-45.087894,-1.815341388,0.266206274,-45.087894,-0.229520399,-0.203824401
wheel,1780715175.928236961,21.979881287,-1.819499609,0.270394675,-0.791095860,-45.326454,-1.819499609,0.270394675,-45.326454,-0.232817687,-0.203870574
wheel,1780715175.949056149,22.000700474,-1.823997140,0.274964847,-0.795722151,-45.591521,-1.823997140,0.274964847,-45.591521,-0.236576685,-0.204054073
wheel,1780715175.968346119,22.019990444,-1.823997140,0.274964847,-0.795722151,-45.591521,-1.823997140,0.274964847,-45.591521,-0.224747850,-0.202013533
wheel,1780715175.988259315,22.039903641,-1.832977162,0.284221757,-0.805437364,-46.148162,-1.832977162,0.284221757,-46.148162,-0.245843814,-0.204864713
wheel,1780715176.008310795,22.059955120,-1.837357271,0.288804310,-0.810526284,-46.439735,-1.837357271,0.288804310,-46.439735,-0.249358313,-0.205353903
wheel,1780715176.029356480,22.081000805,-1.837357271,0.288804310,-0.810526284,-46.439735,-1.837357271,0.288804310,-46.439735,-0.236890397,-0.203300364
rtabmap,1780715176.031538963,22.633706331,-0.485688508,-1.855564237,-1.179369197,-67.572877,1.878796249,0.385929966,48.721118,0.351099610,0.253717244
wheel,1780715176.048322439,22.099966764,-1.845847504,0.297823796,-0.820704126,-47.022883,-1.845847504,0.297823796,-47.022883,-0.257689576,-0.206631778
wheel,1780715176.068443537,22.120087862,-1.845847504,0.297823796,-0.820704126,-47.022883,-1.845847504,0.297823796,-47.022883,-0.244805098,-0.204565460
wheel,1780715176.088260412,22.139904737,-1.853506421,0.306124034,-0.830419338,-47.579523,-1.853506421,0.306124034,-47.579523,-0.261048940,-0.207420295
wheel,1780715176.108241796,22.159886122,-1.857036372,0.310005041,-0.835045630,-47.844590,-1.857036372,0.310005041,-47.844590,-0.261124093,-0.207661366
wheel,1780715176.128964186,22.180608511,-1.857036372,0.310005041,-0.835045630,-47.844590,-1.857036372,0.310005041,-47.844590,-0.248067888,-0.205584752
wheel,1780715176.148274660,22.199918985,-1.863800726,0.317543084,-0.843835584,-48.348218,-1.863800726,0.317543084,-48.348218,-0.261887590,-0.208080590
wheel,1780715176.168337822,22.219982147,-1.863800726,0.317543084,-0.843835584,-48.348218,-1.863800726,0.317543084,-48.348218,-0.248793210,-0.205999784
wheel,1780715176.188892126,22.240536451,-1.863800726,0.317543084,-0.843835584,-48.348218,-1.863800726,0.317543084,-48.348218,-0.236353550,-0.203939786
wheel,1780715176.211197615,22.262841940,-1.873136513,0.328157190,-0.854938683,-48.984378,-1.873136513,0.328157190,-48.984378,-0.256218595,-0.206877546
wheel,1780715176.228269100,22.279913425,-1.876046432,0.331516925,-0.859102346,-49.222939,-1.876046432,0.331516925,-49.222939,-0.256428509,-0.207248273
rtabmap,1780715176.231298208,22.833465576,-0.464017183,-1.903922319,-1.133296649,-64.933115,1.912550956,0.426780551,51.360881,0.265161097,0.230640978
wheel,1780715176.248320818,22.299965143,-1.876046432,0.331516925,-0.859102346,-49.222939,-1.876046432,0.331516925,-49.222939,-0.243607084,-0.205175790
wheel,1780715176.268286943,22.319931269,-1.879225465,0.335221872,-0.864191267,-49.514512,-1.879225465,0.335221872,-49.514512,-0.243650712,-0.205672505
wheel,1780715176.288285017,22.339929342,-1.885756539,0.342962910,-0.875756996,-50.177180,-1.885756539,0.342962910,-50.177180,-0.256796625,-0.209400512
wheel,1780715176.308284760,22.359929085,-1.887025860,0.344465977,-0.863266008,-49.461499,-1.887025860,0.344465977,-49.461499,-0.248874070,-0.201062347
wheel,1780715176.328258753,22.379903078,-1.892204050,0.350678924,-0.888710612,-50.919367,-1.892204050,0.350678924,-50.919367,-0.256674787,-0.211789526
wheel,1780715176.348258018,22.399902344,-1.895589631,0.354875457,-0.895187420,-51.290461,-1.895589631,0.354875457,-51.290461,-0.257322042,-0.212910308
wheel,1780715176.368432045,22.420076370,-1.895589631,0.354875457,-0.895187420,-51.290461,-1.895589631,0.354875457,-51.290461,-0.244455940,-0.210781205
wheel,1780715176.388280869,22.439925194,-1.902326102,0.363389503,-0.907678407,-52.006142,-1.902326102,0.363389503,-52.006142,-0.259574516,-0.214964793
wheel,1780715176.409327984,22.460972309,-1.905679142,0.367704736,-0.912767328,-52.297716,-1.905679142,0.367704736,-52.297716,-0.259578108,-0.215233015
wheel,1780715176.429322481,22.480966806,-1.905679142,0.367704736,-0.912767328,-52.297716,-1.905679142,0.367704736,-52.297716,-0.246599203,-0.213080685
wheel,1780715176.448630095,22.500274420,-1.912353303,0.376451741,-0.925258315,-53.013396,-1.912353303,0.376451741,-53.013396,-0.262745656,-0.217415668
wheel,1780715176.468365908,22.520010233,-1.912353303,0.376451741,-0.925258315,-53.013396,-1.912353303,0.376451741,-53.013396,-0.249608374,-0.215241511
wheel,1780715176.488313913,22.539958239,-1.918623113,0.384864859,-0.935436157,-53.596544,-1.918623113,0.384864859,-53.596544,-0.263420800,-0.218190001
rtabmap,1780715176.497695208,23.099862576,-0.427094370,-1.966162205,-1.052638631,-60.311751,1.951995092,0.487453919,55.982245,0.270352185,0.302773744
wheel,1780715176.508215189,22.559859514,-1.918623113,0.384864859,-0.935436157,-53.596544,-1.918623113,0.384864859,-53.596544,-0.250249760,-0.216008101
wheel,1780715176.528723478,22.580367804,-1.921724838,0.389095943,-0.940987707,-53.914624,-1.921724838,0.389095943,-53.914624,-0.250525961,-0.216554621
wheel,1780715176.548455000,22.600099325,-1.927938790,0.397730594,-0.953016065,-54.603798,-1.927938790,0.397730594,-54.603798,-0.264960187,-0.220485823
wheel,1780715176.568538189,22.620182514,-1.927938790,0.397730594,-0.953016065,-54.603798,-1.927938790,0.397730594,-54.603798,-0.251712177,-0.218280964
wheel,1780715176.588247538,22.639891863,-1.933761258,0.406017780,-0.963656535,-55.213452,-1.933761258,0.406017780,-55.213452,-0.264818060,-0.221496390
wheel,1780715176.608360767,22.660005093,-1.933761258,0.406017780,-0.963656535,-55.213452,-1.933761258,0.406017780,-55.213452,-0.251577157,-0.219281426
wheel,1780715176.628424168,22.680068493,-1.939534525,0.414427847,-0.974759635,-55.849613,-1.939534525,0.414427847,-55.849613,-0.264417123,-0.222621961
wheel,1780715176.648244143,22.699888468,-1.942384086,0.418658092,-0.981236443,-56.220707,-1.942384086,0.418658092,-56.220707,-0.264062065,-0.223663246
wheel,1780715176.668467522,22.720111847,-1.942384086,0.418658092,-0.981236443,-56.220707,-1.942384086,0.418658092,-56.220707,-0.250858962,-0.221426613
wheel,1780715176.688204050,22.739848375,-1.942384086,0.418658092,-0.981236443,-56.220707,-1.942384086,0.418658092,-56.220707,-0.238316013,-0.219212347
rtabmap,1780715176.698054075,23.300221443,-0.397530824,-2.011658192,-0.992530829,-56.867828,1.979687761,0.534112296,59.426168,0.270346224,0.300001055
wheel,1780715176.708468437,22.760112762,-1.949610193,0.429428389,-0.978460669,-56.061667,-1.949610193,0.429428389,-56.061667,-0.258424301,-0.215649476
wheel,1780715176.728241205,22.779885530,-1.954158063,0.436379283,-1.004367901,-57.546042,-1.954158063,0.436379283,-57.546042,-0.266492058,-0.226585517
wheel,1780715176.748389959,22.800034285,-1.954158063,0.436379283,-1.004367901,-57.546042,-1.954158063,0.436379283,-57.546042,-0.253167455,-0.224319662
wheel,1780715176.768289804,22.819934130,-1.956921055,0.440753004,-1.010382080,-57.890629,-1.956921055,0.440753004,-57.890629,-0.253507707,-0.225098726
wheel,1780715176.788259268,22.839903593,-1.962792035,0.450230034,-1.021947809,-58.553296,-1.962792035,0.450230034,-58.553296,-0.268743790,-0.228639100
wheel,1780715176.808264494,22.859908819,-1.965102964,0.454026749,-1.026111472,-58.791857,-1.965102964,0.454026749,-58.791857,-0.266415207,-0.228433947
wheel,1780715176.828247309,22.879891634,-1.967845344,0.458584375,-1.032125651,-59.136444,-1.967845344,0.458584375,-59.136444,-0.266403579,-0.229159283
wheel,1780715176.851375580,22.903019905,-1.967845344,0.458584375,-1.032125651,-59.136444,-1.967845344,0.458584375,-59.136444,-0.253083400,-0.226867690
wheel,1780715176.868923664,22.920567989,-1.970562380,0.463157154,-1.037214572,-59.428017,-1.970562380,0.463157154,-59.428017,-0.255595877,-0.227501089
wheel,1780715176.888254642,22.939898968,-1.975771253,0.472097058,-1.049242930,-60.117192,-1.975771253,0.472097058,-60.117192,-0.269558922,-0.231443953
wheel,1780715176.908309698,22.959954023,-1.978192769,0.476336061,-1.054331850,-60.408765,-1.978192769,0.476336061,-60.408765,-0.268255391,-0.231667653
wheel,1780715176.928426027,22.980070353,-1.978192769,0.476336061,-1.054331850,-60.408765,-1.978192769,0.476336061,-60.408765,-0.254842621,-0.229350976
wheel,1780715176.948275566,22.999919891,-1.983432339,0.485678057,-1.064972321,-61.018419,-1.983432339,0.485678057,-61.018419,-0.269079400,-0.232417708
rtabmap,1780715176.964494944,23.566662312,-0.351232916,-2.065137863,-0.913870620,-52.360930,2.007125124,0.599310169,63.933066,0.263058424,0.295225769
wheel,1780715176.968261719,23.019906044,-1.983432339,0.485678057,-1.064972321,-61.018419,-1.983432339,0.485678057,-61.018419,-0.255625430,-0.230093530
wheel,1780715176.988246918,23.039891243,-1.988620094,0.495215154,-1.080239083,-61.893140,-1.988620094,0.495215154,-61.893140,-0.270006458,-0.235431721
wheel,1780715177.008268833,23.059913158,-1.990879823,0.499460197,-1.083014858,-62.052181,-1.990879823,0.499460197,-62.052181,-0.268514407,-0.234463640
wheel,1780715177.028318405,23.079962730,-1.993325679,0.504101378,-1.088566408,-62.370261,-1.993325679,0.504101378,-62.370261,-0.268176464,-0.234888903
wheel,1780715177.048264027,23.099908352,-1.995745731,0.508756066,-1.094117958,-62.688341,-1.995745731,0.508756066,-62.688341,-0.267914064,-0.235322326
wheel,1780715177.068316221,23.119960546,-1.995745731,0.508756066,-1.094117958,-62.688341,-1.995745731,0.508756066,-62.688341,-0.254518361,-0.232969103
wheel,1780715177.088252306,23.139896631,-2.000442002,0.517975570,-1.105221058,-63.324502,-2.000442002,0.517975570,-63.324502,-0.267744297,-0.236209226
wheel,1780715177.108276606,23.159920931,-2.002752740,0.522604182,-1.110309978,-63.616076,-2.002752740,0.522604182,-63.616076,-0.267278610,-0.236389263
wheel,1780715177.128293514,23.179937840,-2.005042040,0.527243434,-1.114473641,-63.854636,-2.005042040,0.527243434,-63.854636,-0.266834053,-0.236104948
wheel,1780715177.148258209,23.199902534,-2.007309853,0.531893227,-1.119562562,-64.146210,-2.007309853,0.531893227,-64.146210,-0.266449372,-0.236293011
wheel,1780715177.168261290,23.219905615,-2.007309853,0.531893227,-1.119562562,-64.146210,-2.007309853,0.531893227,-64.146210,-0.253126903,-0.233930080
wheel,1780715177.188288212,23.239932537,-2.011778679,0.541225099,-1.128815145,-64.676344,-2.011778679,0.541225099,-64.676344,-0.266321311,-0.236214210
wheel,1780715177.208564520,23.260208845,-2.013947510,0.545841497,-1.134366695,-64.994424,-2.013947510,0.545841497,-64.994424,-0.265575308,-0.236588408
wheel,1780715177.228266716,23.279911041,-2.016122382,0.550535481,-1.139455615,-65.285998,-2.016122382,0.550535481,-65.285998,-0.265423346,-0.236805038
rtabmap,1780715177.230905056,23.833072424,-0.304044902,-2.116308928,-0.840518866,-48.158184,2.032098449,0.664283391,68.135812,0.260268211,0.275334030
wheel,1780715177.248514891,23.300159216,-2.016122382,0.550535481,-1.139455615,-65.285998,-2.016122382,0.550535481,-65.285998,-0.252152178,-0.234436988
wheel,1780715177.271339893,23.322984219,-2.018333929,0.555373007,-1.144544536,-65.577571,-2.018333929,0.555373007,-65.577571,-0.251194613,-0.234321806
wheel,1780715177.288255215,23.339899540,-2.022742619,0.565214534,-1.154722378,-66.160719,-2.022742619,0.565214534,-66.160719,-0.270505580,-0.237994507
wheel,1780715177.308321714,23.359966040,-2.024882310,0.570084269,-1.158886040,-66.399279,-2.024882310,0.570084269,-66.399279,-0.270243385,-0.237690975
wheel,1780715177.330226183,23.381870508,-2.024882310,0.570084269,-1.158886040,-66.399279,-2.024882310,0.570084269,-66.399279,-0.256731216,-0.235314065
wheel,1780715177.348241091,23.399885416,-2.029185159,0.580051942,-1.167675994,-66.902906,-2.029185159,0.580051942,-66.902906,-0.274023748,-0.237839610
wheel,1780715177.368984461,23.420628786,-2.029185159,0.580051942,-1.167675994,-66.902906,-2.029185159,0.580051942,-66.902906,-0.260322561,-0.235461214
wheel,1780715177.390216827,23.441861153,-2.029185159,0.580051942,-1.167675994,-66.902906,-2.029185159,0.580051942,-66.902906,-0.247306433,-0.233106602
wheel,1780715177.408273458,23.459917784,-2.035901668,0.596119112,-1.182017498,-67.724614,-2.035901668,0.596119112,-67.724614,-0.283166242,-0.238718574
wheel,1780715177.428854942,23.480499268,-2.037606355,0.600302712,-1.185718531,-67.936668,-2.037606355,0.600302712,-67.936668,-0.279980745,-0.238129289
wheel,1780715177.448302507,23.499946833,-2.039620172,0.605304471,-1.190344823,-68.201735,-2.039620172,0.605304471,-68.201735,-0.279847369,-0.238127346
wheel,1780715177.468296528,23.519940853,-2.039620172,0.605304471,-1.190344823,-68.201735,-2.039620172,0.605304471,-68.201735,-0.265855001,-0.235746072
wheel,1780715177.488241196,23.539885521,-2.043607373,0.615402552,-1.199134777,-68.705362,-2.043607373,0.615402552,-68.705362,-0.279774220,-0.237794939
rtabmap,1780715177.497650385,24.099817753,-0.248431772,-2.165985346,-0.775665088,-44.442336,2.051999639,0.736147912,71.851660,0.277818382,0.243130207
wheel,1780715177.508279800,23.559924126,-2.045553907,0.620430877,-1.203761068,-68.970429,-2.045553907,0.620430877,-68.970429,-0.279240037,-0.237725789
wheel,1780715177.528269291,23.579913616,-2.047477157,0.625468154,-1.208387360,-69.235496,-2.047477157,0.625468154,-69.235496,-0.278765462,-0.237662976
wheel,1780715177.548269510,23.599913836,-2.049455322,0.630718389,-1.212551022,-69.474056,-2.049455322,0.630718389,-69.474056,-0.278854209,-0.237368278
wheel,1780715177.568564892,23.620209217,-2.049455322,0.630718389,-1.212551022,-69.474056,-2.049455322,0.630718389,-69.474056,-0.264911498,-0.234994596
wheel,1780715177.588250637,23.639894962,-2.053368807,0.641312613,-1.221340976,-69.977683,-2.053368807,0.641312613,-69.977683,-0.280345583,-0.237108867
wheel,1780715177.608309746,23.659954071,-2.053368807,0.641312613,-1.221340976,-69.977683,-2.053368807,0.641312613,-69.977683,-0.266328304,-0.234737778
wheel,1780715177.628351927,23.679996252,-2.057085643,0.651668271,-1.231056189,-70.534324,-2.057085643,0.651668271,-70.534324,-0.280465746,-0.237238764
wheel,1780715177.648670673,23.700314999,-2.057085643,0.651668271,-1.231056189,-70.534324,-2.057085643,0.651668271,-70.534324,-0.266442458,-0.234866376
wheel,1780715177.668257475,23.719901800,-2.058967191,0.657031181,-1.235682480,-70.799391,-2.058967191,0.657031181,-70.799391,-0.267627336,-0.234879455
wheel,1780715177.688466311,23.740110636,-2.062535134,0.667439077,-1.245397693,-71.356032,-2.062535134,0.667439077,-71.356032,-0.281473701,-0.237339089
wheel,1780715177.708559513,23.760203838,-2.062535134,0.667439077,-1.245397693,-71.356032,-2.062535134,0.667439077,-71.356032,-0.267400016,-0.234965698
wheel,1780715177.728273630,23.779917955,-2.064315214,0.672759737,-1.250486613,-71.647605,-2.064315214,0.672759737,-71.647605,-0.268248749,-0.235195404
rtabmap,1780715177.730892181,24.333059549,-0.196394250,-2.209336996,-0.718899384,-41.189901,2.067814380,0.802005055,75.104095,0.289428562,0.243376285
wheel,1780715177.748358488,23.800002813,-2.067743991,0.683290961,-1.261589713,-72.283766,-2.067743991,0.683290961,-72.283766,-0.282416852,-0.238373382
wheel,1780715177.771642208,23.823286533,-2.067743991,0.683290961,-1.261589713,-72.283766,-2.067743991,0.683290961,-72.283766,-0.268296009,-0.235989649
wheel,1780715177.788247347,23.839891672,-2.070987872,0.693651765,-1.273155442,-72.946433,-2.070987872,0.693651765,-72.946433,-0.287564634,-0.240593303
wheel,1780715177.808587074,23.860231400,-2.070987872,0.693651765,-1.273155442,-72.946433,-2.070987872,0.693651765,-72.946433,-0.273186402,-0.238187370
wheel,1780715177.828252792,23.879897118,-2.074242503,0.704466585,-1.283795913,-73.556088,-2.074242503,0.704466585,-73.556088,-0.288236290,-0.241215117
wheel,1780715177.848257780,23.899902105,-2.075756870,0.709641499,-1.288422204,-73.821155,-2.075756870,0.709641499,-73.821155,-0.287302096,-0.241115727
wheel,1780715177.869209766,23.920854092,-2.075756870,0.709641499,-1.288422204,-73.821155,-2.075756870,0.709641499,-73.821155,-0.272936992,-0.238704570
wheel,1780715177.888278484,23.939922810,-2.075756870,0.709641499,-1.288422204,-73.821155,-2.075756870,0.709641499,-73.821155,-0.259290142,-0.236317524
wheel,1780715177.908271790,23.959916115,-2.080355217,0.725984237,-1.304614225,-74.748889,-2.080355217,0.725984237,-74.748889,-0.288780650,-0.242052588
wheel,1780715177.928584814,23.980229139,-2.080355217,0.725984237,-1.304614225,-74.748889,-2.080355217,0.725984237,-74.748889,-0.274341617,-0.239632062
rtabmap,1780715177.931078672,24.533246040,-0.151735440,-2.246644735,-0.662930037,-37.983093,2.081479157,0.858569625,78.310902,0.290610999,0.279586136
wheel,1780715177.948369265,24.000013590,-2.083080147,0.736192086,-1.315254695,-75.358543,-2.083080147,0.736192086,-75.358543,-0.287320713,-0.242612968
wheel,1780715177.968513727,24.020158052,-2.083080147,0.736192086,-1.315254695,-75.358543,-2.083080147,0.736192086,-75.358543,-0.272954678,-0.240186838
wheel,1780715177.988253593,24.039897919,-2.085928198,0.747271548,-1.323119391,-75.809157,-2.085928198,0.747271548,-75.809157,-0.288279483,-0.241768657
wheel,1780715178.008428812,24.060073137,-2.085928198,0.747271548,-1.323119391,-75.809157,-2.085928198,0.747271548,-75.809157,-0.273865509,-0.239350971
wheel,1780715178.028321743,24.079966068,-2.088658681,0.758305521,-1.333297232,-76.392304,-2.088658681,0.758305521,-76.392304,-0.288745602,-0.242074385
wheel,1780715178.049324989,24.100969315,-2.089878814,0.763407878,-1.338848782,-76.710385,-2.089878814,0.763407878,-76.710385,-0.286794827,-0.242296288
wheel,1780715178.068823099,24.120467424,-2.089878814,0.763407878,-1.338848782,-76.710385,-2.089878814,0.763407878,-76.710385,-0.272455086,-0.239873325
wheel,1780715178.088783503,24.140427828,-2.089878814,0.763407878,-1.338848782,-76.710385,-2.089878814,0.763407878,-76.710385,-0.258832331,-0.237474592
wheel,1780715178.109509230,24.161153555,-2.093658065,0.779884478,-1.351802399,-77.452572,-2.093658065,0.779884478,-77.452572,-0.286669267,-0.241349432
wheel,1780715178.130362272,24.182006598,-2.094894299,0.785506425,-1.356891320,-77.744146,-2.094894299,0.785506425,-77.744146,-0.286136831,-0.241376144
rtabmap,1780715178.131120920,24.733288288,-0.102013290,-2.277224064,-0.614822040,-35.226708,2.086868749,0.916693112,81.067288,0.289988667,0.240489244
wheel,1780715178.148280859,24.199925184,-2.094894299,0.785506425,-1.356891320,-77.744146,-2.094894299,0.785506425,-77.744146,-0.271829990,-0.238962382
wheel,1780715178.168325901,24.219970226,-2.096087907,0.791063072,-1.361517611,-78.009213,-2.096087907,0.791063072,-78.009213,-0.272420121,-0.238881530
wheel,1780715178.189240694,24.240885019,-2.098385696,0.802120790,-1.370307565,-78.512840,-2.098385696,0.802120790,-78.512840,-0.285795909,-0.240694981
wheel,1780715178.208312750,24.259957075,-2.099489031,0.807621768,-1.375396486,-78.804414,-2.099489031,0.807621768,-78.804414,-0.286215082,-0.240956325
wheel,1780715178.228274345,24.279918671,-2.100566905,0.813127791,-1.379560148,-79.042974,-2.100566905,0.813127791,-79.042974,-0.285952785,-0.240631876
wheel,1780715178.248628616,24.300272942,-2.101634254,0.818710066,-1.384186440,-79.308041,-2.101634254,0.818710066,-79.308041,-0.285616996,-0.240498548
wheel,1780715178.268275976,24.319920301,-2.101634254,0.818710066,-1.384186440,-79.308041,-2.101634254,0.818710066,-79.308041,-0.271336146,-0.238093563
wheel,1780715178.289191961,24.340836287,-2.103733565,0.830177751,-1.395289540,-79.944202,-2.103733565,0.830177751,-79.944202,-0.285636044,-0.241020571
wheel,1780715178.308265686,24.359910011,-2.104617175,0.835201116,-1.398065315,-80.103242,-2.104617175,0.835201116,-80.103242,-0.284727368,-0.240065944
wheel,1780715178.328896046,24.380540371,-2.105556332,0.840658568,-1.402691606,-80.368309,-2.105556332,0.840658568,-80.368309,-0.283921171,-0.239909256
wheel,1780715178.348240376,24.399884701,-2.106507619,0.846335682,-1.406855269,-80.606869,-2.106507619,0.846335682,-80.606869,-0.284589797,-0.239660570
rtabmap,1780715178.364411592,24.966578960,-0.043816861,-2.315052748,-0.559622158,-32.063988,2.095003714,0.985625369,84.230008,0.297308505,0.236613929
wheel,1780715178.368268967,24.419913292,-2.106507619,0.846335682,-1.406855269,-80.606869,-2.106507619,0.846335682,-80.606869,-0.270360307,-0.237263964
wheel,1780715178.389005423,24.440649748,-2.106507619,0.846335682,-1.406855269,-80.606869,-2.106507619,0.846335682,-80.606869,-0.256842292,-0.234891325
wheel,1780715178.408315897,24.459960222,-2.108414257,0.858132305,-1.414257335,-81.030976,-2.108414257,0.858132305,-81.030976,-0.274950357,-0.236376735
wheel,1780715178.428246975,24.479891300,-2.110247366,0.870014310,-1.421196772,-81.428577,-2.110247366,0.870014310,-81.428577,-0.291352033,-0.237493394
wheel,1780715178.453702927,24.505347252,-2.110247366,0.870014310,-1.421196772,-81.428577,-2.110247366,0.870014310,-81.428577,-0.276784431,-0.235118460
wheel,1780715178.468296051,24.519940376,-2.111151190,0.876067792,-1.423972547,-81.587617,-2.111151190,0.876067792,-81.587617,-0.283923186,-0.234670040
wheel,1780715178.488259077,24.539903402,-2.113056152,0.889265144,-1.430911985,-81.985218,-2.113056152,0.889265144,-81.985218,-0.303113723,-0.235798405
wheel,1780715178.508270025,24.559914351,-2.113889679,0.895255148,-1.434150389,-82.170764,-2.113889679,0.895255148,-82.170764,-0.303070865,-0.235058930
wheel,1780715178.528272629,24.579916954,-2.114751377,0.901609024,-1.437851422,-82.382818,-2.114751377,0.901609024,-82.382818,-0.303955276,-0.234559764
wheel,1780715178.548298836,24.599943161,-2.115581483,0.907893614,-1.441089826,-82.568365,-2.115581483,0.907893614,-82.568365,-0.304573792,-0.233830134
rtabmap,1780715178.564427853,25.166595221,0.009891246,-2.353714943,-0.523922011,-30.018520,2.105874173,1.050902924,86.275476,0.330171555,0.178486317
wheel,1780715178.568304777,24.619949102,-2.115581483,0.907893614,-1.441089826,-82.568365,-2.115581483,0.907893614,-82.568365,-0.289345102,-0.231491832
wheel,1780715178.588306427,24.639950752,-2.115581483,0.907893614,-1.441089826,-82.568365,-2.115581483,0.907893614,-82.568365,-0.274877847,-0.229176914
wheel,1780715178.608316422,24.659960747,-2.117223579,0.920832502,-1.448029264,-82.965965,-2.117223579,0.920832502,-82.965965,-0.293727457,-0.230353461
wheel,1780715178.632628202,24.684272528,-2.118049747,0.927631717,-1.451730297,-83.178019,-2.118049747,0.927631717,-83.178019,-0.293124547,-0.229571949
wheel,1780715178.648307323,24.699951649,-2.119682012,0.941746147,-1.459594993,-83.628633,-2.119682012,0.941746147,-83.628633,-0.323801319,-0.232294779
wheel,1780715178.668246746,24.719891071,-2.119682012,0.941746147,-1.459594993,-83.628633,-2.119682012,0.941746147,-83.628633,-0.307611253,-0.229971831
wheel,1780715178.688243866,24.739888191,-2.120896373,0.952974606,-1.466534430,-84.026233,-2.120896373,0.952974606,-84.026233,-0.320469256,-0.231142290
wheel,1780715178.708257675,24.759902000,-2.121509254,0.958844689,-1.466997059,-84.052740,-2.121509254,0.958844689,-84.052740,-0.319190766,-0.229062025
wheel,1780715178.728350163,24.779994488,-2.122141000,0.965005833,-1.470235463,-84.238287,-2.122141000,0.965005833,-84.238287,-0.318651993,-0.228384033
wheel,1780715178.748305082,24.799949408,-2.122761431,0.971241355,-1.473011238,-84.397327,-2.122761431,0.971241355,-84.397327,-0.318416062,-0.227490817
wheel,1780715178.771206856,24.822851181,-2.122761431,0.971241355,-1.473011238,-84.397327,-2.122761431,0.971241355,-84.397327,-0.302495259,-0.225215909
wheel,1780715178.788297653,24.839941978,-2.122761431,0.971241355,-1.473011238,-84.397327,-2.122761431,0.971241355,-84.397327,-0.287370496,-0.222963750
rtabmap,1780715178.797862291,25.400029659,0.083813131,-2.390348196,-0.484489077,-27.759179,2.105971375,1.133404020,88.534816,0.352703780,0.168925136
wheel,1780715178.808359861,24.860004187,-2.124546091,0.990248145,-1.481338563,-84.874448,-2.124546091,0.990248145,-84.874448,-0.320578834,-0.224884766
wheel,1780715178.831212282,24.882856607,-2.125002310,0.995401340,-1.483651709,-85.006981,-2.125002310,0.995401340,-85.006981,-0.315868699,-0.223648107
wheel,1780715178.848254204,24.899898529,-2.125521701,1.001426715,-1.485964855,-85.139515,-2.125521701,1.001426715,-85.139515,-0.317818671,-0.222768934
wheel,1780715178.869380236,24.921024561,-2.125521701,1.001426715,-1.485964855,-85.139515,-2.125521701,1.001426715,-85.139515,-0.301927738,-0.220541245
wheel,1780715178.888257027,24.939901352,-2.126509887,1.013408610,-1.491053775,-85.431088,-2.126509887,1.013408610,-85.431088,-0.318666962,-0.221030910
wheel,1780715178.908800364,24.960444689,-2.126950343,1.019001829,-1.493366921,-85.563622,-2.126950343,1.019001829,-85.563622,-0.316392308,-0.219946859
wheel,1780715178.929082394,24.980726719,-2.127402791,1.024886453,-1.494754808,-85.643142,-2.127402791,1.024886453,-85.643142,-0.315123523,-0.218431733
wheel,1780715178.948313951,24.999958277,-2.127837552,1.030699344,-1.497530583,-85.802182,-2.127837552,1.030699344,-85.802182,-0.314516635,-0.217690205
rtabmap,1780715178.964775562,25.566942930,0.129046366,-2.410859346,-0.464401013,-26.608218,2.104323002,1.183043074,89.685778,0.297044635,0.120350644
wheel,1780715178.968299866,25.019944191,-2.127837552,1.030699344,-1.497530583,-85.802182,-2.127837552,1.030699344,-85.802182,-0.298790803,-0.215513303
wheel,1780715178.988408566,25.040052891,-2.128695035,1.042764350,-1.502156875,-86.067249,-2.128695035,1.042764350,-86.067249,-0.313927473,-0.215658894
wheel,1780715179.008311749,25.059956074,-2.129093016,1.048652908,-1.504470021,-86.199783,-2.129093016,1.048652908,-86.199783,-0.313056609,-0.214664406
wheel,1780715179.028240442,25.079884768,-2.129483499,1.054614990,-1.506320537,-86.305809,-2.129483499,1.054614990,-86.305809,-0.312392929,-0.213446242
wheel,1780715179.048254490,25.099898815,-2.129859684,1.060504981,-1.507708425,-86.385329,-2.129859684,1.060504981,-86.385329,-0.311518256,-0.212005253
wheel,1780715179.068316936,25.119961262,-2.129859684,1.060504981,-1.507708425,-86.385329,-2.129859684,1.060504981,-86.385329,-0.295942343,-0.209885200
wheel,1780715179.088553190,25.140197515,-2.130614485,1.072722855,-1.510484200,-86.544370,-2.130614485,1.072722855,-86.544370,-0.311393001,-0.209158130
wheel,1780715179.108253956,25.159898281,-2.130957763,1.078541866,-1.513259975,-86.703410,-2.130957763,1.078541866,-86.703410,-0.310614830,-0.208475261
wheel,1780715179.128305435,25.179949760,-2.131295826,1.084507150,-1.515110491,-86.809437,-2.131295826,1.084507150,-86.809437,-0.309986068,-0.207313588
wheel,1780715179.148250103,25.199894428,-2.131630825,1.090618559,-1.516961008,-86.915463,-2.131630825,1.090618559,-86.915463,-0.309826091,-0.206168001
rtabmap,1780715179.164626598,25.766793966,0.189169809,-2.434274435,-0.443733429,-25.424053,2.098682081,1.247318068,90.869943,0.321454823,0.103414997
wheel,1780715179.168481112,25.220125437,-2.131630825,1.090618559,-1.516961008,-86.915463,-2.131630825,1.090618559,-86.915463,-0.294334786,-0.204106321
wheel,1780715179.188277483,25.239921808,-2.132251749,1.102552127,-1.520662041,-87.127517,-2.132251749,1.102552127,-87.127517,-0.309799253,-0.203934786
wheel,1780715179.208283424,25.259927750,-2.132550628,1.108592457,-1.522049929,-87.207037,-2.132550628,1.108592457,-87.207037,-0.309425180,-0.202589226
wheel,1780715179.228524446,25.280168772,-2.132840382,1.114706179,-1.524825704,-87.366077,-2.132840382,1.114706179,-87.366077,-0.309075670,-0.201934921
wheel,1780715179.248323441,25.299967766,-2.133106238,1.120456299,-1.524363075,-87.339571,-2.133106238,1.120456299,-87.339571,-0.308156193,-0.199681948
wheel,1780715179.268283606,25.319927931,-2.133106238,1.120456299,-1.524363075,-87.339571,-2.133106238,1.120456299,-87.339571,-0.292748384,-0.197685128
wheel,1780715179.289274454,25.340918779,-2.133651366,1.132612386,-1.527601479,-87.525118,-2.133651366,1.132612386,-87.525118,-0.307094101,-0.197250959
wheel,1780715179.308542490,25.360186815,-2.133901260,1.138363222,-1.527138850,-87.498611,-2.133901260,1.138363222,-87.498611,-0.306676549,-0.195038350
wheel,1780715179.328263998,25.379908323,-2.134163807,1.144405240,-1.527601479,-87.525118,-2.134163807,1.144405240,-87.525118,-0.306675153,-0.193322542
wheel,1780715179.348367453,25.400011778,-2.134163807,1.144405240,-1.527601479,-87.525118,-2.134163807,1.144405240,-87.525118,-0.291341395,-0.191389317
rtabmap,1780715179.364501715,25.966669083,0.247111708,-2.458983898,-0.432418052,-24.775729,2.095167984,1.310210614,91.518266,0.314890087,0.056612257
wheel,1780715179.368402243,25.420046568,-2.134705812,1.157290791,-1.529914624,-87.657651,-2.134705812,1.157290791,-87.657651,-0.308980628,-0.190630703
wheel,1780715179.388317347,25.439961672,-2.134908315,1.162241409,-1.529914624,-87.657651,-2.134908315,1.162241409,-87.657651,-0.305967276,-0.188724396
wheel,1780715179.408297062,25.459941387,-2.135148167,1.168138525,-1.530377254,-87.684158,-2.135148167,1.168138525,-87.684158,-0.305435171,-0.187068644
wheel,1780715179.428396225,25.480040550,-2.135148167,1.168138525,-1.530377254,-87.684158,-2.135148167,1.168138525,-87.684158,-0.290163413,-0.185197957
wheel,1780715179.448268652,25.499912977,-2.135625640,1.180151615,-1.531765141,-87.763678,-2.135625640,1.180151615,-87.763678,-0.305880334,-0.184043815
wheel,1780715179.468215466,25.519859791,-2.135625640,1.180151615,-1.531765141,-87.763678,-2.135625640,1.180151615,-87.763678,-0.290586318,-0.182203377
wheel,1780715179.488487959,25.540132284,-2.135625640,1.180151615,-1.531765141,-87.763678,-2.135625640,1.180151615,-87.763678,-0.276057002,-0.180381343
wheel,1780715179.508255720,25.559900045,-2.136308507,1.198063169,-1.533615658,-87.869705,-2.136308507,1.198063169,-87.869705,-0.307595310,-0.179513726
wheel,1780715179.528867483,25.580511808,-2.136531915,1.204106761,-1.534078287,-87.896211,-2.136531915,1.204106761,-87.896211,-0.306884232,-0.177943009
wheel,1780715179.548301697,25.599946022,-2.136756600,1.210223219,-1.534078287,-87.896211,-2.136756600,1.210223219,-87.896211,-0.307310748,-0.176163579
wheel,1780715179.568209171,25.619853497,-2.136756600,1.210223219,-1.534078287,-87.896211,-2.136756600,1.210223219,-87.896211,-0.291945210,-0.174401944
wheel,1780715179.588849783,25.640494108,-2.137211115,1.222674686,-1.534540916,-87.922718,-2.137211115,1.222674686,-87.922718,-0.307533720,-0.172882083
wheel,1780715179.608373165,25.660017490,-2.137211115,1.222674686,-1.534540916,-87.922718,-2.137211115,1.222674686,-87.922718,-0.292157034,-0.171153262
wheel,1780715179.628329039,25.679973364,-2.137423683,1.228572849,-1.535003545,-87.949225,-2.137423683,1.228572849,-87.949225,-0.292331489,-0.169673472
rtabmap,1780715179.631120443,26.233287811,0.320895463,-2.495296240,-0.424234119,-24.306825,2.095038667,1.392445716,91.987171,0.308341831,0.030695247
wheel,1780715179.648303509,25.699947834,-2.137878198,1.241024316,-1.533615658,-87.869705,-2.137878198,1.241024316,-87.869705,-0.308907478,-0.167281832
wheel,1780715179.668574810,25.720219135,-2.137878198,1.241024316,-1.533615658,-87.869705,-2.137878198,1.241024316,-87.869705,-0.293462104,-0.165609014
wheel,1780715179.688275099,25.739919424,-2.138370366,1.254422272,-1.534540916,-87.922718,-2.138370366,1.254422272,-87.922718,-0.312813518,-0.164422551
wheel,1780715179.709480524,25.761124849,-2.138571093,1.259956304,-1.534540916,-87.922718,-2.138571093,1.259956304,-87.922718,-0.310218458,-0.162778326
wheel,1780715179.728258610,25.779902935,-2.138571093,1.259956304,-1.534540916,-87.922718,-2.138571093,1.259956304,-87.922718,-0.294707536,-0.161150543
wheel,1780715179.748257875,25.799902201,-2.139046872,1.272990296,-1.534078287,-87.896211,-2.139046872,1.272990296,-87.896211,-0.312574596,-0.159307753
wheel,1780715179.768278360,25.819922686,-2.139046872,1.272990296,-1.534078287,-87.896211,-2.139046872,1.272990296,-87.896211,-0.296945866,-0.157714675
wheel,1780715179.788527727,25.840172052,-2.139046872,1.272990296,-1.534078287,-87.896211,-2.139046872,1.272990296,-87.896211,-0.282098573,-0.156137529
wheel,1780715179.811492443,25.863136768,-2.139046872,1.272990296,-1.534078287,-87.896211,-2.139046872,1.272990296,-87.896211,-0.267993644,-0.154576153
wheel,1780715179.830849171,25.882493496,-2.139726277,1.291485300,-1.534078287,-87.896211,-2.139726277,1.291485300,-87.896211,-0.302395575,-0.153030392
rtabmap,1780715179.830985546,26.433152914,0.381779671,-2.521165848,-0.423730734,-24.277983,2.091261303,1.458490056,92.016013,0.330901414,0.002518655
wheel,1780715179.848296165,25.899940491,-2.139961662,1.297893019,-1.534078287,-87.896211,-2.139961662,1.297893019,-87.896211,-0.305656090,-0.151500088
wheel,1780715179.868245602,25.919889927,-2.140190454,1.304082239,-1.533615658,-87.869705,-2.140190454,1.304082239,-87.869705,-0.305893182,-0.149753230
wheel,1780715179.888185978,25.939830303,-2.140542315,1.310265684,-1.494292179,-85.616635,-2.140542315,1.310265684,-85.616635,-0.306129926,-0.128533282
wheel,1780715179.908259630,25.959903955,-2.141258455,1.322850813,-1.533615658,-87.869705,-2.141258455,1.322850813,-87.869705,-0.322245781,-0.146852682
wheel,1780715179.928390026,25.980034351,-2.141487247,1.329040033,-1.534078287,-87.896211,-2.141487247,1.329040033,-87.896211,-0.321507711,-0.145613836
wheel,1780715179.948355436,25.999999762,-2.141722632,1.335447752,-1.534078287,-87.896211,-2.141722632,1.335447752,-87.896211,-0.321485213,-0.144157697
wheel,1780715179.968275547,26.019919872,-2.141722632,1.335447752,-1.534078287,-87.896211,-2.141722632,1.335447752,-87.896211,-0.305410953,-0.142716121
wheel,1780715179.989060640,26.040704966,-2.142188051,1.348117558,-1.534078287,-87.896211,-2.142188051,1.348117558,-87.896211,-0.320632775,-0.141288959
rtabmap,1780715179.997972012,26.600139380,0.431739360,-2.540069342,-0.423329658,-24.255003,2.086077901,1.511654377,92.038993,0.319269776,0.002401869
wheel,1780715180.008280039,26.059924364,-2.142424612,1.354598146,-1.534540916,-87.922718,-2.142424612,1.354598146,-87.922718,-0.321471653,-0.140116776
wheel,1780715180.028418064,26.080062389,-2.142424612,1.354598146,-1.534540916,-87.922718,-2.142424612,1.354598146,-87.922718,-0.305398070,-0.138715608
wheel,1780715180.048380136,26.100024462,-2.142652925,1.360933209,-1.535003545,-87.949225,-2.142652925,1.360933209,-87.949225,-0.306015136,-0.137560337
wheel,1780715180.068243504,26.119887829,-2.142878308,1.367268378,-1.535466174,-87.975731,-2.142878308,1.367268378,-87.975731,-0.306661378,-0.136417494
wheel,1780715180.088316441,26.139960766,-2.142878308,1.367268378,-1.535466174,-87.975731,-2.142878308,1.367268378,-87.975731,-0.291328309,-0.135053319
wheel,1780715180.108661413,26.160305738,-2.143635899,1.383572342,-1.513259975,-86.703410,-2.143635899,1.383572342,-86.703410,-0.316874848,-0.122787696
wheel,1780715180.128821850,26.180466175,-2.143800797,1.387138873,-1.535928804,-88.002238,-2.143800797,1.387138873,-88.002238,-0.309886344,-0.132804566
wheel,1780715180.148369551,26.200013876,-2.143995086,1.392746043,-1.536391433,-88.028745,-2.143995086,1.392746043,-88.028745,-0.308741684,-0.131713167
rtabmap,1780715180.164529562,26.766696930,0.484014958,-2.559994698,-0.421448517,-24.147221,2.080784737,1.567347647,92.146774,0.335297525,0.011294495
wheel,1780715180.169038534,26.220682859,-2.144215648,1.399154289,-1.536391433,-88.028745,-2.144215648,1.399154289,-88.028745,-0.308816040,-0.130396035
wheel,1780715180.188655138,26.240299463,-2.144635157,1.411679889,-1.538241949,-88.134772,-2.144635157,1.411679889,-88.134772,-0.325316051,-0.130035325
wheel,1780715180.208243370,26.259887695,-2.144833400,1.417724359,-1.537779320,-88.108265,-2.144833400,1.417724359,-88.108265,-0.324489252,-0.128498766
wheel,1780715180.230349541,26.281993866,-2.144833400,1.417724359,-1.537779320,-88.108265,-2.144833400,1.417724359,-88.108265,-0.308264790,-0.127213778
wheel,1780715180.248283625,26.299927950,-2.145275979,1.431124045,-1.537779320,-88.108265,-2.145275979,1.431124045,-88.108265,-0.330219646,-0.125941641
wheel,1780715180.268270969,26.319915295,-2.145275979,1.431124045,-1.537779320,-88.108265,-2.145275979,1.431124045,-88.108265,-0.313708663,-0.124682224
wheel,1780715180.288268805,26.339913130,-2.145655439,1.442776123,-1.538704578,-88.161278,-2.145655439,1.442776123,-88.161278,-0.327172717,-0.123898092
rtabmap,1780715180.297889471,26.900056839,0.525406599,-2.574912786,-0.420209666,-24.076240,2.075823739,1.611064987,92.217755,0.328978002,0.009289548
wheel,1780715180.308322191,26.359966516,-2.145655439,1.442776123,-1.538704578,-88.161278,-2.145655439,1.442776123,-88.161278,-0.310814081,-0.122659111
wheel,1780715180.328332186,26.379976511,-2.145856501,1.449039208,-1.538704578,-88.161278,-2.145856501,1.449039208,-88.161278,-0.310935065,-0.121432520
wheel,1780715180.348820448,26.400464773,-2.146271265,1.462148185,-1.539629837,-88.214292,-2.146271265,1.462148185,-88.214292,-0.327384582,-0.120669642
wheel,1780715180.368308306,26.419952631,-2.146271265,1.462148185,-1.539629837,-88.214292,-2.146271265,1.462148185,-88.214292,-0.311015353,-0.119462945
wheel,1780715180.388498068,26.440142393,-2.146656648,1.474601983,-1.540092466,-88.240798,-2.146656648,1.474601983,-88.240798,-0.326299730,-0.118497297
wheel,1780715180.408284903,26.459929228,-2.146853492,1.481011001,-1.540092466,-88.240798,-2.146853492,1.481011001,-88.240798,-0.326190271,-0.117312324
wheel,1780715180.428256035,26.479900360,-2.147039329,1.487201660,-1.541480353,-88.320318,-2.147039329,1.487201660,-88.320318,-0.325381947,-0.116833932
wheel,1780715180.448316097,26.499960423,-2.147222302,1.493392405,-1.541017724,-88.293812,-2.147222302,1.493392405,-88.293812,-0.324557819,-0.115434855
wheel,1780715180.468269348,26.519913673,-2.147222302,1.493392405,-1.541017724,-88.293812,-2.147222302,1.493392405,-88.293812,-0.308329928,-0.114280507
wheel,1780715180.488377094,26.540021420,-2.147594705,1.505992391,-1.541480353,-88.320318,-2.147594705,1.505992391,-88.320318,-0.324254200,-0.113367747
rtabmap,1780715180.498039722,27.100207090,0.589021623,-2.596840620,-0.418251050,-23.964020,2.067302754,1.677811478,92.329976,0.334879696,0.009785846
wheel,1780715180.508311033,26.559955359,-2.147774814,1.512183219,-1.541942983,-88.346825,-2.147774814,1.512183219,-88.346825,-0.323575307,-0.112466134
wheel,1780715180.528676987,26.580321312,-2.147955593,1.518446923,-1.541942983,-88.346825,-2.147955593,1.518446923,-88.346825,-0.322782086,-0.111341472
wheel,1780715180.548299313,26.599943638,-2.147955593,1.518446923,-1.541942983,-88.346825,-2.147955593,1.518446923,-88.346825,-0.306642982,-0.110228058
wheel,1780715180.568811655,26.620455980,-2.148136372,1.524710626,-1.541942983,-88.346825,-2.148136372,1.524710626,-88.346825,-0.306569362,-0.109125777
wheel,1780715180.588267803,26.639912128,-2.148492947,1.537165283,-1.542405612,-88.373332,-2.148492947,1.537165283,-88.373332,-0.323262965,-0.108272314
wheel,1780715180.608217239,26.659861565,-2.148492947,1.537165283,-1.542405612,-88.373332,-2.148492947,1.537165283,-88.373332,-0.307099817,-0.107189591
wheel,1780715180.628249645,26.679893970,-2.148847863,1.549765773,-1.542868241,-88.399839,-2.148847863,1.549765773,-88.399839,-0.323200080,-0.106348581
wheel,1780715180.648662806,26.700307131,-2.148847863,1.549765773,-1.542868241,-88.399839,-2.148847863,1.549765773,-88.399839,-0.307040076,-0.105285095
wheel,1780715180.668926001,26.720570326,-2.149023416,1.556102518,-1.543330870,-88.426345,-2.149023416,1.556102518,-88.426345,-0.307330534,-0.104460559
wheel,1780715180.688331127,26.739975452,-2.149023416,1.556102518,-1.543330870,-88.426345,-2.149023416,1.556102518,-88.426345,-0.291964007,-0.103415954
wheel,1780715180.708330631,26.759974957,-2.149528582,1.574967556,-1.544718758,-88.505865,-2.149528582,1.574967556,-88.505865,-0.324535230,-0.103075590
wheel,1780715180.728244066,26.779888391,-2.149695773,1.581377416,-1.544718758,-88.505865,-2.149695773,1.581377416,-88.505865,-0.324407097,-0.102044834
wheel,1780715180.748274565,26.799918890,-2.149870897,1.588151513,-1.545181387,-88.532372,-2.149870897,1.588151513,-88.532372,-0.325104064,-0.101255378
rtabmap,1780715180.764498234,27.366665602,0.667005539,-2.634835243,-0.412545471,-23.637114,2.066821082,1.764557374,92.656881,0.325355589,0.021412477
wheel,1780715180.768302441,26.819946766,-2.149870897,1.588151513,-1.545181387,-88.532372,-2.149870897,1.588151513,-88.532372,-0.308848861,-0.100242824
wheel,1780715180.788260460,26.839904785,-2.150232213,1.602646965,-1.546569274,-88.611892,-2.150232213,1.602646965,-88.611892,-0.329726046,-0.099935675
wheel,1780715180.808753967,26.860398293,-2.150232213,1.602646965,-1.546569274,-88.611892,-2.150232213,1.602646965,-88.611892,-0.313239743,-0.098936318
wheel,1780715180.828273296,26.879917622,-2.150587127,1.617725656,-1.547957162,-88.691412,-2.150587127,1.617725656,-88.691412,-0.336213005,-0.098657979
wheel,1780715180.848349333,26.899993658,-2.150740216,1.624427404,-1.547957162,-88.691412,-2.150740216,1.624427404,-88.691412,-0.336103971,-0.097671399
wheel,1780715180.869717836,26.921362162,-2.150740216,1.624427404,-1.547957162,-88.691412,-2.150740216,1.624427404,-88.691412,-0.319298772,-0.096694685
wheel,1780715180.888607979,26.940252304,-2.150740216,1.624427404,-1.547957162,-88.691412,-2.150740216,1.624427404,-88.691412,-0.303333834,-0.095727738
wheel,1780715180.908285379,26.959929705,-2.151272700,1.647737833,-1.547957162,-88.691412,-2.151272700,1.647737833,-88.691412,-0.347411914,-0.094770461
wheel,1780715180.928249359,26.979893684,-2.151429117,1.654585271,-1.547957162,-88.691412,-2.151429117,1.654585271,-88.691412,-0.347195069,-0.093822756
wheel,1780715180.949123621,27.000767946,-2.151598883,1.661942586,-1.547494532,-88.664906,-2.151598883,1.661942586,-88.664906,-0.347462538,-0.092662907
rtabmap,1780715180.964826345,27.566993713,0.744888723,-2.659356356,-0.410162338,-23.500571,2.054304587,1.845244502,92.793425,0.405238032,0.011896655
wheel,1780715180.968837976,27.020482302,-2.151598883,1.661942586,-1.547494532,-88.664906,-2.151598883,1.661942586,-88.664906,-0.330089411,-0.091736278
wheel,1780715180.988248587,27.039892912,-2.151936736,1.676584371,-1.547957162,-88.691412,-2.151936736,1.676584371,-88.691412,-0.351309059,-0.091057242
wheel,1780715181.008286715,27.059931040,-2.152099805,1.683796073,-1.548419791,-88.717919,-2.152099805,1.683796073,-88.717919,-0.351748296,-0.090377610
wheel,1780715181.028251886,27.079896212,-2.152259538,1.691007849,-1.548882420,-88.744426,-2.152259538,1.691007849,-88.744426,-0.352221458,-0.089705491
wheel,1780715181.048264980,27.099909306,-2.152412774,1.698074005,-1.549345049,-88.770932,-2.152412774,1.698074005,-88.770932,-0.352267105,-0.089039583
wheel,1780715181.068362474,27.120006800,-2.152412774,1.698074005,-1.549345049,-88.770932,-2.152412774,1.698074005,-88.770932,-0.334653750,-0.088149187
wheel,1780715181.088300467,27.139944792,-2.152703324,1.711915133,-1.550270307,-88.823946,-2.152703324,1.711915133,-88.823946,-0.352628770,-0.087731624
wheel,1780715181.108337641,27.159981966,-2.152703324,1.711915133,-1.550270307,-88.823946,-2.152703324,1.711915133,-88.823946,-0.334997332,-0.086854308
wheel,1780715181.130621195,27.182265520,-2.152957104,1.725173969,-1.553046082,-88.982986,-2.152957104,1.725173969,-88.982986,-0.348010830,-0.087231746
wheel,1780715181.148269176,27.199913502,-2.153065845,1.731220711,-1.552583453,-88.956479,-2.153065845,1.731220711,-88.956479,-0.347739276,-0.086097367
rtabmap,1780715181.164697886,27.766865253,0.806578696,-2.690724134,-0.402220365,-23.045529,2.055099577,1.914446802,93.248466,0.345628530,0.039735451
wheel,1780715181.168560505,27.220204830,-2.153065845,1.731220711,-1.552583453,-88.956479,-2.153065845,1.731220711,-88.956479,-0.330352312,-0.085236393
wheel,1780715181.189242840,27.240887165,-2.153065845,1.731220711,-1.552583453,-88.956479,-2.153065845,1.731220711,-88.956479,-0.313834696,-0.084384029
wheel,1780715181.208290339,27.259934664,-2.153368146,1.748705480,-1.554433970,-89.062506,-2.153368146,1.748705480,-89.062506,-0.344087886,-0.084512568
wheel,1780715181.228299618,27.279943943,-2.153458751,1.754242410,-1.554433970,-89.062506,-2.153458751,1.754242410,-89.062506,-0.340705932,-0.083667442
wheel,1780715181.248265982,27.299910307,-2.153549428,1.759706465,-1.553971341,-89.035999,-2.153549428,1.759706465,-89.035999,-0.337356649,-0.082599047
wheel,1780715181.268244028,27.319888353,-2.153549428,1.759706465,-1.553971341,-89.035999,-2.153549428,1.759706465,-89.035999,-0.320488817,-0.081773057
wheel,1780715181.288261652,27.339905977,-2.153739617,1.770561549,-1.552583453,-88.956479,-2.153739617,1.770561549,-88.956479,-0.331583000,-0.080261977
wheel,1780715181.308305979,27.359950304,-2.153739617,1.770561549,-1.552583453,-88.956479,-2.153739617,1.770561549,-88.956479,-0.315003850,-0.079459357
wheel,1780715181.328257561,27.379901886,-2.153937621,1.780906355,-1.550732937,-88.850452,-2.153937621,1.780906355,-88.850452,-0.325183183,-0.077737260
rtabmap,1780715181.331178904,27.933346272,0.848991156,-2.712702036,-0.402052117,-23.035889,2.056015734,1.962206676,93.258106,0.286106288,0.001010888
wheel,1780715181.349315166,27.400959492,-2.153937621,1.780906355,-1.550732937,-88.850452,-2.153937621,1.780906355,-88.850452,-0.308924024,-0.076959887
wheel,1780715181.368269920,27.419914246,-2.154035924,1.785641501,-1.549345049,-88.770932,-2.154035924,1.785641501,-88.770932,-0.305978402,-0.075457654
wheel,1780715181.388300419,27.439944744,-2.154265836,1.796131411,-1.548419791,-88.717919,-2.154265836,1.796131411,-88.717919,-0.316863759,-0.074241273
wheel,1780715181.408261061,27.459905386,-2.154380392,1.801303493,-1.548882420,-88.744426,-2.154380392,1.801303493,-88.744426,-0.313974034,-0.073730534
wheel,1780715181.428272963,27.479917288,-2.154495348,1.806548448,-1.548882420,-88.744426,-2.154495348,1.806548448,-88.744426,-0.311384474,-0.072993229
wheel,1780715181.448266745,27.499911070,-2.154607877,1.811793455,-1.549807678,-88.797439,-2.154607877,1.811793455,-88.797439,-0.308934553,-0.072726059
rtabmap,1780715181.464527845,28.066695213,0.880070448,-2.727133036,-0.402688306,-23.072340,2.055186180,1.996462887,93.221655,0.256829888,-0.004770645
wheel,1780715181.469225168,27.520869493,-2.154607877,1.811793455,-1.549807678,-88.797439,-2.154607877,1.811793455,-88.797439,-0.293487825,-0.071998798
wheel,1780715181.489223719,27.540868044,-2.154832203,1.822720767,-1.550732937,-88.850452,-2.154832203,1.822720767,-88.850452,-0.306135215,-0.071741401
wheel,1780715181.508271456,27.559915781,-2.154938046,1.828184549,-1.552120824,-88.929973,-2.154938046,1.828184549,-88.929973,-0.305175818,-0.071752742
wheel,1780715181.528269291,27.579913616,-2.155024499,1.832701295,-1.551195566,-88.876959,-2.155024499,1.832701295,-88.876959,-0.301210703,-0.070572596
wheel,1780715181.548277617,27.599921942,-2.155119318,1.837655146,-1.552120824,-88.929973,-2.155119318,1.837655146,-88.929973,-0.298531319,-0.070329285
wheel,1780715181.568248510,27.619892836,-2.155119318,1.837655146,-1.552120824,-88.929973,-2.155119318,1.837655146,-88.929973,-0.283604753,-0.069625992
wheel,1780715181.588237762,27.639882088,-2.155304372,1.847562935,-1.552120824,-88.929973,-2.155304372,1.847562935,-88.929973,-0.294210149,-0.068929732
wheel,1780715181.608332396,27.659976721,-2.155391158,1.852152552,-1.551658195,-88.903466,-2.155391158,1.852152552,-88.903466,-0.290926165,-0.068010119
wheel,1780715181.630450010,27.682094336,-2.155391158,1.852152552,-1.551658195,-88.903466,-2.155391158,1.852152552,-88.903466,-0.276379857,-0.067330018
wheel,1780715181.649314165,27.700958490,-2.155566852,1.861331746,-1.551658195,-88.903466,-2.155566852,1.861331746,-88.903466,-0.286884287,-0.066656718
wheel,1780715181.670130014,27.721774340,-2.155566852,1.861331746,-1.551658195,-88.903466,-2.155566852,1.861331746,-88.903466,-0.272540072,-0.065990151
wheel,1780715181.688493490,27.740137815,-2.155678695,1.864973234,-1.528526737,-87.578131,-2.155678695,1.864973234,-87.578131,-0.268829939,-0.052737398
rtabmap,1780715181.697911263,28.300078630,0.937849045,-2.746078253,-0.400700381,-22.958441,2.046576586,2.056655597,93.335555,0.259579062,0.008517895
wheel,1780715181.710214376,27.761858702,-2.155678695,1.864973234,-1.528526737,-87.578131,-2.155678695,1.864973234,-87.578131,-0.255388442,-0.052210024
wheel,1780715181.728239059,27.779883385,-2.155977254,1.874076351,-1.547494532,-88.664906,-2.155977254,1.874076351,-88.664906,-0.267882067,-0.062210183
wheel,1780715181.748285055,27.799929380,-2.156019616,1.875824576,-1.545644016,-88.558879,-2.156019616,1.875824576,-88.558879,-0.258850297,-0.060664836
wheel,1780715181.768370390,27.820014715,-2.156019616,1.875824576,-1.545644016,-88.558879,-2.156019616,1.875824576,-88.558879,-0.245907782,-0.060058188
wheel,1780715181.788299084,27.839943409,-2.156118491,1.879393547,-1.540555095,-88.267305,-2.156118491,1.879393547,-88.267305,-0.242559692,-0.056907032
rtabmap,1780715181.798153639,28.400321007,0.951565206,-2.750027180,-0.413202802,-23.674777,2.044040982,2.070701871,92.619219,0.141357884,-0.124721408
wheel,1780715181.808266163,27.859910488,-2.156166526,1.880922939,-1.538241949,-88.134772,-2.156166526,1.880922939,-88.134772,-0.234263013,-0.055179592
wheel,1780715181.828259706,27.879904032,-2.156166526,1.880922939,-1.538241949,-88.134772,-2.156166526,1.880922939,-88.134772,-0.222549862,-0.054627796
wheel,1780715181.848275661,27.899919987,-2.156244746,1.883180371,-1.534078287,-87.896211,-2.156244746,1.883180371,-87.896211,-0.217062685,-0.052002139
wheel,1780715181.868235350,27.919879675,-2.156244746,1.883180371,-1.534078287,-87.896211,-2.156244746,1.883180371,-87.896211,-0.206209551,-0.051482118
wheel,1780715181.888241291,27.939885616,-2.156295925,1.884490926,-1.529451995,-87.631144,-2.156295925,1.884490926,-87.631144,-0.199177140,-0.048654727
wheel,1780715181.908261299,27.959905624,-2.156324091,1.885146097,-1.526213591,-87.445597,-2.156324091,1.885146097,-87.445597,-0.190856340,-0.046550346
wheel,1780715181.928241253,27.979885578,-2.156354681,1.885801160,-1.522049929,-87.207037,-2.156354681,1.885801160,-87.207037,-0.182954258,-0.044001370
wheel,1780715181.948281050,27.999925375,-2.156388302,1.886456075,-1.516961008,-86.915463,-2.156388302,1.886456075,-86.915463,-0.175442965,-0.041021586
wheel,1780715181.968264580,28.019908905,-2.156388302,1.886456075,-1.516961008,-86.915463,-2.156388302,1.886456075,-86.915463,-0.166670817,-0.040611370
wheel,1780715181.988299608,28.039943933,-2.156484184,1.888056215,-1.504932650,-86.226289,-2.156484184,1.888056215,-86.226289,-0.162337413,-0.034202164
wheel,1780715182.008321762,28.059966087,-2.156484184,1.888056215,-1.504932650,-86.226289,-2.156484184,1.888056215,-86.226289,-0.154220543,-0.033860143
wheel,1780715182.028275251,28.079919577,-2.156654861,1.890381610,-1.490128517,-85.378075,-2.156654861,1.890381610,-85.378075,-0.152350904,-0.026103905
rtabmap,1780715182.031282425,28.633449793,0.952286124,-2.757391930,-0.460571261,-26.388789,2.050324372,2.074610615,89.905206,0.015517282,-0.203185976
wheel,1780715182.048282146,28.099926472,-2.156784157,1.891906284,-1.482263821,-84.927461,-2.156784157,1.891906284,-84.927461,-0.148558272,-0.021910983
wheel,1780715182.068249226,28.119893551,-2.156784157,1.891906284,-1.482263821,-84.927461,-2.156784157,1.891906284,-84.927461,-0.141130358,-0.021691873
wheel,1780715182.088259935,28.139904261,-2.157124003,1.895387210,-1.464683913,-83.920207,-2.157124003,1.895387210,-83.920207,-0.142812747,-0.012689809
wheel,1780715182.108673096,28.160317421,-2.157332494,1.897270169,-1.456356588,-83.443086,-2.157332494,1.897270169,-83.443086,-0.140313663,-0.008482425
wheel,1780715182.128245115,28.179889441,-2.157556658,1.899151326,-1.448029264,-82.965965,-2.157556658,1.899151326,-82.965965,-0.138136003,-0.004144394
wheel,1780715182.148330688,28.199975014,-2.157814927,1.901175108,-1.439701939,-82.488845,-2.157814927,1.901175108,-82.488845,-0.136309587,0.000044303
rtabmap,1780715182.164589167,28.766756535,0.966551006,-2.765440464,-0.519444250,-29.761963,2.051221129,2.090964868,86.532032,0.122692615,-0.441635370
wheel,1780715182.168406248,28.220050573,-2.157814927,1.901175108,-1.439701939,-82.488845,-2.157814927,1.901175108,-82.488845,-0.129494108,0.000043860
wheel,1780715182.188239813,28.239884138,-2.158407434,1.905433062,-1.425360435,-81.667137,-2.158407434,1.905433062,-81.667137,-0.133857956,0.007274955
wheel,1780715182.208385706,28.260030031,-2.158741505,1.907667008,-1.419346256,-81.322550,-2.158741505,1.907667008,-81.322550,-0.132780901,0.010192721
wheel,1780715182.228338957,28.279983282,-2.159109226,1.910043239,-1.415182593,-81.083990,-2.159109226,1.910043239,-81.083990,-0.132158026,0.012174316
wheel,1780715182.248310328,28.299954653,-2.159497715,1.912489968,-1.411481560,-80.871936,-2.159497715,1.912489968,-80.871936,-0.131751785,0.013905543
wheel,1780715182.268242598,28.319886923,-2.159497715,1.912489968,-1.411481560,-80.871936,-2.159497715,1.912489968,-80.871936,-0.125164195,0.013766488
wheel,1780715182.288266897,28.339911222,-2.160344358,1.917667416,-1.405930010,-80.553856,-2.160344358,1.917667416,-80.553856,-0.132004359,0.016400965
wheel,1780715182.308276415,28.359920740,-2.160789897,1.920326317,-1.403616864,-80.421322,-2.160789897,1.920326317,-80.421322,-0.132141185,0.017393034
wheel,1780715182.328242540,28.379886866,-2.161277545,1.923199796,-1.401766348,-80.315296,-2.161277545,1.923199796,-80.315296,-0.132832461,0.018145876
rtabmap,1780715182.331207037,28.933374405,0.983606756,-2.775939941,-0.557974804,-31.969601,2.053078947,2.110906937,84.324394,0.120142177,-0.231250703
wheel,1780715182.348620653,28.400264978,-2.161732922,1.925857031,-1.400378460,-80.235775,-2.161732922,1.925857031,-80.235775,-0.132805940,0.018645509
wheel,1780715182.368224859,28.419869184,-2.161732922,1.925857031,-1.400378460,-80.235775,-2.161732922,1.925857031,-80.235775,-0.126165643,0.018459054
wheel,1780715182.388281345,28.439925671,-2.162679652,1.931313174,-1.397602685,-80.076735,-2.162679652,1.931313174,-80.076735,-0.133672895,0.019659479
wheel,1780715182.408275366,28.459919691,-2.163147317,1.933968273,-1.395289540,-79.944202,-2.163147317,1.933968273,-79.944202,-0.133727258,0.020619128
wheel,1780715182.428254604,28.479898930,-2.163619895,1.936622502,-1.393901652,-79.864682,-2.163619895,1.936622502,-79.864682,-0.133785493,0.021107361
wheel,1780715182.448274612,28.499918938,-2.164109659,1.939347678,-1.392051135,-79.758655,-2.164109659,1.939347678,-79.758655,-0.134012130,0.021820720
wheel,1780715182.468265057,28.519909382,-2.164109659,1.939347678,-1.392051135,-79.758655,-2.164109659,1.939347678,-79.758655,-0.127311524,0.021602513
wheel,1780715182.488272667,28.539916992,-2.165094954,1.944722927,-1.386962215,-79.467081,-2.165094954,1.944722927,-79.467081,-0.134601141,0.023929677
wheel,1780715182.508849382,28.560493708,-2.165094954,1.944722927,-1.386962215,-79.467081,-2.165094954,1.944722927,-79.467081,-0.127871084,0.023690380
wheel,1780715182.528324604,28.579968929,-2.165590844,1.947372900,-1.384649069,-79.334548,-2.165590844,1.947372900,-79.334548,-0.128397801,0.024640996
rtabmap,1780715182.531385422,29.133552790,1.010568023,-2.787645817,-0.579447502,-33.199896,2.051630421,2.140264035,83.094099,0.145220146,-0.107267983
wheel,1780715182.549240112,28.600884438,-2.166092862,1.950021718,-1.382335923,-79.202014,-2.166092862,1.950021718,-79.202014,-0.128423703,0.025500685
wheel,1780715182.568660259,28.620304585,-2.166616627,1.952740564,-1.378634890,-78.989961,-2.166616627,1.952740564,-78.989961,-0.129129714,0.027151027
wheel,1780715182.588245630,28.639889956,-2.167702142,1.958245086,-1.373545969,-78.698387,-2.167702142,1.958245086,-78.698387,-0.136994416,0.029477465
wheel,1780715182.608289957,28.659934282,-2.168233539,1.960888167,-1.371232823,-78.565854,-2.168233539,1.960888167,-78.565854,-0.136871799,0.030337063
wheel,1780715182.628260851,28.679905176,-2.168815291,1.963744082,-1.368457048,-78.406813,-2.168815291,1.963744082,-78.406813,-0.137324890,0.031423536
wheel,1780715182.649656773,28.701301098,-2.169375484,1.966455656,-1.365681274,-78.247773,-2.169375484,1.966455656,-78.247773,-0.136927967,0.032406408
wheel,1780715182.668243170,28.719887495,-2.169375484,1.966455656,-1.365681274,-78.247773,-2.169375484,1.966455656,-78.247773,-0.130081568,0.032082343
wheel,1780715182.688247442,28.739891768,-2.170592299,1.972230849,-1.360592353,-77.956199,-2.170592299,1.972230849,-77.956199,-0.138328438,0.034305285
wheel,1780715182.708301783,28.759946108,-2.170592299,1.972230849,-1.360592353,-77.956199,-2.170592299,1.972230849,-77.956199,-0.131412016,0.033962232
wheel,1780715182.729263544,28.780907869,-2.171189745,1.975009035,-1.357353949,-77.770653,-2.171189745,1.975009035,-77.770653,-0.131616165,0.035166713
rtabmap,1780715182.731273890,29.333441257,1.033533931,-2.805539370,-0.608719243,-34.877044,2.057499204,2.168780163,81.416952,0.145155251,-0.146440178
wheel,1780715182.748270035,28.799914360,-2.172454610,1.980773896,-1.352265028,-77.479079,-2.172454610,1.980773896,-77.479079,-0.140561999,0.037492577
wheel,1780715182.768290758,28.819935083,-2.172454610,1.980773896,-1.352265028,-77.479079,-2.172454610,1.980773896,-77.479079,-0.133533899,0.037117652
wheel,1780715182.788214445,28.839858770,-2.172454610,1.980773896,-1.352265028,-77.479079,-2.172454610,1.980773896,-77.479079,-0.126857204,0.036746475
wheel,1780715182.808226347,28.859870672,-2.174440074,1.989513487,-1.342549816,-76.922438,-2.174440074,1.989513487,-76.922438,-0.142909128,0.041234248
wheel,1780715182.828324080,28.879968405,-2.174440074,1.989513487,-1.342549816,-76.922438,-2.174440074,1.989513487,-76.922438,-0.135763671,0.040821906
wheel,1780715182.848311424,28.899955750,-2.175844278,1.995470815,-1.336073007,-76.551344,-2.175844278,1.995470815,-76.551344,-0.144285357,0.043653870
wheel,1780715182.870792389,28.922436714,-2.175844278,1.995470815,-1.336073007,-76.551344,-2.175844278,1.995470815,-76.551344,-0.137071089,0.043217332
wheel,1780715182.888297558,28.939941883,-2.177339988,2.001631010,-1.329133570,-76.153744,-2.177339988,2.001631010,-76.153744,-0.148319434,0.046748355
rtabmap,1780715182.897926807,29.500094175,1.055417180,-2.820976734,-0.635999477,-36.440086,2.061645528,2.195237616,79.853910,0.160692364,-0.163694471
wheel,1780715182.908468723,28.960113049,-2.177339988,2.001631010,-1.329133570,-76.153744,-2.177339988,2.001631010,-76.153744,-0.140903462,0.046280871
wheel,1780715182.928700686,28.980345011,-2.178821240,2.007569650,-1.323582020,-75.835664,-2.178821240,2.007569650,-75.835664,-0.148979860,0.048561205
wheel,1780715182.948435783,29.000080109,-2.179556964,2.010465066,-1.320343616,-75.650117,-2.179556964,2.010465066,-75.650117,-0.149101973,0.049717025
wheel,1780715182.968389988,29.020034313,-2.179556964,2.010465066,-1.320343616,-75.650117,-2.179556964,2.010465066,-75.650117,-0.141646875,0.049219855
wheel,1780715182.988307714,29.039952040,-2.181107227,2.016461355,-1.315254695,-75.358543,-2.181107227,2.016461355,-75.358543,-0.150112853,0.051282749
wheel,1780715183.008416891,29.060061216,-2.181904100,2.019491480,-1.312016291,-75.172996,-2.181904100,2.019491480,-75.172996,-0.150398867,0.052380600
wheel,1780715183.028270721,29.079915047,-2.182710782,2.022519009,-1.308777887,-74.987449,-2.182710782,2.022519009,-74.987449,-0.150769102,0.053487839
wheel,1780715183.048297882,29.099942207,-2.183527265,2.025543909,-1.305539483,-74.801902,-2.183527265,2.025543909,-74.801902,-0.151053566,0.054570101
rtabmap,1780715183.064574242,29.666741610,1.078295588,-2.835746527,-0.662771309,-37.973999,2.064752518,2.222291543,78.319997,0.163088545,-0.160648942
wheel,1780715183.069312572,29.120956898,-2.183527265,2.025543909,-1.305539483,-74.801902,-2.183527265,2.025543909,-74.801902,-0.143500888,0.054024400
wheel,1780715183.088341951,29.139986277,-2.185089001,2.031235524,-1.300450562,-74.510329,-2.185089001,2.031235524,-74.510329,-0.151841392,0.056159775
wheel,1780715183.108292341,29.159936666,-2.185910389,2.034183525,-1.297674787,-74.351288,-2.185910389,2.034183525,-74.351288,-0.151914679,0.056988718
wheel,1780715183.129076719,29.180721045,-2.185910389,2.034183525,-1.297674787,-74.351288,-2.185910389,2.034183525,-74.351288,-0.144318945,0.056418831
wheel,1780715183.149481297,29.201125622,-2.186720871,2.037058911,-1.294436383,-74.165742,-2.186720871,2.037058911,-74.165742,-0.144172770,0.057387384
wheel,1780715183.168302059,29.219946384,-2.187601357,2.040141655,-1.290735350,-73.953688,-2.187601357,2.040141655,-73.953688,-0.145483209,0.058780397
wheel,1780715183.188306570,29.239950895,-2.189252422,2.045808002,-1.283795913,-73.556088,-2.189252422,2.045808002,-73.556088,-0.152975483,0.061665006
wheel,1780715183.208251953,29.259896278,-2.190061253,2.048532162,-1.280557508,-73.370541,-2.190061253,2.048532162,-73.370541,-0.152441736,0.062670014
wheel,1780715183.228270769,29.279915094,-2.190920832,2.051393254,-1.277319104,-73.184994,-2.190920832,2.051393254,-73.184994,-0.152288048,0.063662479
rtabmap,1780715183.231159210,29.833326578,1.097078085,-2.854895830,-0.690152569,-39.542829,2.073600279,2.247613374,76.751166,0.159610316,-0.164367810
wheel,1780715183.249029160,29.300673485,-2.191832054,2.054390977,-1.274080700,-72.999447,-2.191832054,2.054390977,-72.999447,-0.152214738,0.064584737
wheel,1780715183.268334627,29.319978952,-2.191832054,2.054390977,-1.274080700,-72.999447,-2.191832054,2.054390977,-72.999447,-0.144604001,0.063938889
wheel,1780715183.288257599,29.339901924,-2.193637836,2.060239113,-1.268529150,-72.681367,-2.193637836,2.060239113,-72.681367,-0.152729642,0.066085141
wheel,1780715183.308298111,29.359942436,-2.193637836,2.060239113,-1.268529150,-72.681367,-2.193637836,2.060239113,-72.681367,-0.145093160,0.065424289
wheel,1780715183.328290224,29.379934549,-2.195499307,2.066146204,-1.262514971,-72.336779,-2.195499307,2.066146204,-72.336779,-0.153326937,0.067778071
rtabmap,1780715183.331419468,29.933586836,1.109931469,-2.863035917,-0.706225533,-40.463742,2.075204378,2.262742728,75.830253,0.150550976,-0.160311848
wheel,1780715183.350550652,29.402194977,-2.196409048,2.068991743,-1.260201826,-72.204246,-2.196409048,2.068991743,-72.204246,-0.152378393,0.068140600
wheel,1780715183.368785858,29.420430183,-2.196409048,2.068991743,-1.260201826,-72.204246,-2.196409048,2.068991743,-72.204246,-0.144759474,0.067459194
wheel,1780715183.388268948,29.439913273,-2.198295819,2.074814255,-1.254650276,-71.886166,-2.198295819,2.074814255,-71.886166,-0.153226043,0.069633499
wheel,1780715183.408256054,29.459900379,-2.199205818,2.077583115,-1.251874501,-71.727125,-2.199205818,2.077583115,-71.727125,-0.152856112,0.070325997
wheel,1780715183.428354263,29.479998589,-2.200148409,2.080417942,-1.247710838,-71.488565,-2.200148409,2.080417942,-71.488565,-0.152646703,0.071694764
wheel,1780715183.448253393,29.499897718,-2.201101484,2.083249262,-1.244472434,-71.303018,-2.201101484,2.083249262,-71.303018,-0.152519448,0.072604934
wheel,1780715183.468245029,29.519889355,-2.201101484,2.083249262,-1.244472434,-71.303018,-2.201101484,2.083249262,-71.303018,-0.144893475,0.071878884
wheel,1780715183.488302469,29.539946795,-2.203035120,2.088902575,-1.237995626,-70.931924,-2.203035120,2.088902575,-70.931924,-0.152543872,0.074389379
rtabmap,1780715183.498012066,30.100179434,1.129707098,-2.882108450,-0.733056094,-42.001020,2.083543376,2.288920928,74.292975,0.164612010,-0.161054552
wheel,1780715183.508310556,29.559954882,-2.204015658,2.091724502,-1.234757222,-70.746378,-2.204015658,2.091724502,-70.746378,-0.152385789,0.075264805
wheel,1780715183.530019999,29.581664324,-2.205005329,2.094543239,-1.231518818,-70.560831,-2.205005329,2.094543239,-70.560831,-0.151645243,0.076003483
wheel,1780715183.548293829,29.599938154,-2.206027816,2.097427663,-1.228743043,-70.401790,-2.206027816,2.097427663,-70.401790,-0.152437173,0.076762576
wheel,1780715183.568327427,29.619971752,-2.206027816,2.097427663,-1.228743043,-70.401790,-2.206027816,2.097427663,-70.401790,-0.144815314,0.075994950
wheel,1780715183.588263035,29.639907360,-2.208122771,2.103256039,-1.222728864,-70.057203,-2.208122771,2.103256039,-70.057203,-0.153102238,0.078250649
wheel,1780715183.608278513,29.659922838,-2.208122771,2.103256039,-1.222728864,-70.057203,-2.208122771,2.103256039,-70.057203,-0.145447126,0.077468143
wheel,1780715183.628274918,29.679919243,-2.210326524,2.109277478,-1.217177314,-69.739123,-2.210326524,2.109277478,-69.739123,-0.154210238,0.079470166
wheel,1780715183.648262501,29.699906826,-2.211365592,2.112078382,-1.213938910,-69.553576,-2.211365592,2.112078382,-69.553576,-0.153972489,0.080295575
wheel,1780715183.669480562,29.721124887,-2.211365592,2.112078382,-1.213938910,-69.553576,-2.211365592,2.112078382,-69.553576,-0.146273865,0.079492620
wheel,1780715183.688738823,29.740383148,-2.213546599,2.117875106,-1.207924731,-69.208989,-2.213546599,2.117875106,-69.208989,-0.155037362,0.081820061
wheel,1780715183.708298445,29.759942770,-2.214584934,2.120598438,-1.205148956,-69.049949,-2.214584934,2.120598438,-69.049949,-0.154738771,0.082421532
wheel,1780715183.728812933,29.780457258,-2.215684440,2.123454392,-1.201447923,-68.837895,-2.215684440,2.123454392,-68.837895,-0.154457828,0.083400732
rtabmap,1780715183.731355906,30.333523273,1.153720021,-2.912231684,-0.768751203,-44.046199,2.099912667,2.323793209,72.247796,0.162856400,-0.152971536
wheel,1780715183.748246908,29.799891233,-2.216767435,2.126238606,-1.198209518,-68.652348,-2.216767435,2.126238606,-68.652348,-0.154421126,0.084233107
wheel,1780715183.768326759,29.819971085,-2.216767435,2.126238606,-1.198209518,-68.652348,-2.216767435,2.126238606,-68.652348,-0.146700070,0.083390776
wheel,1780715183.788265228,29.839909554,-2.218963019,2.131795432,-1.190807452,-68.228241,-2.218963019,2.131795432,-68.228241,-0.154346510,0.086268880
wheel,1780715183.808433771,29.860078096,-2.220075577,2.134567965,-1.187569048,-68.042694,-2.220075577,2.134567965,-68.042694,-0.154038407,0.087012526
wheel,1780715183.828455925,29.880100250,-2.220075577,2.134567965,-1.187569048,-68.042694,-2.220075577,2.134567965,-68.042694,-0.146336487,0.086142401
wheel,1780715183.848257303,29.899901628,-2.222382529,2.140237137,-1.181092240,-67.671601,-2.222382529,2.140237137,-67.671601,-0.154472374,0.088551392
wheel,1780715183.868336439,29.919980764,-2.222382529,2.140237137,-1.181092240,-67.671601,-2.222382529,2.140237137,-67.671601,-0.146748755,0.087665878
wheel,1780715183.888253450,29.939897776,-2.224699544,2.145823402,-1.174152802,-67.274000,-2.224699544,2.145823402,-67.274000,-0.154592887,0.090273229
wheel,1780715183.909083605,29.960727930,-2.225914637,2.148711345,-1.170914398,-67.088453,-2.225914637,2.148711345,-67.088453,-0.154383018,0.090924972
wheel,1780715183.928327560,29.979971886,-2.227139076,2.151595338,-1.167675994,-66.902906,-2.227139076,2.151595338,-66.902906,-0.154807013,0.091699060
rtabmap,1780715183.931523323,30.533690691,1.175296903,-2.936685562,-0.804319021,-46.084085,2.112278305,2.353970104,70.209910,0.162415445,-0.177689910
wheel,1780715183.948331833,29.999976158,-2.228372848,2.154475351,-1.164437590,-66.717359,-2.228372848,2.154475351,-66.717359,-0.154896013,0.092400539
wheel,1780715183.968717575,30.020361900,-2.228372848,2.154475351,-1.164437590,-66.717359,-2.228372848,2.154475351,-66.717359,-0.147151212,0.091476534
wheel,1780715183.988247156,30.039891481,-2.230984412,2.160490669,-1.157960782,-66.346266,-2.230984412,2.160490669,-66.346266,-0.156577851,0.093877166
wheel,1780715184.008243561,30.059887886,-2.232070056,2.162958389,-1.154722378,-66.160719,-2.232070056,2.162958389,-66.160719,-0.155490420,0.094557965
wheel,1780715184.028240681,30.079885006,-2.233310825,2.165755866,-1.151946603,-66.001679,-2.233310825,2.165755866,-66.001679,-0.155367548,0.095000439
wheel,1780715184.048691988,30.100336313,-2.233310825,2.165755866,-1.151946603,-66.001679,-2.233310825,2.165755866,-66.001679,-0.147599171,0.094050435
wheel,1780715184.068572998,30.120217323,-2.234559355,2.168549888,-1.149170828,-65.842638,-2.234559355,2.168549888,-65.842638,-0.147917394,0.094506426
wheel,1780715184.088263035,30.139907360,-2.237084820,2.174125153,-1.141768761,-65.418531,-2.237084820,2.174125153,-65.418531,-0.156062356,0.097320293
wheel,1780715184.109582424,30.161226749,-2.237084820,2.174125153,-1.141768761,-65.418531,-2.237084820,2.174125153,-65.418531,-0.148259238,0.096347090
wheel,1780715184.128318548,30.179962873,-2.239587862,2.179550434,-1.135291953,-65.047437,-2.239587862,2.179550434,-65.047437,-0.156784129,0.098838980
rtabmap,1780715184.131514072,30.733681440,1.196326256,-2.959960938,-0.837284697,-47.972879,2.123829919,2.383134072,68.321116,0.156769857,-0.164836258
wheel,1780715184.148291826,30.199936152,-2.240790854,2.182124937,-1.132053549,-64.861891,-2.240790854,2.182124937,-64.861891,-0.156059440,0.099472133
wheel,1780715184.168290615,30.219934940,-2.240790854,2.182124937,-1.132053549,-64.861891,-2.240790854,2.182124937,-64.861891,-0.148256468,0.098477412
wheel,1780715184.188389063,30.240033388,-2.243376387,2.187592106,-1.126039370,-64.517303,-2.243376387,2.187592106,-64.517303,-0.155891563,0.100485530
wheel,1780715184.208264828,30.259909153,-2.244633995,2.190221384,-1.123263595,-64.358263,-2.244633995,2.190221384,-64.358263,-0.155427356,0.100876936
wheel,1780715184.228232145,30.279876471,-2.245866682,2.192781802,-1.120950449,-64.225730,-2.245866682,2.192781802,-64.225730,-0.154769996,0.101026328
wheel,1780715184.249168634,30.300812960,-2.247168806,2.195470519,-1.118637303,-64.093196,-2.247168806,2.195470519,-64.093196,-0.154167297,0.101121106
wheel,1780715184.268337965,30.319982290,-2.247168806,2.195470519,-1.118637303,-64.093196,-2.247168806,2.195470519,-64.093196,-0.146458932,0.100109895
wheel,1780715184.288252115,30.339896441,-2.249986280,2.201230388,-1.113085753,-63.775116,-2.249986280,2.201230388,-63.775116,-0.155225560,0.101894869
rtabmap,1780715184.298284292,30.900451660,1.213931799,-2.980102062,-0.860347923,-49.294305,2.134088244,2.407840079,66.999691,0.160387993,-0.138292566
wheel,1780715184.308725595,30.360369921,-2.251341149,2.203974421,-1.111235237,-63.669089,-2.251341149,2.203974421,-63.669089,-0.154937816,0.101779749
wheel,1780715184.328290462,30.379934788,-2.252735420,2.206780250,-1.107996833,-63.483542,-2.252735420,2.206780250,-63.483542,-0.155201244,0.102417832
wheel,1780715184.348338842,30.399983168,-2.254105502,2.209516719,-1.105221058,-63.324502,-2.254105502,2.209516719,-63.324502,-0.155076809,0.102778801
wheel,1780715184.368621826,30.420266151,-2.254105502,2.209516719,-1.105221058,-63.324502,-2.254105502,2.209516719,-63.324502,-0.147322968,0.101751013
wheel,1780715184.388293266,30.439937592,-2.256936799,2.215106927,-1.098744250,-62.953408,-2.256936799,2.215106927,-62.953408,-0.155889663,0.104027114
wheel,1780715184.408342361,30.459986687,-2.258466410,2.218089292,-1.095043216,-62.741355,-2.258466410,2.218089292,-62.741355,-0.156452441,0.104832477
wheel,1780715184.428262472,30.479906797,-2.259905929,2.220872178,-1.091804812,-62.555808,-2.259905929,2.220872178,-62.555808,-0.156492617,0.105409537
rtabmap,1780715184.431681156,31.033848524,1.228020906,-2.995715618,-0.882553261,-50.566577,2.141845156,2.427387877,65.727419,0.157609895,-0.166459888
wheel,1780715184.448256969,30.499901295,-2.261421825,2.223779606,-1.088566408,-62.370261,-2.261421825,2.223779606,-62.370261,-0.156868430,0.105975282
wheel,1780715184.468263388,30.519907713,-2.261421825,2.223779606,-1.088566408,-62.370261,-2.261421825,2.223779606,-62.370261,-0.149025009,0.104915529
wheel,1780715184.488639355,30.540283680,-2.264411204,2.229452161,-1.083014858,-62.052181,-2.264411204,2.229452161,-62.052181,-0.157311947,0.106591601
wheel,1780715184.508274555,30.559918880,-2.265986166,2.232410828,-1.080239083,-61.893140,-2.265986166,2.232410828,-61.893140,-0.157979016,0.106938964
wheel,1780715184.528245449,30.579889774,-2.267603054,2.235429709,-1.077925937,-61.760607,-2.267603054,2.235429709,-61.760607,-0.158655405,0.107028012
rtabmap,1780715184.531826258,31.133993626,1.240547895,-3.008486986,-0.897688090,-51.433739,2.147745936,2.444276160,64.860257,0.177952945,-0.151129305
wheel,1780715184.548382282,30.600026608,-2.269193052,2.238380323,-1.075150162,-61.601567,-2.269193052,2.238380323,-61.601567,-0.159048615,0.107336776
wheel,1780715184.568243742,30.619888067,-2.269193052,2.238380323,-1.075150162,-61.601567,-2.269193052,2.238380323,-61.601567,-0.151096184,0.106263409
wheel,1780715184.588273287,30.639917612,-2.272394868,2.244269740,-1.070523871,-61.336500,-2.272394868,2.244269740,-61.336500,-0.160274798,0.107510426
wheel,1780715184.608257771,30.659902096,-2.273972289,2.247144253,-1.067285467,-61.150953,-2.273972289,2.247144253,-61.150953,-0.160464633,0.108055781
wheel,1780715184.628263712,30.679908037,-2.275557683,2.250014376,-1.064972321,-61.018419,-2.275557683,2.250014376,-61.018419,-0.160636666,0.108131521
wheel,1780715184.648781538,30.700425863,-2.277078955,2.252753427,-1.062659175,-60.885886,-2.277078955,2.252753427,-60.885886,-0.160239771,0.108177550
wheel,1780715184.668273926,30.719918251,-2.277078955,2.252753427,-1.062659175,-60.885886,-2.277078955,2.252753427,-60.885886,-0.152227782,0.107095775
wheel,1780715184.688254356,30.739898682,-2.280182483,2.258280928,-1.055719738,-60.488285,-2.280182483,2.258280928,-60.488285,-0.160480802,0.109498141
wheel,1780715184.708295822,30.759940147,-2.281766933,2.261068056,-1.052018705,-60.276232,-2.281766933,2.261068056,-60.276232,-0.160456276,0.110250089
wheel,1780715184.728261232,30.779905558,-2.281766933,2.261068056,-1.052018705,-60.276232,-2.281766933,2.261068056,-60.276232,-0.152433462,0.109147589
wheel,1780715184.748648167,30.800292492,-2.283326073,2.263785730,-1.047855042,-60.037671,-2.283326073,2.263785730,-60.037671,-0.152493409,0.110097739
rtabmap,1780715184.764929056,31.367096424,1.263236403,-3.040929556,-0.934766140,-53.558155,2.166781273,2.478988473,62.735841,0.169500172,-0.159063369
wheel,1780715184.769766092,30.821410418,-2.285152896,2.266937817,-1.043228751,-59.772604,-2.285152896,2.266937817,-59.772604,-0.153494986,0.111187555
wheel,1780715184.788247585,30.839891911,-2.289332493,2.274031747,-1.033513538,-59.215964,-2.289332493,2.274031747,-59.215964,-0.168095034,0.115332269
wheel,1780715184.808244944,30.859889269,-2.290978440,2.276783005,-1.029812505,-59.003910,-2.290978440,2.276783005,-59.003910,-0.167706582,0.116029751
wheel,1780715184.828893423,30.880537748,-2.292974073,2.280089200,-1.025648843,-58.765350,-2.292974073,2.280089200,-58.765350,-0.168673835,0.116886183
wheel,1780715184.848696947,30.900341272,-2.292974073,2.280089200,-1.025648843,-58.765350,-2.292974073,2.280089200,-58.765350,-0.160240143,0.115717321
wheel,1780715184.868241310,30.919885635,-2.294983456,2.283387056,-1.021485180,-58.526790,-2.294983456,2.283387056,-58.526790,-0.162105534,0.116690045
wheel,1780715184.894257069,30.945901394,-2.294983456,2.283387056,-1.021485180,-58.526790,-2.294983456,2.283387056,-58.526790,-0.154000258,0.115523145
wheel,1780715184.911243677,30.962888002,-2.299126129,2.290077683,-1.011307339,-57.943642,-2.299126129,2.290077683,-57.943642,-0.169464206,0.120359767
wheel,1780715184.928315639,30.979959965,-2.301184111,2.293345432,-1.006218418,-57.652069,-2.301184111,2.293345432,-57.652069,-0.172304662,0.122137908
wheel,1780715184.950386286,31.002030611,-2.305358866,2.299843534,-0.993264802,-56.909881,-2.305358866,2.299843534,-56.909881,-0.181182329,0.126784168
wheel,1780715184.969703197,31.021347523,-2.305358866,2.299843534,-0.993264802,-56.909881,-2.305358866,2.299843534,-56.909881,-0.172123212,0.125516327
wheel,1780715184.989035130,31.040679455,-2.309420825,2.305980258,-0.978923298,-56.088173,-2.309420825,2.305980258,-56.088173,-0.182553382,0.131680635
wheel,1780715185.008275032,31.059919357,-2.311420310,2.308938196,-0.973834377,-55.796600,-2.311420310,2.308938196,-55.796600,-0.182703732,0.133008681
wheel,1780715185.029120922,31.080765247,-2.311420310,2.308938196,-0.973834377,-55.796600,-2.311420310,2.308938196,-55.796600,-0.173568546,0.131678594
rtabmap,1780715185.031679869,31.633847237,1.291212916,-3.093964815,-1.008282988,-57.770360,2.201936167,2.527563749,58.523636,0.222240984,-0.275600880
wheel,1780715185.048264980,31.099909306,-2.316051366,2.315657692,-0.960880761,-55.054412,-2.316051366,2.315657692,-55.054412,-0.186206902,0.137129041
wheel,1780715185.068235159,31.119879484,-2.316051366,2.315657692,-0.960880761,-55.054412,-2.316051366,2.315657692,-55.054412,-0.176896556,0.135757750
wheel,1780715185.090386152,31.142030478,-2.316051366,2.315657692,-0.960880761,-55.054412,-2.316051366,2.315657692,-55.054412,-0.168051729,0.134400173
wheel,1780715185.108272791,31.159917116,-2.322861823,2.325209488,-0.941912965,-53.967638,-2.322861823,2.325209488,-53.967638,-0.192442983,0.143660903
wheel,1780715185.129122734,31.180767059,-2.324277610,2.327153001,-0.940525078,-53.888117,-2.324277610,2.327153001,-53.888117,-0.188586282,0.142889858
wheel,1780715185.148519516,31.200163841,-2.324277610,2.327153001,-0.940525078,-53.888117,-2.324277610,2.327153001,-53.888117,-0.179156968,0.141460959
wheel,1780715185.168281078,31.219925404,-2.328078170,2.332317302,-0.932197753,-53.410997,-2.328078170,2.332317302,-53.410997,-0.186401327,0.144254716
wheel,1780715185.188284159,31.239928484,-2.329819784,2.334654279,-0.928496719,-53.198943,-2.329819784,2.334654279,-53.198943,-0.184366896,0.144662488
rtabmap,1780715185.198352337,31.800519705,1.308655858,-3.115665674,-1.051275679,-60.233659,2.213664874,2.552814906,56.060336,0.165952384,-0.257947356
wheel,1780715185.208809614,31.260453939,-2.331659811,2.337099619,-0.922945170,-52.880863,-2.331659811,2.337099619,-52.880863,-0.182603247,0.145920515
wheel,1780715185.228277922,31.279922247,-2.331659811,2.337099619,-0.922945170,-52.880863,-2.331659811,2.337099619,-52.880863,-0.173473085,0.144461310
wheel,1780715185.248252869,31.299897194,-2.336051487,2.342822242,-0.909528924,-52.112169,-2.336051487,2.342822242,-52.112169,-0.182854619,0.149732752
wheel,1780715185.268443108,31.320087433,-2.336051487,2.342822242,-0.909528924,-52.112169,-2.336051487,2.342822242,-52.112169,-0.173711888,0.148235425
wheel,1780715185.288289785,31.339934111,-2.336051487,2.342822242,-0.909528924,-52.112169,-2.336051487,2.342822242,-52.112169,-0.165026294,0.146753070
wheel,1780715185.308264256,31.359908581,-2.339115953,2.346715656,-0.898425824,-51.476008,-2.339115953,2.346715656,-51.476008,-0.169176078,0.150843455
wheel,1780715185.328266859,31.379911184,-2.343099721,2.351646655,-0.884084320,-50.654300,-2.343099721,2.351646655,-50.654300,-0.176562774,0.156504669
wheel,1780715185.348289251,31.399933577,-2.344628905,2.353502265,-0.878995400,-50.362727,-2.344628905,2.353502265,-50.362727,-0.173739486,0.157481358
wheel,1780715185.368244886,31.419889212,-2.344628905,2.353502265,-0.878995400,-50.362727,-2.344628905,2.353502265,-50.362727,-0.165052512,0.155906544
wheel,1780715185.388280869,31.439925194,-2.348187108,2.357745494,-0.866967042,-49.673552,-2.348187108,2.357745494,-49.673552,-0.170619037,0.160350786
wheel,1780715185.410435438,31.462079763,-2.348187108,2.357745494,-0.866967042,-49.673552,-2.348187108,2.357745494,-49.673552,-0.162088085,0.158747278
wheel,1780715185.428388357,31.480032682,-2.351559566,2.361668514,-0.854476054,-48.957872,-2.351559566,2.361668514,-48.957872,-0.168391976,0.164117533
rtabmap,1780715185.431500673,32.033668041,1.322398424,-3.150901079,-1.125032497,-64.459614,2.239166928,2.580744050,51.834382,0.160451949,-0.316351950
wheel,1780715185.448516369,31.500160694,-2.353287419,2.363642143,-0.848924504,-48.639791,-2.353287419,2.363642143,-48.639791,-0.166491528,0.165235787
wheel,1780715185.468262196,31.519906521,-2.353287419,2.363642143,-0.848924504,-48.639791,-2.353287419,2.363642143,-48.639791,-0.158166952,0.163583429
wheel,1780715185.488259554,31.539903879,-2.356682498,2.367448507,-0.835970888,-47.897604,-2.356682498,2.367448507,-47.897604,-0.163013025,0.168426031
wheel,1780715185.508237600,31.559881926,-2.358349419,2.369281204,-0.829494080,-47.526510,-2.358349419,2.369281204,-47.526510,-0.161062776,0.169983810
wheel,1780715185.528988600,31.580632925,-2.359978391,2.371049860,-0.823479901,-47.181923,-2.359978391,2.371049860,-47.181923,-0.158806500,0.171183798
wheel,1780715185.548305988,31.599950314,-2.361617157,2.372809445,-0.818390980,-46.890349,-2.361617157,2.372809445,-46.890349,-0.157085813,0.172104611
wheel,1780715185.569212198,31.620856524,-2.361617157,2.372809445,-0.818390980,-46.890349,-2.361617157,2.372809445,-46.890349,-0.149231523,0.170383565
wheel,1780715185.588254452,31.639898777,-2.364721196,2.376091733,-0.808213138,-46.307202,-2.364721196,2.376091733,-46.307202,-0.153630879,0.174024133
wheel,1780715185.608280182,31.659924507,-2.366234135,2.377669476,-0.804512105,-46.095148,-2.366234135,2.377669476,-46.095148,-0.151406861,0.174131943
wheel,1780715185.628270626,31.679914951,-2.367651652,2.379136800,-0.800811072,-45.883095,-2.367651652,2.379136800,-45.883095,-0.148940295,0.174242334
wheel,1780715185.649300575,31.700944901,-2.367651652,2.379136800,-0.800811072,-45.883095,-2.367651652,2.379136800,-45.883095,-0.141493280,0.172499911
rtabmap,1780715185.664924145,32.267091513,1.330829978,-3.178933859,-1.187796021,-68.055699,2.260564250,2.600721099,48.238297,0.123932384,-0.268881589
wheel,1780715185.668264151,31.719908476,-2.369073913,2.380599526,-0.798035297,-45.724054,-2.369073913,2.380599526,-45.724054,-0.139798403,0.172238799
wheel,1780715185.688271284,31.739915609,-2.369073913,2.380599526,-0.798035297,-45.724054,-2.369073913,2.380599526,-45.724054,-0.132808482,0.170516411
wheel,1780715185.708236694,31.759881020,-2.373258880,2.384863908,-0.791558489,-45.352961,-2.373258880,2.384863908,-45.352961,-0.141129825,0.172054990
wheel,1780715185.728268385,31.779912710,-2.374693943,2.386314076,-0.789707972,-45.246934,-2.374693943,2.386314076,-45.246934,-0.139166236,0.171258323
wheel,1780715185.748888493,31.800532818,-2.374693943,2.386314076,-0.789707972,-45.246934,-2.374693943,2.386314076,-45.246934,-0.132207924,0.169545740
wheel,1780715185.768253326,31.819897652,-2.377274465,2.388885816,-0.777679614,-44.557760,-2.377274465,2.388885816,-44.557760,-0.135004282,0.174061726
wheel,1780715185.789228916,31.840873241,-2.377274465,2.388885816,-0.777679614,-44.557760,-2.377274465,2.388885816,-44.557760,-0.128254068,0.172321109
wheel,1780715185.808414936,31.860059261,-2.379503412,2.391087738,-0.780918018,-44.743307,-2.379503412,2.391087738,-44.743307,-0.130011545,0.168908972
wheel,1780715185.828228474,31.879872799,-2.381266238,2.392828385,-0.777216985,-44.531253,-2.381266238,2.392828385,-44.531253,-0.129758942,0.169086691
wheel,1780715185.848308086,31.899952412,-2.384920368,2.396386797,-0.767039143,-43.948106,-2.384920368,2.396386797,-43.948106,-0.135970599,0.172464146
wheel,1780715185.868320942,31.919965267,-2.384920368,2.396386797,-0.767039143,-43.948106,-2.384920368,2.396386797,-43.948106,-0.129172069,0.170739505
wheel,1780715185.888251781,31.939896107,-2.388878468,2.400154763,-0.754548156,-43.232425,-2.388878468,2.400154763,-43.232425,-0.136421415,0.175298601
rtabmap,1780715185.898016214,32.500183582,1.339618921,-3.203953505,-1.229539052,-70.447398,2.279101882,2.619683809,45.846597,0.113652103,-0.179083481
wheel,1780715185.908242464,31.959886789,-2.390741771,2.401895981,-0.748533977,-42.887838,-2.390741771,2.401895981,-42.887838,-0.135978848,0.176554070
wheel,1780715185.928254366,31.979898691,-2.392776554,2.403773775,-0.742057169,-42.516744,-2.392776554,2.403773775,-42.516744,-0.136098454,0.178025277
wheel,1780715185.948381662,32.000025988,-2.392776554,2.403773775,-0.742057169,-42.516744,-2.392776554,2.403773775,-42.516744,-0.129293531,0.176245025
wheel,1780715185.969075203,32.020719528,-2.394770010,2.405588822,-0.735117732,-42.119143,-2.394770010,2.405588822,-42.119143,-0.129336673,0.177832802
wheel,1780715185.988297224,32.039941549,-2.399176094,2.409515643,-0.720776228,-41.297436,-2.399176094,2.409515643,-41.297436,-0.138222953,0.183515913
wheel,1780715186.008265495,32.059909821,-2.401042618,2.411144598,-0.714299419,-40.926342,-2.401042618,2.411144598,-40.926342,-0.137515094,0.184924304
wheel,1780715186.028291464,32.079935789,-2.401042618,2.411144598,-0.714299419,-40.926342,-2.401042618,2.411144598,-40.926342,-0.130639339,0.183075061
rtabmap,1780715186.031255245,32.633422613,1.342723846,-3.226935625,-1.276553194,-73.141110,2.298330697,2.632648032,43.152885,0.170340613,-0.352855206
wheel,1780715186.048363686,32.100008011,-2.405139305,2.414650337,-0.701345803,-40.184154,-2.405139305,2.414650337,-40.184154,-0.137547188,0.187701879
wheel,1780715186.068239212,32.119883537,-2.405139305,2.414650337,-0.701345803,-40.184154,-2.405139305,2.414650337,-40.184154,-0.130669829,0.185824860
wheel,1780715186.088265657,32.139909983,-2.409057180,2.417916101,-0.688392187,-39.441967,-2.409057180,2.417916101,-39.441967,-0.136872080,0.190435560
wheel,1780715186.108257771,32.159902096,-2.410805877,2.419345848,-0.682378008,-39.097380,-2.410805877,2.419345848,-39.097380,-0.135677738,0.191539517
wheel,1780715186.128270626,32.179914951,-2.412620166,2.420810413,-0.675901199,-38.726286,-2.412620166,2.420810413,-38.726286,-0.134719304,0.192860484
wheel,1780715186.148300409,32.199944735,-2.414387237,2.422217389,-0.668961762,-38.328686,-2.414387237,2.422217389,-38.328686,-0.133621641,0.194396273
wheel,1780715186.168234348,32.219878674,-2.414387237,2.422217389,-0.668961762,-38.328686,-2.414387237,2.422217389,-38.328686,-0.126940559,0.192452311
wheel,1780715186.188312769,32.239957094,-2.417776226,2.424862382,-0.656470775,-37.613005,-2.417776226,2.424862382,-37.613005,-0.131300533,0.196749775
wheel,1780715186.208255053,32.259899378,-2.419454553,2.426146219,-0.649531337,-37.215404,-2.419454553,2.426146219,-37.215404,-0.130033062,0.198261788
wheel,1780715186.228266954,32.279911280,-2.421141159,2.427419159,-0.643517158,-36.870817,-2.421141159,2.427419159,-36.870817,-0.128810662,0.199284328
wheel,1780715186.248901129,32.300545454,-2.422601704,2.428507757,-0.637502979,-36.526230,-2.422601704,2.428507757,-36.526230,-0.126784682,0.200206491
wheel,1780715186.268274069,32.319918394,-2.422601704,2.428507757,-0.637502979,-36.526230,-2.422601704,2.428507757,-36.526230,-0.120445447,0.198204426
wheel,1780715186.288268566,32.339912891,-2.425128488,2.430360330,-0.627787767,-35.969589,-2.425128488,2.430360330,-35.969589,-0.122258501,0.201081498
rtabmap,1780715186.297959328,32.900126696,1.346436143,-3.261312962,-1.362569426,-78.069477,2.327506646,2.651204606,38.224518,0.127394199,-0.322515041
wheel,1780715186.308294296,32.359938622,-2.426191390,2.431128713,-0.624086734,-35.757536,-2.426191390,2.431128713,-35.757536,-0.119417015,0.200916998
wheel,1780715186.328325272,32.379969597,-2.426191390,2.431128713,-0.624086734,-35.757536,-2.426191390,2.431128713,-35.757536,-0.113446164,0.198907828
wheel,1780715186.348250628,32.399894953,-2.428500873,2.432784474,-0.619923071,-35.518976,-2.428500873,2.432784474,-35.518976,-0.114903780,0.199008105
wheel,1780715186.368266106,32.419910431,-2.428500873,2.432784474,-0.619923071,-35.518976,-2.428500873,2.432784474,-35.518976,-0.109158591,0.197018024
wheel,1780715186.388772488,32.440416813,-2.430814943,2.434433818,-0.618535184,-35.439456,-2.430814943,2.434433818,-35.439456,-0.110629076,0.195724612
wheel,1780715186.408270597,32.459914923,-2.432002233,2.435278812,-0.618535184,-35.439456,-2.432002233,2.435278812,-35.439456,-0.108835427,0.193767365
wheel,1780715186.433409691,32.485054016,-2.432002233,2.435278812,-0.618535184,-35.439456,-2.432002233,2.435278812,-35.439456,-0.103393656,0.191829692
wheel,1780715186.448271751,32.499916077,-2.434493897,2.437055605,-0.620385700,-35.545482,-2.434493897,2.437055605,-35.545482,-0.108516488,0.188666646
wheel,1780715186.468338251,32.519982576,-2.434493897,2.437055605,-0.620385700,-35.545482,-2.434493897,2.437055605,-35.545482,-0.103090663,0.186779980
wheel,1780715186.488398552,32.540042877,-2.437458206,2.439173578,-0.620385700,-35.545482,-2.437458206,2.439173578,-35.545482,-0.107014281,0.184912180
wheel,1780715186.508296490,32.559940815,-2.439119316,2.440358107,-0.618535184,-35.439456,-2.439119316,2.440358107,-35.439456,-0.106791998,0.183993386
wheel,1780715186.528272152,32.579916477,-2.440782615,2.441539559,-0.616684667,-35.333429,-2.440782615,2.441539559,-35.333429,-0.106557453,0.183079539
wheel,1780715186.548395157,32.600039482,-2.442567644,2.442801276,-0.613908892,-35.174389,-2.442567644,2.442801276,-35.174389,-0.106661627,0.182628311
rtabmap,1780715186.564727545,33.166894913,1.352976799,-3.276696682,-1.377721429,-78.937623,2.338401295,2.663883157,37.356372,0.061489470,-0.056798510
wheel,1780715186.568288803,32.619933128,-2.442567644,2.442801276,-0.613908892,-35.174389,-2.442567644,2.442801276,-35.174389,-0.101328545,0.180802028
wheel,1780715186.588252544,32.639896870,-2.446871237,2.445801585,-0.603731051,-34.591241,-2.446871237,2.445801585,-34.591241,-0.109401005,0.184091988
wheel,1780715186.609228611,32.660872936,-2.446871237,2.445801585,-0.603731051,-34.591241,-2.446871237,2.445801585,-34.591241,-0.103930955,0.182251068
wheel,1780715186.628280163,32.679924488,-2.450959197,2.448601267,-0.597254243,-34.220147,-2.450959197,2.448601267,-34.220147,-0.111736661,0.183827840
wheel,1780715186.648338795,32.699983120,-2.450959197,2.448601267,-0.597254243,-34.220147,-2.450959197,2.448601267,-34.220147,-0.106149828,0.181989561
wheel,1780715186.670331001,32.721975327,-2.453130926,2.450072418,-0.593553209,-34.008094,-2.453130926,2.450072418,-34.008094,-0.106805927,0.181852513
wheel,1780715186.688235044,32.739879370,-2.457732857,2.453152682,-0.586151143,-33.583987,-2.457732857,2.453152682,-33.583987,-0.116930081,0.184168177
wheel,1780715186.708285332,32.759929657,-2.457732857,2.453152682,-0.586151143,-33.583987,-2.457732857,2.453152682,-33.583987,-0.111083577,0.182326495
wheel,1780715186.728273869,32.779918194,-2.460164633,2.454759278,-0.581524851,-33.318920,-2.460164633,2.454759278,-33.318920,-0.112818334,0.182817178
wheel,1780715186.749240637,32.800884962,-2.464619504,2.457665602,-0.574585414,-32.921319,-2.464619504,2.457665602,-32.921319,-0.119882334,0.184304053
rtabmap,1780715186.764693022,33.366860390,1.354002953,-3.308763742,-1.418288320,-81.261935,2.366695906,2.679008115,35.032061,0.158368275,-0.202869311
wheel,1780715186.768266201,32.819910526,-2.464619504,2.457665602,-0.574585414,-32.921319,-2.464619504,2.457665602,-32.921319,-0.113888217,0.182461013
wheel,1780715186.790434122,32.842078447,-2.464619504,2.457665602,-0.574585414,-32.921319,-2.464619504,2.457665602,-32.921319,-0.108193806,0.180636402
wheel,1780715186.810276508,32.861920834,-2.468787315,2.460344965,-0.568108606,-32.550225,-2.468787315,2.460344965,-32.550225,-0.115270154,0.182094362
wheel,1780715186.828271151,32.879915476,-2.471123975,2.461830384,-0.564407572,-32.338172,-2.471123975,2.461830384,-32.338172,-0.117199942,0.182330106
wheel,1780715186.849187851,32.900832176,-2.475503269,2.464584532,-0.558393393,-31.993585,-2.475503269,2.464584532,-31.993585,-0.123706218,0.183382039
wheel,1780715186.868270397,32.919914722,-2.475503269,2.464584532,-0.558393393,-31.993585,-2.475503269,2.464584532,-31.993585,-0.117520908,0.181548219
wheel,1780715186.888321161,32.939965487,-2.479775224,2.467235454,-0.552379214,-31.648998,-2.479775224,2.467235454,-31.648998,-0.124186719,0.182733319
wheel,1780715186.908249617,32.959893942,-2.482072534,2.468646351,-0.549140810,-31.463451,-2.482072534,2.468646351,-31.463451,-0.124738516,0.182530282
wheel,1780715186.928443909,32.980088234,-2.484311873,2.470012387,-0.546365035,-31.304411,-2.484311873,2.470012387,-31.304411,-0.124996879,0.182079643
rtabmap,1780715186.931367874,33.533535242,1.355943561,-3.331513643,-1.445258775,-82.807228,2.386232294,2.690825623,33.486768,0.136677429,-0.161816373
wheel,1780715186.948743105,33.000387430,-2.486679612,2.471447747,-0.543589260,-31.145370,-2.486679612,2.471447747,-31.145370,-0.125568619,0.181626583
wheel,1780715186.968256712,33.019901037,-2.486679612,2.471447747,-0.543589260,-31.145370,-2.486679612,2.471447747,-31.145370,-0.119290188,0.179810317
wheel,1780715186.988263369,33.039907694,-2.491488801,2.474337351,-0.538500340,-30.853797,-2.491488801,2.474337351,-30.853797,-0.127347516,0.180555858
wheel,1780715187.008273363,33.059917688,-2.493992964,2.475828609,-0.535724565,-30.694757,-2.493992964,2.475828609,-30.694757,-0.128264907,0.180137874
wheel,1780715187.028277397,33.079921722,-2.496375842,2.477238695,-0.532948790,-30.535716,-2.496375842,2.477238695,-30.535716,-0.128772354,0.179724103
wheel,1780715187.048245192,33.099889517,-2.498825768,2.478678527,-0.529710386,-30.350169,-2.498825768,2.478678527,-30.350169,-0.129447575,0.179548250
wheel,1780715187.068302155,33.119946480,-2.498825768,2.478678527,-0.529710386,-30.350169,-2.498825768,2.478678527,-30.350169,-0.122975196,0.177752767
wheel,1780715187.088697433,33.140341759,-2.503865546,2.481607583,-0.523233577,-29.979076,-2.503865546,2.481607583,-29.979076,-0.131113480,0.179150138
wheel,1780715187.108237982,33.159882307,-2.506392855,2.483059269,-0.519532544,-29.767022,-2.506392855,2.483059269,-29.767022,-0.132015812,0.179252733
wheel,1780715187.128242970,33.179887295,-2.508924851,2.484502762,-0.516756769,-29.607982,-2.508924851,2.484502762,-29.607982,-0.132699440,0.178847714
rtabmap,1780715187.131231785,33.733399153,1.356753469,-3.361838341,-1.474898034,-84.505433,2.413060611,2.704984882,31.788563,0.151039436,-0.148297161
wheel,1780715187.148861647,33.200505972,-2.511524586,2.485974532,-0.513518365,-29.422435,-2.511524586,2.485974532,-29.422435,-0.133309944,0.178630072
wheel,1780715187.168254375,33.219898701,-2.511524586,2.485974532,-0.513518365,-29.422435,-2.511524586,2.485974532,-29.422435,-0.126644447,0.176843771
wheel,1780715187.188290119,33.239934444,-2.516801190,2.488929590,-0.507504186,-29.077848,-2.516801190,2.488929590,-29.077848,-0.135405089,0.178077166
wheel,1780715187.208256006,33.259900331,-2.519349057,2.490344882,-0.506578928,-29.024835,-2.519349057,2.490344882,-29.024835,-0.135933171,0.176759780
wheel,1780715187.228274345,33.279918671,-2.521962967,2.491791326,-0.504265782,-28.892301,-2.521962967,2.491791326,-28.892301,-0.136598950,0.176147806
wheel,1780715187.248365641,33.300009966,-2.521962967,2.491791326,-0.504265782,-28.892301,-2.521962967,2.491791326,-28.892301,-0.129769003,0.174386328
wheel,1780715187.268460751,33.320105076,-2.524643710,2.493267471,-0.502415265,-28.786274,-2.524643710,2.493267471,-28.786274,-0.130897783,0.173563672
wheel,1780715187.288393736,33.340038061,-2.530013369,2.496204868,-0.498714232,-28.574221,-2.530013369,2.496204868,-28.574221,-0.139703043,0.173684440
rtabmap,1780715187.297991037,33.900158405,1.355495095,-3.390117407,-1.493259269,-85.557454,2.438971154,2.716383692,30.736542,0.168079227,-0.110105842
wheel,1780715187.308238506,33.359882832,-2.532702266,2.497666109,-0.496863715,-28.468194,-2.532702266,2.497666109,-28.468194,-0.140426428,0.172879845
wheel,1780715187.328300238,33.379944563,-2.535265690,2.499053025,-0.495013199,-28.362167,-2.535265690,2.499053025,-28.362167,-0.140670995,0.172073699
wheel,1780715187.349174976,33.400819302,-2.537767838,2.500400062,-0.492700053,-28.229634,-2.537767838,2.500400062,-28.229634,-0.140444541,0.171461158
wheel,1780715187.368232250,33.419876575,-2.537767838,2.500400062,-0.492700053,-28.229634,-2.537767838,2.500400062,-28.229634,-0.133422314,0.169746547
wheel,1780715187.388279676,33.439924002,-2.542847610,2.503107549,-0.486685874,-27.885047,-2.542847610,2.503107549,-27.885047,-0.141097064,0.171046811
wheel,1780715187.408281565,33.459925890,-2.545361502,2.504432541,-0.483447470,-27.699500,-2.545361502,2.504432541,-27.699500,-0.141146890,0.170955643
wheel,1780715187.428267717,33.479912043,-2.547880281,2.505748220,-0.479283807,-27.460939,-2.547880281,2.505748220,-27.460939,-0.141198462,0.171329286
wheel,1780715187.448215246,33.499859571,-2.547880281,2.505748220,-0.479283807,-27.460939,-2.547880281,2.505748220,-27.460939,-0.134138539,0.169615993
wheel,1780715187.468363285,33.520007610,-2.550403912,2.507054567,-0.476045403,-27.275392,-2.550403912,2.507054567,-27.275392,-0.134489258,0.169528413
wheel,1780715187.488292933,33.539937258,-2.550403912,2.507054567,-0.476045403,-27.275392,-2.550403912,2.507054567,-27.275392,-0.127764795,0.167833129
wheel,1780715187.511099815,33.562744141,-2.555140013,2.509475712,-0.469105966,-26.877792,-2.555140013,2.509475712,-26.877792,-0.133036950,0.169197301
wheel,1780715187.528453112,33.580097437,-2.559829329,2.511827963,-0.460778641,-26.400671,-2.559829329,2.511827963,-26.400671,-0.141501420,0.172304159
rtabmap,1780715187.531168938,34.133336306,1.353569388,-3.427483320,-1.529409562,-87.628713,2.473323967,2.731209482,28.665283,0.159124553,-0.155032590
wheel,1780715187.548793793,33.600438118,-2.559829329,2.511827963,-0.460778641,-26.400671,-2.559829329,2.511827963,-26.400671,-0.134426349,0.170581117
wheel,1780715187.568798780,33.620443106,-2.562246619,2.513021686,-0.456614979,-26.162111,-2.562246619,2.513021686,-26.162111,-0.134443601,0.170956718
wheel,1780715187.588236809,33.639881134,-2.566900985,2.515280098,-0.446899766,-25.605470,-2.566900985,2.515280098,-25.605470,-0.141026592,0.174244398
wheel,1780715187.608241796,33.659886122,-2.569071993,2.516313741,-0.441810846,-25.313897,-2.569071993,2.516313741,-25.313897,-0.139985624,0.175046022
wheel,1780715187.628274202,33.679918528,-2.569071993,2.516313741,-0.441810846,-25.313897,-2.569071993,2.516313741,-25.313897,-0.132986343,0.173295562
wheel,1780715187.648291111,33.699935436,-2.574022285,2.518628633,-0.433020892,-24.810270,-2.574022285,2.518628633,-24.810270,-0.139988315,0.175954133
wheel,1780715187.668779612,33.720423937,-2.574022285,2.518628633,-0.433020892,-24.810270,-2.574022285,2.518628633,-24.810270,-0.132988900,0.174194591
wheel,1780715187.688259125,33.739903450,-2.579453766,2.521118195,-0.426544083,-24.439176,-2.579453766,2.521118195,-24.439176,-0.141674771,0.175777375
wheel,1780715187.708309889,33.759954214,-2.582175521,2.522349769,-0.423305679,-24.253629,-2.582175521,2.522349769,-24.253629,-0.142041048,0.175634781
wheel,1780715187.728516340,33.780160666,-2.585100390,2.523662669,-0.420529904,-24.094589,-2.585100390,2.523662669,-24.094589,-0.142916867,0.175259883
rtabmap,1780715187.731104612,34.333271980,1.353370667,-3.457021475,-1.571578944,-90.044841,2.499893922,2.744116051,26.249155,0.147570148,-0.210913867
wheel,1780715187.748340368,33.799984694,-2.585100390,2.523662669,-0.420529904,-24.094589,-2.585100390,2.523662669,-24.094589,-0.135771024,0.173507284
wheel,1780715187.768345118,33.819989443,-2.588161374,2.525028169,-0.418679388,-23.988562,-2.588161374,2.525028169,-23.988562,-0.137368750,0.172698232
wheel,1780715187.788239241,33.839883566,-2.593762473,2.527495806,-0.411277321,-23.564455,-2.593762473,2.527495806,-23.564455,-0.145864609,0.174687482
wheel,1780715187.808390617,33.860034943,-2.593762473,2.527495806,-0.411277321,-23.564455,-2.593762473,2.527495806,-23.564455,-0.138571378,0.172940607
wheel,1780715187.828262091,33.879906416,-2.599649266,2.530037444,-0.403875255,-23.140348,-2.599649266,2.530037444,-23.140348,-0.147771366,0.174934966
wheel,1780715187.848306417,33.899950743,-2.602330926,2.531179103,-0.401099480,-22.981307,-2.602330926,2.531179103,-22.981307,-0.147651537,0.174570138
wheel,1780715187.868273258,33.919917583,-2.602330926,2.531179103,-0.401099480,-22.981307,-2.602330926,2.531179103,-22.981307,-0.140268960,0.172824436
wheel,1780715187.891202688,33.942847013,-2.607905727,2.533523565,-0.395085301,-22.636720,-2.607905727,2.533523565,-22.636720,-0.146441821,0.173718828
wheel,1780715187.908262730,33.959907055,-2.610664873,2.534668921,-0.391846897,-22.451173,-2.610664873,2.534668921,-22.451173,-0.147875604,0.173879932
wheel,1780715187.928859234,33.980503559,-2.610664873,2.534668921,-0.391846897,-22.451173,-2.610664873,2.534668921,-22.451173,-0.140481824,0.172141132
wheel,1780715187.948280573,33.999924898,-2.614648190,2.536285839,-0.379355909,-21.735493,-2.614648190,2.536285839,-21.735493,-0.144528126,0.176852879
rtabmap,1780715187.964365005,34.566532373,1.349335670,-3.495465040,-1.607570300,-92.106993,2.536147253,2.757528169,24.187002,0.164822951,-0.154296905
wheel,1780715187.968364000,34.020008326,-2.615729524,2.536721575,-0.386757976,-22.159600,-2.615729524,2.536721575,-22.159600,-0.140203625,0.171399391
wheel,1780715187.988244534,34.039888859,-2.620998074,2.538853103,-0.382131684,-21.894533,-2.620998074,2.538853103,-21.894533,-0.147485952,0.172012220
wheel,1780715188.008265734,34.059910059,-2.623500751,2.539855534,-0.379818538,-21.761999,-2.623500751,2.539855534,-21.761999,-0.146844446,0.171447446
wheel,1780715188.028342247,34.079986572,-2.623500751,2.539855534,-0.379818538,-21.761999,-2.623500751,2.539855534,-21.761999,-0.139502224,0.169732972
wheel,1780715188.050434589,34.102078915,-2.626208598,2.540933610,-0.377968022,-21.655972,-2.626208598,2.540933610,-21.655972,-0.139121015,0.168872963
wheel,1780715188.068253040,34.119897366,-2.629122473,2.542085130,-0.374729618,-21.470426,-2.629122473,2.542085130,-21.470426,-0.140959086,0.169002140
wheel,1780715188.091209650,34.142853975,-2.634484633,2.544178406,-0.369640697,-21.178852,-2.634484633,2.544178406,-21.178852,-0.146447098,0.169528644
wheel,1780715188.108303547,34.159947872,-2.637339756,2.545280068,-0.366864922,-21.019812,-2.637339756,2.545280068,-21.019812,-0.148077908,0.169457515
rtabmap,1780715188.131538153,34.733705521,1.347772598,-3.521115780,-1.628774416,-93.321900,2.559836390,2.767489518,22.972096,0.153677762,-0.126839146
wheel,1780715188.132468462,34.184112787,-2.640265719,2.546400518,-0.364551776,-20.887278,-2.640265719,2.546400518,-20.887278,-0.147157769,0.168720305
wheel,1780715188.148308277,34.199952602,-2.643262634,2.547539404,-0.361776001,-20.728238,-2.643262634,2.547539404,-20.728238,-0.149914835,0.168784609
wheel,1780715188.168274879,34.219919205,-2.643262634,2.547539404,-0.361776001,-20.728238,-2.643262634,2.547539404,-20.728238,-0.142419094,0.167096763
wheel,1780715188.188282490,34.239926815,-2.649332534,2.549822013,-0.357612339,-20.489678,-2.649332534,2.549822013,-20.489678,-0.151507130,0.167507207
wheel,1780715188.208264351,34.259908676,-2.652404776,2.550967617,-0.356224451,-20.410158,-2.652404776,2.550967617,-20.410158,-0.152135055,0.166526593
wheel,1780715188.228303194,34.279947519,-2.655274422,2.552030876,-0.353448676,-20.251117,-2.655274422,2.552030876,-20.251117,-0.152163293,0.166246359
wheel,1780715188.248274326,34.299918652,-2.658488709,2.553212539,-0.351135531,-20.118584,-2.658488709,2.553212539,-20.118584,-0.153129444,0.165742195
wheel,1780715188.268301010,34.319945335,-2.658488709,2.553212539,-0.351135531,-20.118584,-2.658488709,2.553212539,-20.118584,-0.145472972,0.164084774
wheel,1780715188.288286686,34.339931011,-2.658488709,2.553212539,-0.351135531,-20.118584,-2.658488709,2.553212539,-20.118584,-0.138199324,0.162443926
wheel,1780715188.309058189,34.360702515,-2.668078559,2.556690271,-0.344658722,-19.747490,-2.668078559,2.556690271,-19.747490,-0.155841750,0.163937251
wheel,1780715188.328551531,34.380195856,-2.671028679,2.557745477,-0.342345577,-19.614957,-2.671028679,2.557745477,-19.614957,-0.156087418,0.163484701
wheel,1780715188.348284483,34.399928808,-2.671028679,2.557745477,-0.342345577,-19.614957,-2.671028679,2.557745477,-19.614957,-0.148283047,0.161849854
rtabmap,1780715188.365070820,34.967238188,1.342435718,-3.563405037,-1.655258730,-94.839339,2.600114215,2.781438007,21.454656,0.182104871,-0.113406532
wheel,1780715188.368252039,34.419896364,-2.674324282,2.558916522,-0.340495060,-19.508930,-2.674324282,2.558916522,-19.508930,-0.149625956,0.161158028
wheel,1780715188.388279915,34.439924240,-2.674324282,2.558916522,-0.340495060,-19.508930,-2.674324282,2.558916522,-19.508930,-0.142144659,0.159546448
wheel,1780715188.408240795,34.459885120,-2.684293581,2.562414879,-0.334480881,-19.164343,-2.684293581,2.562414879,-19.164343,-0.161498000,0.160963463
wheel,1780715188.428254128,34.479898453,-2.687529183,2.563536862,-0.333092994,-19.084823,-2.687529183,2.563536862,-19.084823,-0.161979335,0.160047343
wheel,1780715188.448263884,34.499908209,-2.690766340,2.564654353,-0.331705106,-19.005303,-2.690766340,2.564654353,-19.005303,-0.162437826,0.159140483
wheel,1780715188.468258858,34.519903183,-2.690766340,2.564654353,-0.331705106,-19.005303,-2.690766340,2.564654353,-19.005303,-0.154315935,0.157549078
wheel,1780715188.489171267,34.540815592,-2.697451537,2.566948297,-0.329391960,-18.872769,-2.697451537,2.566948297,-18.872769,-0.163503383,0.157080002
wheel,1780715188.508309603,34.559953928,-2.700761509,2.568078087,-0.328466702,-18.819756,-2.700761509,2.568078087,-18.819756,-0.164463068,0.155992527
wheel,1780715188.528280020,34.579924345,-2.700761509,2.568078087,-0.328466702,-18.819756,-2.700761509,2.568078087,-18.819756,-0.156239915,0.154432602
wheel,1780715188.548278332,34.599922657,-2.704073046,2.569203281,-0.326616185,-18.713729,-2.704073046,2.569203281,-18.713729,-0.157171618,0.153813535
wheel,1780715188.568273306,34.619917631,-2.707800279,2.570463953,-0.325690927,-18.660716,-2.707800279,2.570463953,-18.660716,-0.159151928,0.152738134
wheel,1780715188.588281155,34.639925480,-2.707800279,2.570463953,-0.325690927,-18.660716,-2.707800279,2.570463953,-18.660716,-0.151194331,0.151210753
wheel,1780715188.608577967,34.660222292,-2.714155330,2.572597071,-0.321989894,-18.448662,-2.714155330,2.572597071,-18.448662,-0.160148283,0.151522101
wheel,1780715188.628244877,34.679889202,-2.720034549,2.574544782,-0.317826231,-18.210102,-2.720034549,2.574544782,-18.210102,-0.167884629,0.152123688
wheel,1780715188.648238659,34.699882984,-2.723011918,2.575520458,-0.315513086,-18.077568,-2.723011918,2.575520458,-18.077568,-0.167326003,0.151759425
rtabmap,1780715188.664921522,35.267088890,1.334834456,-3.618163347,-1.680272530,-96.272524,2.652574025,2.798879912,20.021471,0.184106261,-0.083420575
wheel,1780715188.668597221,34.720241547,-2.723011918,2.575520458,-0.315513086,-18.077568,-2.723011918,2.575520458,-18.077568,-0.158959703,0.150241830
wheel,1780715188.690249205,34.741893530,-2.723011918,2.575520458,-0.315513086,-18.077568,-2.723011918,2.575520458,-18.077568,-0.151011718,0.148739412
wheel,1780715188.708240271,34.759884596,-2.729043160,2.577472191,-0.310424165,-17.785995,-2.729043160,2.577472191,-17.785995,-0.161078699,0.150080600
wheel,1780715188.730202913,34.781847239,-2.729043160,2.577472191,-0.310424165,-17.785995,-2.729043160,2.577472191,-17.785995,-0.153024764,0.148579794
wheel,1780715188.748291016,34.799935341,-2.734877229,2.579322917,-0.303947357,-17.414901,-2.734877229,2.579322917,-17.414901,-0.162292783,0.150674791
wheel,1780715188.768316746,34.819961071,-2.737729165,2.580212405,-0.300708952,-17.229354,-2.737729165,2.580212405,-17.229354,-0.161638183,0.150785396
wheel,1780715188.790369511,34.842013836,-2.739961238,2.580886530,-0.285904819,-16.381139,-2.739961238,2.580886530,-16.381139,-0.158842115,0.155989722
wheel,1780715188.808395147,34.860039473,-2.746110478,2.582703426,-0.288680594,-16.540180,-2.746110478,2.582703426,-16.540180,-0.168692254,0.152889371
wheel,1780715188.828248262,34.879892588,-2.748766194,2.583486767,-0.284979561,-16.328126,-2.748766194,2.583486767,-16.328126,-0.167228851,0.153224125
wheel,1780715188.848269463,34.899913788,-2.751494937,2.584279997,-0.280815899,-16.089566,-2.751494937,2.584279997,-16.089566,-0.165964896,0.153771734
wheel,1780715188.868260622,34.919904947,-2.752683748,2.584627964,-0.288680594,-16.540180,-2.752683748,2.584627964,-16.540180,-0.160764116,0.148300727
wheel,1780715188.888319492,34.939963818,-2.756955211,2.585856806,-0.271563316,-15.559432,-2.756955211,2.585856806,-15.559432,-0.163806126,0.155352052
rtabmap,1780715188.898954868,35.501122236,1.329562664,-3.655801058,-1.725370299,-98.856436,2.688652753,2.810826226,17.437559,0.162320390,-0.192698225
wheel,1780715188.908359051,34.960003376,-2.759624287,2.586593340,-0.266937024,-15.294365,-2.759624287,2.586593340,-15.294365,-0.162524162,0.156107084
wheel,1780715188.928449631,34.980093956,-2.759624287,2.586593340,-0.266937024,-15.294365,-2.759624287,2.586593340,-15.294365,-0.154397954,0.154546013
wheel,1780715188.948316336,34.999960661,-2.764486207,2.587873466,-0.247969229,-14.207590,-2.764486207,2.587873466,-14.207590,-0.159332659,0.162548999
wheel,1780715188.968246937,35.019891262,-2.765615306,2.588163782,-0.255371295,-14.631697,-2.765615306,2.588163782,-14.631697,-0.154290354,0.157210078
wheel,1780715188.988263369,35.039907694,-2.765615306,2.588163782,-0.255371295,-14.631697,-2.765615306,2.588163782,-14.631697,-0.146575836,0.155637977
wheel,1780715189.010280609,35.061924934,-2.770413979,2.589397625,-0.247969229,-14.207590,-2.770413979,2.589397625,-14.207590,-0.150499528,0.157443684
wheel,1780715189.034225225,35.085869551,-2.775999043,2.590791048,-0.241029791,-13.809990,-2.775999043,2.590791048,-13.809990,-0.154994864,0.158767454
wheel,1780715189.048329115,35.099973440,-2.775999043,2.590791048,-0.241029791,-13.809990,-2.775999043,2.590791048,-13.809990,-0.147245121,0.157179779
wheel,1780715189.068979502,35.120623827,-2.782159493,2.592285709,-0.235015612,-13.465403,-2.782159493,2.592285709,-13.465403,-0.155228305,0.158519723
wheel,1780715189.089774847,35.141419172,-2.784569303,2.592860357,-0.233165095,-13.359376,-2.784569303,2.592860357,-13.359376,-0.153423735,0.157824438
wheel,1780715189.108322382,35.159966707,-2.784569303,2.592860357,-0.233165095,-13.359376,-2.784569303,2.592860357,-13.359376,-0.145752548,0.156246193
wheel,1780715189.128266573,35.179910898,-2.790953799,2.594357867,-0.227613546,-13.041296,-2.790953799,2.594357867,-13.041296,-0.154903056,0.157466908
wheel,1780715189.148270130,35.199914455,-2.793935797,2.595045673,-0.225763029,-12.935269,-2.793935797,2.595045673,-12.935269,-0.154808275,0.156817454
wheel,1780715189.168443441,35.220087767,-2.793935797,2.595045673,-0.225763029,-12.935269,-2.793935797,2.595045673,-12.935269,-0.147067861,0.155249279
wheel,1780715189.188457966,35.240102291,-2.793935797,2.595045673,-0.225763029,-12.935269,-2.793935797,2.595045673,-12.935269,-0.139714468,0.153696786
wheel,1780715189.208255768,35.259900093,-2.804379980,2.597421598,-0.221599367,-12.696708,-2.804379980,2.597421598,-12.696708,-0.159781411,0.154263038
wheel,1780715189.228268862,35.279913187,-2.807863197,2.598205518,-0.221136737,-12.670202,-2.807863197,2.598205518,-12.670202,-0.160713627,0.152951604
wheel,1780715189.251176596,35.302820921,-2.811560248,2.599034868,-0.220211479,-12.617188,-2.811560248,2.599034868,-12.617188,-0.160953530,0.151826268
wheel,1780715189.268262863,35.319907188,-2.811560248,2.599034868,-0.220211479,-12.617188,-2.811560248,2.599034868,-12.617188,-0.152905854,0.150308005
wheel,1780715189.290076733,35.341721058,-2.819239536,2.600753811,-0.220211479,-12.617188,-2.819239536,2.600753811,-12.617188,-0.163299764,0.148804925
wheel,1780715189.308792114,35.360436440,-2.823079180,2.601613283,-0.220211479,-12.617188,-2.823079180,2.601613283,-12.617188,-0.165645809,0.147316876
wheel,1780715189.328318596,35.379962921,-2.823079180,2.601613283,-0.220211479,-12.617188,-2.823079180,2.601613283,-12.617188,-0.157363519,0.145843707
wheel,1780715189.348264694,35.399909019,-2.830901486,2.603360440,-0.219286221,-12.564175,-2.830901486,2.603360440,-12.564175,-0.169587598,0.144849161
rtabmap,1780715189.365142822,35.967310190,1.313660145,-3.734073162,-1.782356298,-102.121493,2.765870721,2.831241856,14.172502,0.171148255,-0.122237973
wheel,1780715189.368269920,35.419914246,-2.830901486,2.603360440,-0.219286221,-12.564175,-2.830901486,2.603360440,-12.564175,-0.161108218,0.143400669
wheel,1780715189.388259649,35.439903975,-2.838725406,2.605100358,-0.218360962,-12.511162,-2.838725406,2.605100358,-12.511162,-0.173101445,0.142429546
wheel,1780715189.408253193,35.459897518,-2.842567027,2.605950946,-0.217435704,-12.458148,-2.842567027,2.605950946,-12.458148,-0.174285381,0.141467990
wheel,1780715189.428238392,35.479882717,-2.846338086,2.606783165,-0.216973075,-12.431641,-2.846338086,2.606783165,-12.431641,-0.175232293,0.140284785
wheel,1780715189.449114561,35.500758886,-2.850038559,2.607597115,-0.216047817,-12.378628,-2.850038559,2.607597115,-12.378628,-0.175546184,0.139325186
wheel,1780715189.468280554,35.519924879,-2.850038559,2.607597115,-0.216047817,-12.378628,-2.850038559,2.607597115,-12.378628,-0.166768875,0.137931934
wheel,1780715189.488310814,35.539955139,-2.857085477,2.609138600,-0.214659929,-12.299108,-2.857085477,2.609138600,-12.299108,-0.176438550,0.137245567
rtabmap,1780715189.498240709,36.100408077,1.305271268,-3.763637066,-1.787017680,-102.388571,2.796091813,2.836817089,13.905425,0.230405316,-0.035019662
wheel,1780715189.508265257,35.559909582,-2.860503027,2.609882034,-0.213734671,-12.246095,-2.860503027,2.609882034,-12.246095,-0.176379648,0.136336764
wheel,1780715189.528244257,35.579888582,-2.863849882,2.610607658,-0.213272042,-12.219588,-2.863849882,2.610607658,-12.219588,-0.176131604,0.135204965
wheel,1780715189.548283815,35.599928141,-2.867126347,2.611314054,-0.211421525,-12.113561,-2.867126347,2.611314054,-12.113561,-0.175687754,0.134776336
wheel,1780715189.568240881,35.619885206,-2.867126347,2.611314054,-0.211421525,-12.113561,-2.867126347,2.611314054,-12.113561,-0.166903367,0.133428573
wheel,1780715189.588318348,35.639962673,-2.873398093,2.612648017,-0.207720492,-11.901507,-2.873398093,2.612648017,-11.901507,-0.174530810,0.133938167
wheel,1780715189.608269691,35.659914017,-2.876393182,2.613276370,-0.205869975,-11.795481,-2.876393182,2.613276370,-11.795481,-0.173472192,0.133526123
wheel,1780715189.628282070,35.679926395,-2.879318511,2.613882321,-0.202631571,-11.609934,-2.879318511,2.613882321,-11.609934,-0.172262176,0.133808985
wheel,1780715189.648299456,35.699943781,-2.882245787,2.614478795,-0.199393167,-11.424387,-2.882245787,2.614478795,-11.424387,-0.171113195,0.134089134
rtabmap,1780715189.664926529,36.267093897,1.300513744,-3.790798426,-1.804215632,-103.373941,2.822550339,2.844583677,12.920055,0.165277809,-0.103176266
wheel,1780715189.668248415,35.719892740,-2.882245787,2.614478795,-0.199393167,-11.424387,-2.882245787,2.614478795,-11.424387,-0.162557535,0.132748243
wheel,1780715189.688378572,35.740022898,-2.887963131,2.615614888,-0.192916359,-11.053293,-2.887963131,2.615614888,-11.053293,-0.168910825,0.134638798
wheel,1780715189.708911896,35.760556221,-2.887963131,2.615614888,-0.192916359,-11.053293,-2.887963131,2.615614888,-11.053293,-0.160465284,0.133292410
wheel,1780715189.728953838,35.780598164,-2.893545587,2.616681286,-0.184589034,-10.576173,-2.893545587,2.616681286,-10.576173,-0.166620783,0.136114435
wheel,1780715189.748502493,35.800146818,-2.896554925,2.617237412,-0.180888001,-10.364119,-2.896554925,2.617237412,-10.364119,-0.166117307,0.136646578
wheel,1780715189.769100189,35.820744514,-2.896554925,2.617237412,-0.180888001,-10.364119,-2.896554925,2.617237412,-10.364119,-0.157811441,0.135280113
wheel,1780715189.788246870,35.839891195,-2.902723127,2.618341920,-0.173485934,-9.940012,-2.902723127,2.618341920,-9.940012,-0.166276280,0.137791270
wheel,1780715189.808255434,35.859899759,-2.905881787,2.618890950,-0.170710159,-9.780972,-2.905881787,2.618890950,-9.780972,-0.165973894,0.137800617
wheel,1780715189.828297377,35.879941702,-2.905881787,2.618890950,-0.170710159,-9.780972,-2.905881787,2.618890950,-9.780972,-0.157675200,0.136422611
wheel,1780715189.848254681,35.899899006,-2.912634658,2.620035772,-0.165158609,-9.462891,-2.912634658,2.620035772,-9.462891,-0.166950724,0.137840032
rtabmap,1780715189.864628553,36.466795921,1.294651270,-3.823679447,-1.842521818,-105.568724,2.854626198,2.853893320,10.725272,0.166976079,-0.191815749
wheel,1780715189.868583918,35.920228243,-2.912634658,2.620035772,-0.165158609,-9.462891,-2.912634658,2.620035772,-9.462891,-0.158603188,0.136461632
wheel,1780715189.889269114,35.940913439,-2.919176819,2.621115314,-0.161920205,-9.277344,-2.919176819,2.621115314,-9.277344,-0.166703467,0.136662870
wheel,1780715189.908502102,35.960146427,-2.922557018,2.621665063,-0.160532318,-9.197824,-2.922557018,2.621665063,-9.197824,-0.167270155,0.136017770
wheel,1780715189.928902388,35.980546713,-2.925866165,2.622197757,-0.158681801,-9.091797,-2.925866165,2.622197757,-9.091797,-0.167124867,0.135565056
wheel,1780715189.948289633,35.999933958,-2.929248127,2.622736556,-0.157293914,-9.012277,-2.929248127,2.622736556,-9.012277,-0.167595758,0.134924878
wheel,1780715189.968245268,36.019889593,-2.929248127,2.622736556,-0.157293914,-9.012277,-2.929248127,2.622736556,-9.012277,-0.159215970,0.133575629
wheel,1780715189.988232374,36.039876699,-2.936446684,2.623864625,-0.153592880,-8.800224,-2.936446684,2.623864625,-8.800224,-0.169479902,0.134091274
wheel,1780715190.008372784,36.060017109,-2.936446684,2.623864625,-0.153592880,-8.800224,-2.936446684,2.623864625,-8.800224,-0.161005907,0.132750361
wheel,1780715190.028262854,36.079907179,-2.943649875,2.624962711,-0.148966589,-8.535157,-2.943649875,2.624962711,-8.535157,-0.171270556,0.133748565
wheel,1780715190.048295975,36.099940300,-2.943649875,2.624962711,-0.148966589,-8.535157,-2.943649875,2.624962711,-8.535157,-0.162707028,0.132411079
wheel,1780715190.068319082,36.119963408,-2.947036912,2.625468629,-0.147578701,-8.455637,-2.947036912,2.625468629,-8.455637,-0.163122920,0.131780078
wheel,1780715190.089341640,36.140985966,-2.947036912,2.625468629,-0.147578701,-8.455637,-2.947036912,2.625468629,-8.455637,-0.154966774,0.130462277
rtabmap,1780715190.097989559,36.700156927,1.281010270,-3.862128735,-1.864978800,-106.855414,2.895139900,2.858695875,9.438582,0.174406692,-0.096233062
wheel,1780715190.108246088,36.159890413,-2.957779676,2.627037715,-0.142489781,-8.164063,-2.957779676,2.627037715,-8.164063,-0.175932514,0.131849504
wheel,1780715190.128296375,36.179940701,-2.960953415,2.627491528,-0.141564522,-8.111050,-2.960953415,2.627491528,-8.111050,-0.175133689,0.130992642
wheel,1780715190.148306370,36.199950695,-2.964488388,2.627992822,-0.140176635,-8.031530,-2.964488388,2.627992822,-8.031530,-0.175297760,0.130376263
wheel,1780715190.168249607,36.219893932,-2.964488388,2.627992822,-0.140176635,-8.031530,-2.964488388,2.627992822,-8.031530,-0.166532872,0.129072501
wheel,1780715190.188245058,36.239889383,-2.971198500,2.628938049,-0.139714006,-8.005023,-2.971198500,2.628938049,-8.005023,-0.175151388,0.128013149
wheel,1780715190.208274126,36.259918451,-2.974662122,2.629423505,-0.138788747,-7.952009,-2.974662122,2.629423505,-7.952009,-0.175125444,0.127195008
wheel,1780715190.228465557,36.280109882,-2.974662122,2.629423505,-0.138788747,-7.952009,-2.974662122,2.629423505,-7.952009,-0.166369172,0.125923058
wheel,1780715190.248278856,36.299923182,-2.978198473,2.629914985,-0.137400860,-7.872489,-2.978198473,2.629914985,-7.872489,-0.167060564,0.125364301
wheel,1780715190.268276215,36.319920540,-2.982096795,2.630448502,-0.134625085,-7.713449,-2.982096795,2.630448502,-7.713449,-0.168544902,0.125498647
wheel,1780715190.288242340,36.339886665,-2.989029322,2.631380942,-0.132774568,-7.607422,-2.989029322,2.631380942,-7.607422,-0.177633662,0.125170433
wheel,1780715190.308257341,36.359901667,-2.992568782,2.631849507,-0.130461422,-7.474889,-2.992568782,2.631849507,-7.474889,-0.177670928,0.125074407
wheel,1780715190.328266144,36.379910469,-2.996109103,2.632311522,-0.129073535,-7.395369,-2.996109103,2.632311522,-7.395369,-0.177709625,0.124517326
rtabmap,1780715190.331394672,36.933562040,1.265063047,-3.899804115,-1.879288542,-107.675302,2.935981374,2.861088002,8.618694,0.174292862,-0.061308689
wheel,1780715190.348268509,36.399912834,-2.999794591,2.632787280,-0.127685648,-7.315849,-2.999794591,2.632787280,-7.315849,-0.178113771,0.123966056
wheel,1780715190.368260860,36.419905186,-2.999794591,2.632787280,-0.127685648,-7.315849,-2.999794591,2.632787280,-7.315849,-0.169208082,0.122726395
wheel,1780715190.388859272,36.440503597,-2.999794591,2.632787280,-0.127685648,-7.315849,-2.999794591,2.632787280,-7.315849,-0.160747678,0.121499131
wheel,1780715190.408289194,36.459933519,-3.011506608,2.634257883,-0.122134098,-6.997768,-3.011506608,2.634257883,-6.997768,-0.183087943,0.123141532
wheel,1780715190.428253651,36.479897976,-3.015050252,2.634693680,-0.122596727,-7.024275,-3.015050252,2.634693680,-7.024275,-0.182873901,0.121678426
wheel,1780715190.448421717,36.500066042,-3.019027811,2.635182839,-0.122134098,-6.997768,-3.019027811,2.635182839,-6.997768,-0.183665999,0.120691040
rtabmap,1780715190.464778900,37.066946268,1.255894065,-3.928001642,-1.888485738,-108.202262,2.965323034,2.865358571,8.091733,0.222292125,-0.068953164
wheel,1780715190.468377829,36.520022154,-3.019027811,2.635182839,-0.122134098,-6.997768,-3.019027811,2.635182839,-6.997768,-0.174482699,0.119484130
wheel,1780715190.488339424,36.539983749,-3.019027811,2.635182839,-0.122134098,-6.997768,-3.019027811,2.635182839,-6.997768,-0.165758564,0.118289288
wheel,1780715190.508329868,36.559974194,-3.030095777,2.636517994,-0.117970435,-6.759208,-3.030095777,2.636517994,-6.759208,-0.185345165,0.119188526
wheel,1780715190.528267622,36.579911947,-3.034003304,2.636979284,-0.117045177,-6.706195,-3.034003304,2.636979284,-6.706195,-0.185955782,0.118461209
wheel,1780715190.548244476,36.599888802,-3.037621582,2.637404731,-0.117045177,-6.706195,-3.037621582,2.637404731,-6.706195,-0.185767208,0.117276597
wheel,1780715190.568295717,36.619940042,-3.037621582,2.637404731,-0.117045177,-6.706195,-3.037621582,2.637404731,-6.706195,-0.176478847,0.116103831
wheel,1780715190.588265657,36.639909983,-3.044641612,2.638225226,-0.115657289,-6.626675,-3.044641612,2.638225226,-6.626675,-0.185346609,0.115637607
wheel,1780715190.608254433,36.659898758,-3.048260671,2.638643976,-0.114732031,-6.573661,-3.048260671,2.638643976,-6.573661,-0.185192187,0.114944109
wheel,1780715190.628334045,36.679978371,-3.048260671,2.638643976,-0.114732031,-6.573661,-3.048260671,2.638643976,-6.573661,-0.175932578,0.113794668
wheel,1780715190.648245811,36.699890137,-3.055282580,2.639448230,-0.113344144,-6.494141,-3.055282580,2.639448230,-6.494141,-0.184882940,0.113353706
wheel,1780715190.668256998,36.719901323,-3.055282580,2.639448230,-0.113344144,-6.494141,-3.055282580,2.639448230,-6.494141,-0.175638793,0.112220169
wheel,1780715190.688239574,36.739883900,-3.062161512,2.640219992,-0.110105740,-6.308594,-3.062161512,2.640219992,-6.308594,-0.184175924,0.112718465
rtabmap,1780715190.698106289,37.300273657,1.242402077,-3.975976229,-1.901328181,-108.938080,3.014310470,2.874514210,7.355915,0.213384613,-0.055039801
wheel,1780715190.708242893,36.759887218,-3.062161512,2.640219992,-0.110105740,-6.308594,-3.062161512,2.640219992,-6.308594,-0.174967128,0.111591281
wheel,1780715190.728902102,36.780546427,-3.069115167,2.640978972,-0.107329965,-6.149554,-3.069115167,2.640978972,-6.149554,-0.183167518,0.111820507
wheel,1780715190.750941277,36.802585602,-3.072448123,2.641333399,-0.104554190,-5.990514,-3.072448123,2.641333399,-5.990514,-0.181605569,0.111960509
wheel,1780715190.768671989,36.820316315,-3.072448123,2.641333399,-0.104554190,-5.990514,-3.072448123,2.641333399,-5.990514,-0.172525291,0.110840904
wheel,1780715190.789263725,36.840908051,-3.079696482,2.642077072,-0.099927898,-5.725447,-3.079696482,2.642077072,-5.725447,-0.181568057,0.111976181
wheel,1780715190.808264494,36.859908819,-3.082741788,2.642379554,-0.098077381,-5.619420,-3.082741788,2.642379554,-5.619420,-0.180541212,0.111830153
wheel,1780715190.828239918,36.879884243,-3.086077731,2.642704671,-0.096226865,-5.513393,-3.086077731,2.642704671,-5.513393,-0.179903331,0.111638193
wheel,1780715190.848359346,36.900003672,-3.088978941,2.642983356,-0.095301606,-5.460380,-3.088978941,2.642983356,-5.460380,-0.178151579,0.110981710
wheel,1780715190.868387222,36.920031548,-3.088978941,2.642983356,-0.095301606,-5.460380,-3.088978941,2.642983356,-5.460380,-0.169244000,0.109871893
wheel,1780715190.888476849,36.940121174,-3.088978941,2.642983356,-0.095301606,-5.460380,-3.088978941,2.642983356,-5.460380,-0.160781800,0.108773174
rtabmap,1780715190.898014545,37.500181913,1.236136198,-4.013621330,-1.919263392,-109.965692,3.050836182,2.885572567,6.328304,0.188291609,-0.089714915
wheel,1780715190.908495426,36.960139751,-3.094273766,2.643490731,-0.095764236,-5.486887,-3.094273766,2.643490731,-5.486887,-0.166028067,0.107454342
wheel,1780715190.928278208,36.979922533,-3.099205381,2.643969057,-0.097614752,-5.592913,-3.099205381,2.643969057,-5.592913,-0.170249418,0.105444392
wheel,1780715190.948339462,36.999983788,-3.101163302,2.644161246,-0.098077381,-5.619420,-3.101163302,2.644161246,-5.619420,-0.166639673,0.104159368
wheel,1780715190.968440294,37.020084620,-3.101163302,2.644161246,-0.098077381,-5.619420,-3.101163302,2.644161246,-5.619420,-0.158307690,0.103117774
wheel,1780715190.988300562,37.039944887,-3.104933507,2.644537492,-0.100853156,-5.778460,-3.104933507,2.644537492,-5.778460,-0.159929107,0.100689263
wheel,1780715191.008283615,37.059927940,-3.106528372,2.644698887,-0.100853156,-5.778460,-3.106528372,2.644698887,-5.778460,-0.155944389,0.099682370
wheel,1780715191.030364275,37.082008600,-3.106528372,2.644698887,-0.100853156,-5.778460,-3.106528372,2.644698887,-5.778460,-0.148147170,0.098685546
wheel,1780715191.048275948,37.099920273,-3.109717801,2.645024627,-0.102703673,-5.884487,-3.109717801,2.645024627,-5.884487,-0.149688386,0.096665666
wheel,1780715191.068260193,37.119904518,-3.109717801,2.645024627,-0.102703673,-5.884487,-3.109717801,2.645024627,-5.884487,-0.142203966,0.095699010
wheel,1780715191.088742733,37.140387058,-3.112471516,2.645313594,-0.106404706,-6.096541,-3.112471516,2.645313594,-6.096541,-0.141853412,0.092934930
wheel,1780715191.108276367,37.159920692,-3.113920413,2.645469704,-0.108255223,-6.202567,-3.113920413,2.645469704,-6.202567,-0.138490381,0.091058371
wheel,1780715191.128310204,37.179954529,-3.115368944,2.645629164,-0.111030998,-6.361608,-3.115368944,2.645629164,-6.361608,-0.135202957,0.088762227
wheel,1780715191.148280621,37.199924946,-3.116817027,2.645792646,-0.113806773,-6.520648,-3.116817027,2.645792646,-6.520648,-0.132091933,0.086484462
wheel,1780715191.168251276,37.219895601,-3.116817027,2.645792646,-0.113806773,-6.520648,-3.116817027,2.645792646,-6.520648,-0.125487336,0.085619618
wheel,1780715191.188248634,37.239892960,-3.120001456,2.646164092,-0.118433064,-6.785715,-3.120001456,2.646164092,-6.785715,-0.127229652,0.082449805
wheel,1780715191.208257675,37.259902000,-3.121737753,2.646372324,-0.120283581,-6.891742,-3.121737753,2.646372324,-6.891742,-0.125237050,0.080700676
wheel,1780715191.228256226,37.279900551,-3.123546041,2.646592159,-0.121671468,-6.971262,-3.123546041,2.646592159,-6.971262,-0.123529642,0.079199658
rtabmap,1780715191.231516361,37.833683729,1.225710034,-4.032881737,-1.889759958,-108.275270,3.072722323,2.884757090,8.018726,0.064955302,0.088465214
wheel,1780715191.249915600,37.301559925,-3.125354126,2.646813668,-0.122134098,-6.997768,-3.125354126,2.646813668,-6.997768,-0.121558366,0.078194064
wheel,1780715191.268250465,37.319894791,-3.125354126,2.646813668,-0.122134098,-6.997768,-3.125354126,2.646813668,-6.997768,-0.115480447,0.077412123
wheel,1780715191.288254499,37.339898825,-3.129042408,2.647267253,-0.122596727,-7.024275,-3.129042408,2.647267253,-7.024275,-0.118994281,0.076406745
wheel,1780715191.308308125,37.359952450,-3.130850390,2.647489598,-0.122134098,-6.997768,-3.130850390,2.647489598,-6.997768,-0.117587043,0.075873407
wheel,1780715191.330246925,37.381891251,-3.132658474,2.647711107,-0.121671468,-6.971262,-3.132658474,2.647711107,-6.971262,-0.115860373,0.075325603
wheel,1780715191.348269701,37.399914026,-3.134539041,2.647940171,-0.120746210,-6.918248,-3.134539041,2.647940171,-6.918248,-0.115320539,0.075085478
wheel,1780715191.368261576,37.419905901,-3.134539041,2.647940171,-0.120746210,-6.918248,-3.134539041,2.647940171,-6.918248,-0.109554512,0.074334623
wheel,1780715191.388257980,37.439902306,-3.138155720,2.648379006,-0.120746210,-6.918248,-3.138155720,2.648379006,-6.918248,-0.113186653,0.073591277
wheel,1780715191.408262253,37.459906578,-3.139891725,2.648589647,-0.120746210,-6.918248,-3.139891725,2.648589647,-6.918248,-0.111899118,0.072855364
wheel,1780715191.428277016,37.479921341,-3.141555351,2.648791896,-0.121208839,-6.944755,-3.141555351,2.648791896,-6.944755,-0.110489959,0.071895711
rtabmap,1780715191.431391001,38.033558369,1.220170498,-4.052943707,-1.889957142,-108.286568,3.093162427,2.888677710,8.007428,0.104000188,-0.000986032
wheel,1780715191.448283195,37.499927521,-3.141555351,2.648791896,-0.121208839,-6.944755,-3.141555351,2.648791896,-6.944755,-0.104965461,0.071176754
wheel,1780715191.468258619,37.519902945,-3.143363537,2.649012568,-0.121671468,-6.971262,-3.143363537,2.649012568,-6.971262,-0.104275219,0.070233467
wheel,1780715191.488235474,37.539879799,-3.146762543,2.649430577,-0.123059356,-7.050782,-3.146762543,2.649430577,-7.050782,-0.107632397,0.068836426
wheel,1780715191.508226156,37.559870481,-3.148498057,2.649645233,-0.123059356,-7.050782,-3.148498057,2.649645233,-7.050782,-0.106625443,0.068148062
wheel,1780715191.528233528,37.579877853,-3.150378197,2.649877777,-0.123059356,-7.050782,-3.150378197,2.649877777,-7.050782,-0.106028028,0.067466581
wheel,1780715191.548256397,37.599900723,-3.152113710,2.650092433,-0.123059356,-7.050782,-3.152113710,2.650092433,-7.050782,-0.105093479,0.066791916
wheel,1780715191.568346739,37.619991064,-3.152113710,2.650092433,-0.123059356,-7.050782,-3.152113710,2.650092433,-7.050782,-0.099838805,0.066123996
wheel,1780715191.589249372,37.640893698,-3.155874419,2.650554041,-0.121208839,-6.944755,-3.155874419,2.650554041,-6.944755,-0.103922785,0.066349293
rtabmap,1780715191.598190546,38.200357914,1.215909004,-4.066347122,-1.888282885,-108.190640,3.107066774,2.890794549,8.103356,0.084314361,0.010037770
wheel,1780715191.608734131,37.660378456,-3.157827371,2.650791463,-0.120746210,-6.918248,-3.157827371,2.650791463,-6.918248,-0.103766026,0.065922808
wheel,1780715191.628343821,37.679988146,-3.157827371,2.650791463,-0.120746210,-6.918248,-3.157827371,2.650791463,-6.918248,-0.098577724,0.065263580
wheel,1780715191.650470972,37.702115297,-3.161734037,2.651259984,-0.117970435,-6.759208,-3.161734037,2.651259984,-6.759208,-0.102538905,0.065865275
wheel,1780715191.669271946,37.720916271,-3.161734037,2.651259984,-0.117970435,-6.759208,-3.161734037,2.651259984,-6.759208,-0.097411960,0.065206622
wheel,1780715191.688375711,37.740020037,-3.166076675,2.651764493,-0.113344144,-6.494141,-3.166076675,2.651764493,-6.494141,-0.103983442,0.066976160
wheel,1780715191.708251953,37.759896278,-3.168393729,2.652024991,-0.110568369,-6.335101,-3.168393729,2.652024991,-6.335101,-0.104649622,0.067702911
wheel,1780715191.728288651,37.779932976,-3.170566636,2.652263177,-0.107792594,-6.176061,-3.170566636,2.652263177,-6.176061,-0.104873887,0.068411722
wheel,1780715191.748313904,37.799958229,-3.170566636,2.652263177,-0.107792594,-6.176061,-3.170566636,2.652263177,-6.176061,-0.099630192,0.067727605
wheel,1780715191.768315077,37.819959402,-3.172667796,2.652487106,-0.104554190,-5.990514,-3.172667796,2.652487106,-5.990514,-0.099930768,0.068669359
wheel,1780715191.790227890,37.841872215,-3.172667796,2.652487106,-0.104554190,-5.990514,-3.172667796,2.652487106,-5.990514,-0.094934229,0.067982665
wheel,1780715191.808260918,37.859905243,-3.178612845,2.653083168,-0.095301606,-5.460380,-3.178612845,2.653083168,-5.460380,-0.106749781,0.072432459
wheel,1780715191.828267813,37.879912138,-3.180498963,2.653260823,-0.092525832,-5.301340,-3.180498963,2.653260823,-5.301340,-0.106147277,0.073095676
rtabmap,1780715191.831665516,38.433832884,1.207955360,-4.092739582,-1.917470045,-109.862941,3.134251765,2.895355105,6.431055,0.118027300,-0.125011876
wheel,1780715191.848305702,37.899950027,-3.182095320,2.653406716,-0.089750057,-5.142299,-3.182095320,2.653406716,-5.142299,-0.104839480,0.073749851
wheel,1780715191.868372440,37.920016766,-3.182095320,2.653406716,-0.089750057,-5.142299,-3.182095320,2.653406716,-5.142299,-0.099597506,0.073012352
wheel,1780715191.888452530,37.940096855,-3.185144167,2.653671137,-0.083273248,-4.771206,-3.185144167,2.653671137,-4.771206,-0.102237393,0.075507525
wheel,1780715191.908281326,37.959925652,-3.186378730,2.653772168,-0.080034844,-4.585659,-3.186378730,2.653772168,-4.585659,-0.100249548,0.076385926
wheel,1780715191.928319931,37.979964256,-3.186378730,2.653772168,-0.080034844,-4.585659,-3.186378730,2.653772168,-4.585659,-0.095237071,0.075622067
wheel,1780715191.951220036,38.002864361,-3.189066993,2.653975897,-0.071244890,-4.082032,-3.189066993,2.653975897,-4.082032,-0.096361530,0.078704197
wheel,1780715191.969454527,38.021098852,-3.189066993,2.653975897,-0.071244890,-4.082032,-3.189066993,2.653975897,-4.082032,-0.091543453,0.077917155
wheel,1780715191.988272905,38.039917231,-3.191393471,2.654131113,-0.061992307,-3.551898,-3.191393471,2.654131113,-3.551898,-0.093158835,0.082052709
wheel,1780715192.009195566,38.060839891,-3.191393471,2.654131113,-0.061992307,-3.551898,-3.191393471,2.654131113,-3.551898,-0.088500893,0.081232182
wheel,1780715192.028256178,38.079900503,-3.194157898,2.654287306,-0.050889207,-2.915737,-3.194157898,2.654287306,-2.915737,-0.091338542,0.086244577
rtabmap,1780715192.031418562,38.633585930,1.201048732,-4.102743626,-1.957614165,-112.163030,3.146280198,2.893594649,4.130966,0.058851261,-0.200967014
wheel,1780715192.050003052,38.101647377,-3.195904651,2.654370603,-0.044412399,-2.544643,-3.195904651,2.654370603,-2.544643,-0.090792325,0.088360435
wheel,1780715192.068239450,38.119883776,-3.195904651,2.654370603,-0.044412399,-2.544643,-3.195904651,2.654370603,-2.544643,-0.086252708,0.087476830
wheel,1780715192.088302612,38.139946938,-3.195904651,2.654370603,-0.044412399,-2.544643,-3.195904651,2.654370603,-2.544643,-0.081940073,0.086602062
wheel,1780715192.108300209,38.159944534,-3.199253929,2.654499272,-0.032384041,-1.855469,-3.199253929,2.654499272,-1.855469,-0.086221849,0.091749796
wheel,1780715192.128245354,38.179889679,-3.203260133,2.654602158,-0.018967795,-1.086775,-3.203260133,2.654602158,-1.086775,-0.091957124,0.097558870
wheel,1780715192.148297071,38.199941397,-3.205081503,2.654631231,-0.012953616,-0.742188,-3.205081503,2.654631231,-0.742188,-0.091901852,0.099582829
wheel,1780715192.168338060,38.219982386,-3.205081503,2.654631231,-0.012953616,-0.742188,-3.205081503,2.654631231,-0.742188,-0.087306759,0.098587001
wheel,1780715192.188456535,38.240100861,-3.209234676,2.654657170,0.000462629,0.026507,-3.209234676,2.654657170,0.026507,-0.093261208,0.104268328
wheel,1780715192.208230495,38.259874821,-3.211129132,2.654651035,0.006014179,0.344587,-3.211129132,2.654651035,0.344587,-0.093388165,0.106032981
wheel,1780715192.228257895,38.279902220,-3.213169239,2.654632158,0.012490987,0.715681,-3.213169239,2.654632158,0.715681,-0.093812993,0.108207087
wheel,1780715192.248360634,38.300004959,-3.215209181,2.654600068,0.018967795,1.086775,-3.215209181,2.654600068,1.086775,-0.094196943,0.110346984
rtabmap,1780715192.264566660,38.866734028,1.190194726,-4.125167370,-2.033868332,-116.532072,3.171191899,2.893796885,-0.238076,0.106633015,-0.327063113
wheel,1780715192.268773317,38.320417643,-3.215209181,2.654600068,0.018967795,1.086775,-3.215209181,2.654600068,1.086775,-0.089487096,0.109243514
wheel,1780715192.288250685,38.339895010,-3.219579713,2.654492884,0.030070895,1.722935,-3.219579713,2.654492884,1.722935,-0.096235078,0.113851314
wheel,1780715192.308267593,38.359911919,-3.222055718,2.654410380,0.036547703,2.094029,-3.222055718,2.654410380,2.094029,-0.097612425,0.115948932
wheel,1780715192.328247309,38.379891634,-3.224531182,2.654312986,0.042099253,2.412110,-3.224531182,2.654312986,2.412110,-0.098930504,0.117567571
wheel,1780715192.350318432,38.401962757,-3.224531182,2.654312986,0.042099253,2.412110,-3.224531182,2.654312986,2.412110,-0.093983979,0.116391896
wheel,1780715192.368301630,38.419945955,-3.227078884,2.654199171,0.047188174,2.703683,-3.227078884,2.654199171,2.703683,-0.096375501,0.118057834
wheel,1780715192.388662815,38.440307140,-3.227078884,2.654199171,0.047188174,2.703683,-3.227078884,2.654199171,2.703683,-0.091556726,0.116877256
wheel,1780715192.408367395,38.460011721,-3.233847478,2.653874829,0.048576062,2.783203,-3.233847478,2.653874829,2.783203,-0.104172945,0.116412797
wheel,1780715192.428245068,38.479889393,-3.238212362,2.653628209,0.064305453,3.684431,-3.238212362,2.653628209,3.684431,-0.109959722,0.123160720
rtabmap,1780715192.431523800,39.033691168,1.180456996,-4.143905640,-2.080358278,-119.195749,3.192304966,2.893367317,-2.901754,0.126467302,-0.278454602
wheel,1780715192.448676109,38.500320435,-3.240975141,2.653445168,0.068006486,3.896485,-3.240975141,2.653445168,3.896485,-0.111238340,0.123740736
wheel,1780715192.469515562,38.521159887,-3.240975141,2.653445168,0.068006486,3.896485,-3.240975141,2.653445168,3.896485,-0.105676423,0.122503329
wheel,1780715192.488368750,38.540013075,-3.247224931,2.652990428,0.077259069,4.426619,-3.247224931,2.652990428,4.426619,-0.117011309,0.126185998
wheel,1780715192.508265257,38.559909582,-3.247224931,2.652990428,0.077259069,4.426619,-3.247224931,2.652990428,4.426619,-0.111160743,0.124924138
wheel,1780715192.528241873,38.579886198,-3.252163829,2.652594298,0.082810619,4.744699,-3.252163829,2.652594298,4.744699,-0.118000698,0.126453158
wheel,1780715192.548506737,38.600151062,-3.255431033,2.652317791,0.086049023,4.930246,-3.255431033,2.652317791,4.930246,-0.120191116,0.126786741
wheel,1780715192.568278313,38.619922638,-3.255431033,2.652317791,0.086049023,4.930246,-3.255431033,2.652317791,4.930246,-0.114181560,0.125518873
wheel,1780715192.588224649,38.639868975,-3.255431033,2.652317791,0.086049023,4.930246,-3.255431033,2.652317791,4.930246,-0.108472482,0.124263684
wheel,1780715192.608241320,38.659885645,-3.267114693,2.651263633,0.093913719,5.380860,-3.267114693,2.651263633,5.380860,-0.132348392,0.126949606
wheel,1780715192.628233671,38.679877996,-3.271031499,2.650889221,0.096689494,5.539900,-3.271031499,2.650889221,5.539900,-0.135570918,0.127068462
rtabmap,1780715192.631366730,39.233534098,1.167286277,-4.171547413,-2.116482226,-121.265499,3.222921053,2.893804011,-4.971503,0.152893931,-0.180761993
wheel,1780715192.648342848,38.699987173,-3.275019856,2.650497726,0.099002640,5.672433,-3.275019856,2.650497726,5.672433,-0.138769093,0.126949491
wheel,1780715192.668272018,38.719916344,-3.275019856,2.650497726,0.099002640,5.672433,-3.275019856,2.650497726,5.672433,-0.131830638,0.125679996
wheel,1780715192.688364267,38.740008593,-3.283356452,2.649652143,0.103166302,5.910994,-3.283356452,2.649652143,5.910994,-0.146097293,0.126496060
wheel,1780715192.708277702,38.759922028,-3.287197254,2.649250000,0.105479448,6.043527,-3.287197254,2.649250000,6.043527,-0.148486104,0.126392366
wheel,1780715192.728246689,38.779891014,-3.290964571,2.648845857,0.108255223,6.202567,-3.290964571,2.648845857,6.202567,-0.150547596,0.126518303
wheel,1780715192.748262644,38.799906969,-3.294586083,2.648448880,0.110105740,6.308594,-3.294586083,2.648448880,6.308594,-0.152121727,0.126177717
wheel,1780715192.768266678,38.819911003,-3.294586083,2.648448880,0.110105740,6.308594,-3.294586083,2.648448880,6.308594,-0.144515640,0.124915940
wheel,1780715192.788308620,38.839952946,-3.294586083,2.648448880,0.110105740,6.308594,-3.294586083,2.648448880,6.308594,-0.137289858,0.123666781
wheel,1780715192.808238268,38.859882593,-3.304359875,2.647338599,0.116119919,6.653181,-3.304359875,2.647338599,6.653181,-0.155102035,0.125447601
wheel,1780715192.828280210,38.879924536,-3.307399229,2.646981224,0.117970435,6.759208,-3.307399229,2.646981224,6.759208,-0.154983651,0.125116689
wheel,1780715192.848426819,38.900071144,-3.310510006,2.646607424,0.121208839,6.944755,-3.310510006,2.646607424,6.944755,-0.155009529,0.125472770
rtabmap,1780715192.864655972,39.466823339,1.147164941,-4.208780766,-2.143023449,-122.786199,3.265215271,2.892258100,-6.492203,0.181187063,-0.113769464
wheel,1780715192.869123936,38.920768261,-3.310510006,2.646607424,0.121208839,6.944755,-3.310510006,2.646607424,6.944755,-0.147259053,0.124218042
wheel,1780715192.889245510,38.940889835,-3.310510006,2.646607424,0.121208839,6.944755,-3.310510006,2.646607424,6.944755,-0.139896100,0.122975862
wheel,1780715192.908265352,38.959909678,-3.318896875,2.645558279,0.127685648,7.315849,-3.318896875,2.645558279,7.315849,-0.155134191,0.125153443
wheel,1780715192.928292036,38.979936361,-3.321426282,2.645232949,0.128148277,7.342355,-3.321426282,2.645232949,7.342355,-0.153743534,0.124132877
wheel,1780715192.948292255,38.999936581,-3.321426282,2.645232949,0.128148277,7.342355,-3.321426282,2.645232949,7.342355,-0.146056357,0.122891548
wheel,1780715192.968331814,39.019976139,-3.325619230,2.644704497,0.122596727,7.024275,-3.325619230,2.644704497,7.024275,-0.149300988,0.118891546
wheel,1780715192.988759518,39.040403843,-3.329954186,2.644137762,0.137400860,7.872489,-3.329954186,2.644137762,7.872489,-0.152533843,0.124947772
wheel,1780715193.008249760,39.059894085,-3.332984658,2.643711586,0.142027151,8.137556,-3.332984658,2.643711586,8.137556,-0.152757789,0.126071881
wheel,1780715193.028250217,39.079894543,-3.335725068,2.643315853,0.144802926,8.296597,-3.335725068,2.643315853,8.296597,-0.152042078,0.126199067
rtabmap,1780715193.031154394,39.633321762,1.133054256,-4.229521751,-2.167421747,-124.184119,3.290060958,2.888795192,-7.890123,0.150620401,-0.146537781
wheel,1780715193.053524971,39.105169296,-3.338824485,2.642857293,0.148966589,8.535157,-3.338824485,2.642857293,8.535157,-0.150638752,0.126584592
wheel,1780715193.068400383,39.120044708,-3.338824485,2.642857293,0.148966589,8.535157,-3.338824485,2.642857293,8.535157,-0.143106814,0.125318747
wheel,1780715193.088265896,39.139910221,-3.342349051,2.642287412,0.171635418,9.833985,-3.342349051,2.642287412,9.833985,-0.144934625,0.135472736
wheel,1780715193.108263254,39.159907579,-3.347451413,2.641433327,0.160069689,9.171318,-3.347451413,2.641433327,9.171318,-0.150623287,0.128334242
wheel,1780715193.128273726,39.179918051,-3.350256048,2.640975855,0.163308093,9.356864,-3.350256048,2.640975855,9.356864,-0.150193500,0.128669447
wheel,1780715193.148261547,39.199905872,-3.350256048,2.640975855,0.163308093,9.356864,-3.350256048,2.640975855,9.356864,-0.142683825,0.127382753
wheel,1780715193.168253660,39.219897985,-3.353059186,2.640509303,0.166546497,9.542411,-3.353059186,2.640509303,9.542411,-0.142655584,0.127728515
wheel,1780715193.188524246,39.240168571,-3.358516798,2.639571076,0.173948563,9.966519,-3.358516798,2.639571076,9.966519,-0.149185234,0.130103675
wheel,1780715193.208440781,39.260085106,-3.361171108,2.639098950,0.178112226,10.205079,-3.361171108,2.639098950,10.205079,-0.148492688,0.130892744
wheel,1780715193.228316307,39.279960632,-3.363895228,2.638603348,0.181813259,10.417132,-3.363895228,2.638603348,10.417132,-0.148034496,0.131446190
rtabmap,1780715193.231209278,39.833376646,1.116913557,-4.258227348,-2.208422664,-126.533298,3.322946431,2.887040451,-10.239302,0.164029881,-0.204948202
wheel,1780715193.248792887,39.300437212,-3.366474217,2.638124282,0.185514292,10.629186,-3.366474217,2.638124282,10.629186,-0.147037389,0.131939028
wheel,1780715193.268247128,39.319891453,-3.366474217,2.638124282,0.185514292,10.629186,-3.366474217,2.638124282,10.629186,-0.139685520,0.130619638
wheel,1780715193.288268089,39.339912415,-3.371627254,2.637139915,0.191991100,11.000280,-3.371627254,2.637139915,11.000280,-0.145803985,0.132548686
wheel,1780715193.308284998,39.359929323,-3.374129849,2.636649240,0.195229505,11.185827,-3.374129849,2.636649240,11.185827,-0.144884084,0.132841053
wheel,1780715193.328346968,39.379991293,-3.376488145,2.636180056,0.197542650,11.318360,-3.376488145,2.636180056,11.318360,-0.143632955,0.132665711
wheel,1780715193.351304531,39.402948856,-3.378773812,2.635719273,0.200318425,11.477400,-3.378773812,2.635719273,11.477400,-0.141529483,0.132548144
wheel,1780715193.368319035,39.419963360,-3.378773812,2.635719273,0.200318425,11.477400,-3.378773812,2.635719273,11.477400,-0.134453009,0.131222662
wheel,1780715193.388237238,39.439881563,-3.382985038,2.634855087,0.204482088,11.715961,-3.382985038,2.634855087,11.715961,-0.138521044,0.132000641
wheel,1780715193.408321142,39.459965467,-3.384839500,2.634467822,0.207257863,11.875001,-3.384839500,2.634467822,11.875001,-0.136312604,0.132063085
wheel,1780715193.428266764,39.479911089,-3.386764258,2.634060764,0.209571008,12.007534,-3.386764258,2.634060764,12.007534,-0.134427589,0.131901917
wheel,1780715193.448624611,39.500268936,-3.386764258,2.634060764,0.209571008,12.007534,-3.386764258,2.634060764,12.007534,-0.127706209,0.130582898
wheel,1780715193.468540668,39.520184994,-3.388687878,2.633648365,0.212809413,12.193081,-3.388687878,2.633648365,12.193081,-0.126259482,0.130902940
wheel,1780715193.488239050,39.539883375,-3.392602833,2.632791984,0.217898333,12.484655,-3.392602833,2.632791984,12.484655,-0.130118235,0.132177206
rtabmap,1780715193.497956276,40.100123644,1.096029401,-4.280624866,-2.248797849,-128.846626,3.352277748,2.878238710,-12.552630,0.114073962,-0.151361227
wheel,1780715193.508318663,39.559962988,-3.394736409,2.632316474,0.220674108,12.643695,-3.394736409,2.632316474,12.643695,-0.129057273,0.132238278
wheel,1780715193.528934479,39.580578804,-3.394736409,2.632316474,0.220674108,12.643695,-3.394736409,2.632316474,12.643695,-0.122604409,0.130915896
wheel,1780715193.548256159,39.599900484,-3.399425387,2.631248647,0.227150916,13.014789,-3.399425387,2.631248647,13.014789,-0.128918683,0.132958789
wheel,1780715193.568907022,39.620551348,-3.399425387,2.631248647,0.227150916,13.014789,-3.399425387,2.631248647,13.014789,-0.122472749,0.131629201
wheel,1780715193.588274240,39.639918566,-3.403965966,2.630185852,0.232702466,13.332869,-3.403965966,2.630185852,13.332869,-0.128389460,0.133179659
wheel,1780715193.608257055,39.659901381,-3.403965966,2.630185852,0.232702466,13.332869,-3.403965966,2.630185852,13.332869,-0.121969987,0.131847862
wheel,1780715193.628249645,39.679893970,-3.408216688,2.629163899,0.239179275,13.703963,-3.408216688,2.629163899,13.703963,-0.126803979,0.133768640
wheel,1780715193.648252010,39.699896336,-3.410834279,2.628518546,0.244268195,13.995537,-3.410834279,2.628518546,13.995537,-0.127202832,0.134975083
wheel,1780715193.668350220,39.719994545,-3.410834279,2.628518546,0.244268195,13.995537,-3.410834279,2.628518546,13.995537,-0.120842690,0.133625332
wheel,1780715193.688256741,39.739901066,-3.415144297,2.627432639,0.249357116,14.287110,-3.415144297,2.627432639,14.287110,-0.125961569,0.134844814
rtabmap,1780715193.697847843,40.300015211,1.080714107,-4.300412655,-2.282099159,-130.754650,3.376802477,2.873273585,-14.460655,0.125156552,-0.166597188
wheel,1780715193.708292484,39.759936810,-3.417614642,2.626799287,0.252595520,14.472657,-3.417614642,2.626799287,14.472657,-0.126027421,0.135112603
wheel,1780715193.728248596,39.779892921,-3.419800571,2.626230223,0.256759183,14.711218,-3.419800571,2.626230223,14.711218,-0.125385166,0.135847787
wheel,1780715193.748401642,39.800045967,-3.422124985,2.625614763,0.260922845,14.949778,-3.422124985,2.625614763,14.949778,-0.125084722,0.136556431
wheel,1780715193.768231630,39.819875956,-3.422124985,2.625614763,0.260922845,14.949778,-3.422124985,2.625614763,14.949778,-0.118830486,0.135190866
wheel,1780715193.788278580,39.839922905,-3.426555356,2.624413126,0.268787541,15.400392,-3.426555356,2.624413126,15.400392,-0.124341449,0.137763216
wheel,1780715193.808443308,39.860087633,-3.428661442,2.623827753,0.273413832,15.665459,-3.428661442,2.623827753,15.665459,-0.123544989,0.138680023
wheel,1780715193.828619957,39.880264282,-3.428661442,2.623827753,0.273413832,15.665459,-3.428661442,2.623827753,15.665459,-0.117367740,0.137293223
wheel,1780715193.848520041,39.900164366,-3.430764797,2.623232644,0.278040124,15.930526,-3.430764797,2.623232644,15.930526,-0.116996537,0.138247142
wheel,1780715193.868228436,39.919872761,-3.433075588,2.622567860,0.282203786,16.169086,-3.433075588,2.622567860,16.169086,-0.117241780,0.138975517
wheel,1780715193.888278723,39.939923048,-3.437548983,2.621250620,0.290531111,16.646206,-3.437548983,2.621250620,16.646206,-0.123007047,0.141738389
wheel,1780715193.908259392,39.959903717,-3.439990824,2.620514989,0.294694773,16.884767,-3.439990824,2.620514989,16.884767,-0.123238395,0.142404825
wheel,1780715193.928260326,39.979904652,-3.442429926,2.619770326,0.297933178,17.070314,-3.442429926,2.619770326,17.070314,-0.123451861,0.142599923
rtabmap,1780715193.931189060,40.533356428,1.061453342,-4.319851875,-2.332626560,-133.649657,3.402762457,2.864616810,-17.355661,0.116992354,-0.216538370
wheel,1780715193.948506594,40.000150919,-3.444796815,2.619038723,0.301634211,17.282367,-3.444796815,2.619038723,17.282367,-0.123397669,0.143002017
wheel,1780715193.968302488,40.019946814,-3.444796815,2.619038723,0.301634211,17.282367,-3.444796815,2.619038723,17.282367,-0.117227786,0.141571997
wheel,1780715193.988261700,40.039906025,-3.450287230,2.617309586,0.308573648,17.679968,-3.450287230,2.617309586,17.679968,-0.125783364,0.143632339
wheel,1780715194.008282423,40.059926748,-3.452646899,2.616555022,0.310424165,17.785995,-3.452646899,2.616555022,17.785995,-0.125681306,0.143120327
wheel,1780715194.028277159,40.079921484,-3.455282219,2.615705588,0.313199940,17.945035,-3.455282219,2.615705588,17.945035,-0.126322804,0.143077708
wheel,1780715194.048276186,40.099920511,-3.455282219,2.615705588,0.313199940,17.945035,-3.455282219,2.615705588,17.945035,-0.120006664,0.141646931
wheel,1780715194.068255186,40.119899511,-3.459167006,2.614457385,0.308573648,17.679968,-3.459167006,2.614457385,17.679968,-0.124218757,0.137914719
wheel,1780715194.088248014,40.139892340,-3.463046561,2.613193017,0.321527265,18.422155,-3.463046561,2.613193017,18.422155,-0.128212329,0.143014626
wheel,1780715194.108263493,40.159907818,-3.465672288,2.612314376,0.324303040,18.581195,-3.465672288,2.612314376,18.581195,-0.128717543,0.142971112
wheel,1780715194.128268957,40.179913282,-3.468227129,2.611453536,0.325690927,18.660716,-3.468227129,2.611453536,18.660716,-0.129020556,0.142235238
rtabmap,1780715194.131292820,40.733460188,1.040688872,-4.341020584,-2.361623045,-135.311033,3.430939088,2.855378036,-19.017038,0.148171976,-0.144907400
wheel,1780715194.148552179,40.200196505,-3.468227129,2.611453536,0.325690927,18.660716,-3.468227129,2.611453536,18.660716,-0.122569528,0.140812885
wheel,1780715194.168254137,40.219898462,-3.470780374,2.610587970,0.328004073,18.793249,-3.470780374,2.610587970,18.793249,-0.123283187,0.140578868
wheel,1780715194.188274145,40.239918470,-3.475467275,2.608980929,0.332630364,19.058316,-3.475467275,2.608980929,19.058316,-0.129504016,0.141485869
wheel,1780715194.208249807,40.259894133,-3.477670062,2.608216516,0.335406139,19.217356,-3.477670062,2.608216516,19.217356,-0.128859617,0.141459296
wheel,1780715194.228373289,40.280017614,-3.477670062,2.608216516,0.335406139,19.217356,-3.477670062,2.608216516,19.217356,-0.122416636,0.140044703
wheel,1780715194.248807430,40.300451756,-3.479870719,2.607445992,0.338181914,19.376396,-3.479870719,2.607445992,19.376396,-0.121999489,0.140002277
wheel,1780715194.268384933,40.320029259,-3.482000350,2.606693139,0.341420318,19.561943,-3.482000350,2.606693139,19.561943,-0.121674396,0.140258134
wheel,1780715194.288261175,40.339905500,-3.486183323,2.605190413,0.348359756,19.959544,-3.486183323,2.605190413,19.959544,-0.126759312,0.142343026
rtabmap,1780715194.297829151,40.899996519,1.026858807,-4.354890823,-2.384811444,-136.639631,3.449500618,2.849123128,-20.345635,0.117611349,-0.139239147
wheel,1780715194.308264256,40.359908581,-3.488031393,2.604515858,0.351598160,20.145091,-3.488031393,2.604515858,20.145091,-0.125338798,0.142538510
wheel,1780715194.328254938,40.379899263,-3.490150733,2.603734503,0.354836564,20.330638,-3.490150733,2.603734503,20.330638,-0.124721322,0.142733043
wheel,1780715194.348257065,40.399901390,-3.492199071,2.602971240,0.358537597,20.542691,-3.492199071,2.602971240,20.542691,-0.123949677,0.143156099
wheel,1780715194.368246078,40.419890404,-3.492199071,2.602971240,0.358537597,20.542691,-3.492199071,2.602971240,20.542691,-0.117752194,0.141724538
wheel,1780715194.388237000,40.439881325,-3.496152322,2.601477295,0.364089147,20.860771,-3.496152322,2.601477295,20.860771,-0.122435306,0.143084494
wheel,1780715194.408243179,40.459887505,-3.498125646,2.600721642,0.367327551,21.046318,-3.498125646,2.600721642,21.046318,-0.121594618,0.143272370
wheel,1780715194.428245068,40.479889393,-3.500232434,2.599907048,0.370565955,21.231865,-3.500232434,2.599907048,21.231865,-0.121161254,0.143458676
wheel,1780715194.448476076,40.500120401,-3.502336952,2.599086610,0.372879101,21.364399,-3.502336952,2.599086610,21.364399,-0.120686008,0.143167523
wheel,1780715194.468274832,40.519919157,-3.502336952,2.599086610,0.372879101,21.364399,-3.502336952,2.599086610,21.364399,-0.114651707,0.141735848
wheel,1780715194.490862846,40.542507172,-3.502336952,2.599086610,0.372879101,21.364399,-3.502336952,2.599086610,21.364399,-0.108919122,0.140318490
wheel,1780715194.508284330,40.559928656,-3.509247038,2.596350300,0.381206426,21.841519,-3.509247038,2.596350300,21.841519,-0.124802962,0.143695091
wheel,1780715194.528317928,40.579962254,-3.509247038,2.596350300,0.381206426,21.841519,-3.509247038,2.596350300,21.841519,-0.118562814,0.142258140
wheel,1780715194.548247337,40.599891663,-3.513503598,2.594631635,0.386295347,22.133093,-3.513503598,2.594631635,22.133093,-0.124148248,0.143388329
wheel,1780715194.568250179,40.619894505,-3.513503598,2.594631635,0.386295347,22.133093,-3.513503598,2.594631635,22.133093,-0.117940836,0.141954446
wheel,1780715194.590374470,40.642018795,-3.513503598,2.594631635,0.386295347,22.133093,-3.513503598,2.594631635,22.133093,-0.112043794,0.140534901
rtabmap,1780715194.598040819,41.200208187,1.002991915,-4.381656170,-2.432308395,-139.361006,3.484069120,2.839582115,-23.067010,0.119012468,-0.158211753
wheel,1780715194.608245373,40.659889698,-3.520712565,2.591662535,0.395085301,22.636720,-3.520712565,2.591662535,22.636720,-0.128252841,0.144047677
wheel,1780715194.628303766,40.679948092,-3.520712565,2.591662535,0.395085301,22.636720,-3.520712565,2.591662535,22.636720,-0.121840199,0.142607201
wheel,1780715194.648282528,40.699926853,-3.524877279,2.589912213,0.400636851,22.954801,-3.524877279,2.589912213,22.954801,-0.127052645,0.143959490
wheel,1780715194.668237448,40.719881773,-3.524877279,2.589912213,0.400636851,22.954801,-3.524877279,2.589912213,22.954801,-0.120700013,0.142519895
wheel,1780715194.688252449,40.739896774,-3.529099644,2.588111171,0.405725771,23.246374,-3.529099644,2.588111171,23.246374,-0.126139613,0.143638825
wheel,1780715194.708236933,40.759881258,-3.531241151,2.587188919,0.407576288,23.352401,-3.531241151,2.587188919,23.352401,-0.125662252,0.143127773
wheel,1780715194.729104996,40.780749321,-3.531241151,2.587188919,0.407576288,23.352401,-3.531241151,2.587188919,23.352401,-0.119379139,0.141696495
wheel,1780715194.748275518,40.799919844,-3.533381375,2.586263697,0.408501546,23.405415,-3.533381375,2.586263697,23.405415,-0.119491905,0.140762207
wheel,1780715194.768278599,40.819922924,-3.535989512,2.585135479,0.408038917,23.378908,-3.535989512,2.585135479,23.378908,-0.120620211,0.139123314
wheel,1780715194.791264057,40.842908382,-3.540268246,2.583281074,0.409889434,23.484935,-3.540268246,2.583281074,23.484935,-0.124732700,0.138537121
wheel,1780715194.854919195,40.906563520,-3.540268246,2.583281074,0.409889434,23.484935,-3.540268246,2.583281074,23.484935,-0.118496065,0.137151749
rtabmap,1780715194.865238428,41.467405796,0.976639271,-4.405014992,-2.448728586,-140.301813,3.516684693,2.826303530,-24.007817,0.131777525,-0.061453272
wheel,1780715194.868365288,40.920009613,-3.547607497,2.580059828,0.417291500,23.909042,-3.547607497,2.580059828,23.909042,-0.142377232,0.141285519
wheel,1780715194.890307903,40.941952229,-3.547607497,2.580059828,0.417291500,23.909042,-3.547607497,2.580059828,23.909042,-0.135258370,0.139872664
wheel,1780715194.908282042,40.959926367,-3.552149083,2.578079013,0.405263142,23.219868,-3.552149083,2.578079013,23.219868,-0.142279203,0.131781546
wheel,1780715194.931219816,40.982864141,-3.552149083,2.578079013,0.405263142,23.219868,-3.552149083,2.578079013,23.219868,-0.135165243,0.130463731
wheel,1780715194.950210810,41.001855135,-3.554225111,2.577188942,0.404800513,23.193361,-3.554225111,2.577188942,23.193361,-0.134354275,0.128915477
wheel,1780715194.968269587,41.019913912,-3.556702951,2.576126600,0.405263142,23.219868,-3.556702951,2.576126600,23.219868,-0.135100306,0.127882478
wheel,1780715194.988254547,41.039898872,-3.560852946,2.574341658,0.407113659,23.325894,-3.560852946,2.574341658,23.325894,-0.139647455,0.127529586
wheel,1780715195.010313988,41.061958313,-3.560852946,2.574341658,0.407113659,23.325894,-3.560852946,2.574341658,23.325894,-0.132665082,0.126254290
wheel,1780715195.030277967,41.081922293,-3.562658940,2.573561419,0.408501546,23.405415,-3.562658940,2.573561419,23.405415,-0.130959205,0.125686968
wheel,1780715195.048249960,41.099894285,-3.566869552,2.571733068,0.410814692,23.537948,-3.566869552,2.571733068,23.537948,-0.137182163,0.125717165
wheel,1780715195.069175959,41.120820284,-3.566869552,2.571733068,0.410814692,23.537948,-3.566869552,2.571733068,23.537948,-0.130323055,0.124459993
wheel,1780715195.088335514,41.139979839,-3.566869552,2.571733068,0.410814692,23.537948,-3.566869552,2.571733068,23.537948,-0.123806902,0.123215393
wheel,1780715195.109460354,41.161104679,-3.570740908,2.570038174,0.414515725,23.750002,-3.570740908,2.570038174,23.750002,-0.127618374,0.123735063
wheel,1780715195.128322601,41.179966927,-3.574340146,2.568448505,0.417291500,23.909042,-3.574340146,2.568448505,23.909042,-0.131673249,0.123970134
rtabmap,1780715195.131983995,41.734151363,0.950132906,-4.427796841,-2.457734695,-140.817825,3.548851085,2.812631544,-24.523829,0.131009266,-0.033763114
wheel,1780715195.148286104,41.199930429,-3.575871742,2.567768234,0.418679388,23.988562,-3.575871742,2.567768234,23.988562,-0.129284827,0.123425297
wheel,1780715195.168256044,41.219900370,-3.575871742,2.567768234,0.418679388,23.988562,-3.575871742,2.567768234,23.988562,-0.122820586,0.122191044
wheel,1780715195.188324690,41.239969015,-3.579263688,2.566250386,0.422843050,24.227122,-3.579263688,2.566250386,24.227122,-0.125944776,0.123045373
wheel,1780715195.209367514,41.261011839,-3.579263688,2.566250386,0.422843050,24.227122,-3.579263688,2.566250386,24.227122,-0.119647537,0.121814919
wheel,1780715195.228276968,41.279921293,-3.583045212,2.564532947,0.429782487,24.624723,-3.583045212,2.564532947,24.624723,-0.124646417,0.124266363
wheel,1780715195.249380350,41.301024675,-3.583045212,2.564532947,0.429782487,24.624723,-3.583045212,2.564532947,24.624723,-0.118414096,0.123023699
wheel,1780715195.268587112,41.320231438,-3.584898287,2.563679423,0.433483521,24.836776,-3.584898287,2.563679423,24.836776,-0.117804791,0.123720501
wheel,1780715195.288298607,41.339942932,-3.589187612,2.561671198,0.442273475,25.340403,-3.589187612,2.561671198,25.340403,-0.123927832,0.126942438
wheel,1780715195.308276415,41.359920740,-3.591161038,2.560731066,0.446899766,25.605470,-3.591161038,2.560731066,25.605470,-0.123201599,0.127988425
wheel,1780715195.328245878,41.379890203,-3.593195955,2.559750643,0.451063429,25.844031,-3.593195955,2.559750643,25.844031,-0.122697189,0.128793580
rtabmap,1780715195.331717014,41.933884382,0.933615446,-4.440548420,-2.492251646,-142.795501,3.567600154,2.803471758,-26.501505,0.104438134,-0.172815681
wheel,1780715195.348273993,41.399918318,-3.595095752,2.558825556,0.455227091,26.082591,-3.595095752,2.558825556,26.082591,-0.121837561,0.129584553
wheel,1780715195.368292809,41.419937134,-3.595095752,2.558825556,0.455227091,26.082591,-3.595095752,2.558825556,26.082591,-0.115745683,0.128288707
wheel,1780715195.388242245,41.439886570,-3.598753935,2.557017995,0.462629158,26.506698,-3.598753935,2.557017995,26.506698,-0.120183883,0.130715747
wheel,1780715195.408342838,41.459987164,-3.600448084,2.556170138,0.465404933,26.665738,-3.600448084,2.556170138,26.665738,-0.118887097,0.130789515
wheel,1780715195.428414822,41.480059147,-3.602270011,2.555252000,0.468180708,26.824779,-3.602270011,2.555252000,26.824779,-0.118030738,0.130866108
wheel,1780715195.448264360,41.499908686,-3.603959427,2.554394751,0.470956483,26.983819,-3.603959427,2.554394751,26.983819,-0.116896115,0.130954345
wheel,1780715195.469693422,41.521337748,-3.603959427,2.554394751,0.470956483,26.983819,-3.603959427,2.554394751,26.983819,-0.111051309,0.129644801
wheel,1780715195.488252878,41.539897203,-3.605706974,2.553491165,0.483447470,27.699500,-3.605706974,2.553491165,27.699500,-0.110797594,0.135077053
wheel,1780715195.508235455,41.559879780,-3.608293141,2.552147132,0.475120145,27.222379,-3.608293141,2.552147132,27.222379,-0.112550042,0.129559238
wheel,1780715195.529297352,41.580941677,-3.609588702,2.551479906,0.476045403,27.275392,-3.609588702,2.551479906,27.275392,-0.110384256,0.128703228
wheel,1780715195.548318863,41.599963188,-3.610754152,2.550878324,0.476970662,27.328406,-3.610754152,2.550878324,27.328406,-0.108310222,0.127902288
rtabmap,1780715195.564984560,42.167151928,0.901786327,-4.458174229,-2.520625133,-144.421182,3.597501846,2.782743739,-28.127186,0.154368117,-0.121634908
wheel,1780715195.568236589,41.619880915,-3.610754152,2.550878324,0.476970662,27.328406,-3.610754152,2.550878324,27.328406,-0.102894711,0.126623266
wheel,1780715195.588861227,41.640505552,-3.610754152,2.550878324,0.476970662,27.328406,-3.610754152,2.550878324,27.328406,-0.097749976,0.125357033
wheel,1780715195.608251333,41.659895658,-3.612760114,2.549839945,0.478358549,27.407926,-3.612760114,2.549839945,27.407926,-0.098687063,0.124819233
wheel,1780715195.628269911,41.679914236,-3.614635310,2.548865954,0.479746437,27.487446,-3.614635310,2.548865954,27.487446,-0.099030768,0.124264382
wheel,1780715195.648568153,41.700212479,-3.615540033,2.548394706,0.480671695,27.540459,-3.615540033,2.548394706,27.540459,-0.096594484,0.123478020
wheel,1780715195.670437574,41.722081900,-3.615540033,2.548394706,0.480671695,27.540459,-3.615540033,2.548394706,27.540459,-0.091764760,0.122243240
wheel,1780715195.688266754,41.739911079,-3.616896299,2.547686263,0.482059582,27.619980,-3.616896299,2.547686263,27.619980,-0.091467306,0.121799181
wheel,1780715195.708239794,41.759884119,-3.617219063,2.547517288,0.482522211,27.646486,-3.617219063,2.547517288,27.646486,-0.087805873,0.120812791
wheel,1780715195.728304386,41.779948711,-3.617477243,2.547382048,0.482522211,27.646486,-3.617477243,2.547382048,27.646486,-0.084141961,0.119604663
wheel,1780715195.748498201,41.800142527,-3.617477243,2.547382048,0.482522211,27.646486,-3.617477243,2.547382048,27.646486,-0.079934863,0.118408617
rtabmap,1780715195.764709949,42.366877317,0.891738951,-4.464678288,-2.526620270,-144.764678,3.607783707,2.776617086,-28.470682,0.059861481,-0.030017179
wheel,1780715195.771265507,41.822909832,-3.617477243,2.547382048,0.482522211,27.646486,-3.617477243,2.547382048,27.646486,-0.075938120,0.117224531
wheel,1780715195.788234472,41.839878798,-3.617348121,2.547449608,0.481596953,27.593473,-3.617348121,2.547449608,27.593473,-0.071711872,0.115507089
wheel,1780715195.808282375,41.859926701,-3.617283537,2.547483343,0.481134324,27.566966,-3.617283537,2.547483343,27.566966,-0.067944534,0.114121232
wheel,1780715195.828274965,41.879919291,-3.617283537,2.547483343,0.480209066,27.513953,-3.617283537,2.547483343,27.513953,-0.064547307,0.112517263
wheel,1780715195.848373413,41.900017738,-3.617283537,2.547483343,0.479283807,27.460939,-3.617283537,2.547483343,27.460939,-0.061319942,0.110931716
wheel,1780715195.868250370,41.919894695,-3.617283537,2.547483343,0.479283807,27.460939,-3.617283537,2.547483343,27.460939,-0.058253945,0.109822399
wheel,1780715195.888758421,41.940402746,-3.617801267,2.547215494,0.475582774,27.248886,-3.617801267,2.547215494,27.248886,-0.056762428,0.106919502
wheel,1780715195.908262491,41.959906816,-3.618514081,2.546849015,0.474194887,27.169366,-3.618514081,2.546849015,27.169366,-0.055979119,0.105138683
wheel,1780715195.928283930,41.979928255,-3.619292341,2.546450478,0.472344370,27.063339,-3.619292341,2.546450478,27.063339,-0.055364239,0.103162820
wheel,1780715195.948259592,41.999903917,-3.620265973,2.545953883,0.470956483,26.983819,-3.620265973,2.545953883,26.983819,-0.055331303,0.101436519
rtabmap,1780715195.964622974,42.566790342,0.912008226,-4.457683563,-2.514682187,-144.080676,3.592533880,2.791690653,-27.786680,-0.103000611,0.059716146
wheel,1780715195.969720840,42.021365166,-3.620265973,2.545953883,0.470956483,26.983819,-3.620265973,2.545953883,26.983819,-0.052564738,0.100422153
wheel,1780715195.988240242,42.039884567,-3.622669860,2.544733396,0.468643337,26.851285,-3.622669860,2.544733396,26.851285,-0.057213309,0.098169230
wheel,1780715196.008298635,42.059942961,-3.622669860,2.544733396,0.468643337,26.851285,-3.622669860,2.544733396,26.851285,-0.054352644,0.097187538
wheel,1780715196.028253078,42.079897404,-3.626375751,2.542858327,0.468180708,26.824779,-3.626375751,2.542858327,26.824779,-0.062039612,0.095983870
wheel,1780715196.048264742,42.099909067,-3.628781329,2.541641177,0.468643337,26.851285,-3.628781329,2.541641177,26.851285,-0.065674997,0.095255258
wheel,1780715196.068889141,42.120533466,-3.628781329,2.541641177,0.468643337,26.851285,-3.628781329,2.541641177,26.851285,-0.062391247,0.094302705
wheel,1780715196.088243484,42.139887810,-3.634693592,2.538639437,0.470956483,26.983819,-3.634693592,2.538639437,26.983819,-0.076400412,0.094554775
wheel,1780715196.108357191,42.160001516,-3.637679747,2.537117237,0.471881741,27.036832,-3.637679747,2.537117237,27.036832,-0.080915060,0.094069388
wheel,1780715196.129104614,42.180748940,-3.637679747,2.537117237,0.471881741,27.036832,-3.637679747,2.537117237,27.036832,-0.076869307,0.093128694
wheel,1780715196.148309469,42.199953794,-3.644296531,2.533732737,0.473732257,27.142859,-3.644296531,2.533732737,27.142859,-0.092376674,0.093161034
rtabmap,1780715196.164592743,42.766760111,0.878467381,-4.479899883,-2.517831349,-144.261110,3.627309372,2.771461508,-27.967114,0.201010212,-0.015747979
wheel,1780715196.168314934,42.219959259,-3.644296531,2.533732737,0.473732257,27.142859,-3.644296531,2.533732737,27.142859,-0.087757841,0.092229424
wheel,1780715196.188275099,42.239919424,-3.651100658,2.530234521,0.476045403,27.275392,-3.651100658,2.530234521,27.275392,-0.102537005,0.092466136
wheel,1780715196.208281994,42.259926319,-3.654273649,2.528597615,0.476508032,27.301899,-3.654273649,2.528597615,27.301899,-0.106331548,0.091772673
wheel,1780715196.228254080,42.279898405,-3.657639698,2.526858153,0.477433291,27.354913,-3.657639698,2.526858153,27.354913,-0.110500655,0.091318228
wheel,1780715196.248357058,42.300001383,-3.657639698,2.526858153,0.477433291,27.354913,-3.657639698,2.526858153,27.354913,-0.104975622,0.090405045
wheel,1780715196.268255234,42.319899559,-3.660939830,2.525149853,0.477895920,27.381419,-3.660939830,2.525149853,27.381419,-0.109063882,0.089733477
wheel,1780715196.288228989,42.339873314,-3.667278982,2.521862836,0.478821178,27.434433,-3.667278982,2.521862836,27.434433,-0.121484780,0.089299351
wheel,1780715196.309224844,42.360869169,-3.670576741,2.520149957,0.479283807,27.460939,-3.670576741,2.520149957,27.460939,-0.124263187,0.088626778
wheel,1780715196.329108238,42.380752563,-3.673809449,2.518469915,0.479283807,27.460939,-3.673809449,2.518469915,27.460939,-0.127208707,0.087740511
wheel,1780715196.348828077,42.400472403,-3.676977122,2.516822742,0.479746437,27.487446,-3.676977122,2.516822742,27.487446,-0.129902904,0.087097757
rtabmap,1780715196.364629030,42.966796398,0.831548989,-4.511894703,-2.523389136,-144.579548,3.676777559,2.743570605,-28.285552,0.283804059,-0.027783716
wheel,1780715196.370485306,42.422129631,-3.676977122,2.516822742,0.479746437,27.487446,-3.676977122,2.516822742,27.487446,-0.123407759,0.086226780
wheel,1780715196.389237165,42.440881491,-3.676977122,2.516822742,0.479746437,27.487446,-3.676977122,2.516822742,27.487446,-0.117237371,0.085364512
wheel,1780715196.408306360,42.459950686,-3.686083475,2.512066058,0.482984841,27.672993,-3.686083475,2.512066058,27.672993,-0.138323244,0.086209700
wheel,1780715196.428327560,42.479971886,-3.688857227,2.510609018,0.484372728,27.752513,-3.688857227,2.510609018,27.752513,-0.139228511,0.086040532
wheel,1780715196.449028730,42.500673056,-3.688857227,2.510609018,0.484372728,27.752513,-3.688857227,2.510609018,27.752513,-0.132267086,0.085180126
wheel,1780715196.468720913,42.520365238,-3.691628955,2.509148129,0.485760616,27.832033,-3.691628955,2.509148129,27.832033,-0.133607424,0.085032971
wheel,1780715196.489062786,42.540707111,-3.697616296,2.505974676,0.488999020,28.017580,-3.697616296,2.505974676,28.017580,-0.143583044,0.085774612
wheel,1780715196.508335352,42.559979677,-3.697616296,2.505974676,0.488999020,28.017580,-3.697616296,2.505974676,28.017580,-0.136403891,0.084916866
wheel,1780715196.529042006,42.580686331,-3.703529790,2.502817549,0.491774795,28.176620,-3.703529790,2.502817549,28.176620,-0.145732768,0.085405094
rtabmap,1780715196.531261444,43.133428812,0.812775493,-4.526795387,-2.534507142,-145.216562,3.698452743,2.733340213,-28.922567,0.143638566,-0.066721819
wheel,1780715196.548266649,42.599910975,-3.706291313,2.501337461,0.492237424,28.203127,-3.706291313,2.501337461,28.203127,-0.146594931,0.084791687
wheel,1780715196.569253206,42.620897532,-3.706291313,2.501337461,0.492237424,28.203127,-3.706291313,2.501337461,28.203127,-0.139265184,0.083943770
wheel,1780715196.588423729,42.640068054,-3.706291313,2.501337461,0.492237424,28.203127,-3.706291313,2.501337461,28.203127,-0.132301925,0.083104333
wheel,1780715196.608254194,42.659898520,-3.714954752,2.496678648,0.494550570,28.335660,-3.714954752,2.496678648,28.335660,-0.150491085,0.083439862
wheel,1780715196.628241539,42.679885864,-3.717711468,2.495189625,0.495938457,28.415180,-3.717711468,2.495189625,28.415180,-0.150802043,0.083299640
wheel,1780715196.649044275,42.700688601,-3.720402389,2.493732118,0.496863715,28.468194,-3.720402389,2.493732118,28.468194,-0.150619299,0.082911533
wheel,1780715196.668325663,42.719969988,-3.720402389,2.493732118,0.496863715,28.468194,-3.720402389,2.493732118,28.468194,-0.143088334,0.082082417
wheel,1780715196.688350677,42.739995003,-3.726290871,2.490528581,0.499639490,28.627234,-3.726290871,2.490528581,28.627234,-0.152680497,0.082648473
wheel,1780715196.708312750,42.759957075,-3.726290871,2.490528581,0.499639490,28.627234,-3.726290871,2.490528581,28.627234,-0.145046472,0.081821989
wheel,1780715196.729813099,42.781457424,-3.731977992,2.487412392,0.502877894,28.812781,-3.731977992,2.487412392,28.812781,-0.152871733,0.082509645
wheel,1780715196.748288155,42.799932480,-3.731977992,2.487412392,0.502877894,28.812781,-3.731977992,2.487412392,28.812781,-0.145228146,0.081684548
rtabmap,1780715196.764501810,43.366669178,0.782957196,-4.549665928,-2.548369432,-146.010813,3.732165761,2.716738259,-29.716817,0.160938427,-0.059433330
wheel,1780715196.768239737,42.819884062,-3.734849850,2.485830143,0.504265782,28.892301,-3.734849850,2.485830143,28.892301,-0.146182173,0.081563189
wheel,1780715196.790533066,42.842177391,-3.740651455,2.482619743,0.506578928,29.024835,-3.740651455,2.482619743,29.024835,-0.153745038,0.081785197
wheel,1780715196.808259726,42.859904051,-3.743454110,2.481062922,0.507504186,29.077848,-3.743454110,2.481062922,29.077848,-0.155102179,0.081489388
wheel,1780715196.828268051,42.879912376,-3.744859023,2.480291002,0.497326345,28.494701,-3.744859023,2.480291002,28.494701,-0.151352784,0.075587873
wheel,1780715196.848278522,42.899922848,-3.749389022,2.477792469,0.510742590,29.263395,-3.749389022,2.477792469,29.263395,-0.156721464,0.081541643
wheel,1780715196.868318558,42.919962883,-3.749389022,2.477792469,0.510742590,29.263395,-3.749389022,2.477792469,29.263395,-0.148885391,0.080726227
wheel,1780715196.888264894,42.939909220,-3.755992947,2.474075991,0.514443623,29.475448,-3.755992947,2.474075991,29.475448,-0.160436754,0.081774460
wheel,1780715196.908399105,42.960043430,-3.758085416,2.472891395,0.515831511,29.554969,-3.758085416,2.472891395,29.554969,-0.158387336,0.081646172
wheel,1780715196.928249836,42.979894161,-3.760935789,2.471270761,0.518144657,29.687502,-3.760935789,2.471270761,29.687502,-0.158725728,0.081994826
wheel,1780715196.948321104,42.999965429,-3.763782405,2.469643537,0.520457802,29.820035,-3.763782405,2.469643537,29.820035,-0.158956188,0.082327152
wheel,1780715196.968341112,43.019985437,-3.763782405,2.469643537,0.520457802,29.820035,-3.763782405,2.469643537,29.820035,-0.151008378,0.081503881
wheel,1780715196.988243341,43.039887667,-3.769338047,2.466442115,0.525084094,30.085102,-3.769338047,2.466442115,30.085102,-0.159563914,0.083012934
rtabmap,1780715196.997796059,43.599963427,0.737379372,-4.578217506,-2.570269811,-147.265612,3.777953128,2.688523942,-30.971617,0.230404079,-0.093874514
wheel,1780715197.008276463,43.059920788,-3.772173303,2.464795177,0.527397240,30.217636,-3.772173303,2.464795177,30.217636,-0.159769571,0.083337493
wheel,1780715197.028226614,43.079870939,-3.774942195,2.463179069,0.529247756,30.323663,-3.774942195,2.463179069,30.323663,-0.159817034,0.083431788
wheel,1780715197.048332214,43.099976540,-3.777771336,2.461521649,0.530635644,30.403183,-3.777771336,2.461521649,30.403183,-0.159983047,0.083287998
wheel,1780715197.068264246,43.119908571,-3.777771336,2.461521649,0.530635644,30.403183,-3.777771336,2.461521649,30.403183,-0.151983894,0.082455118
wheel,1780715197.088267803,43.139912128,-3.783799463,2.457973262,0.533411419,30.562223,-3.783799463,2.457973262,30.562223,-0.161868139,0.083018141
wheel,1780715197.108308077,43.159952402,-3.783799463,2.457973262,0.533411419,30.562223,-3.783799463,2.457973262,30.562223,-0.153774732,0.082187960
wheel,1780715197.128245354,43.179889679,-3.789882905,2.454375240,0.534799306,30.641743,-3.789882905,2.454375240,30.641743,-0.163806252,0.082062016
wheel,1780715197.148283243,43.199927568,-3.789882905,2.454375240,0.534799306,30.641743,-3.789882905,2.454375240,30.641743,-0.155615940,0.081241396
wheel,1780715197.168256760,43.219901085,-3.792766652,2.452666959,0.534799306,30.641743,-3.792766652,2.452666959,30.641743,-0.156224622,0.080428982
wheel,1780715197.188270569,43.239914894,-3.798659526,2.449176126,0.534799306,30.641743,-3.798659526,2.449176126,30.641743,-0.165527085,0.079624692
wheel,1780715197.208281994,43.259926319,-3.800042849,2.448366152,0.524621465,30.058596,-3.800042849,2.448366152,30.058596,-0.161255300,0.073743278
wheel,1780715197.228264809,43.279909134,-3.800042849,2.448366152,0.524621465,30.058596,-3.800042849,2.448366152,30.058596,-0.153192535,0.073005845
wheel,1780715197.250609398,43.302253723,-3.806702528,2.444454301,0.537575081,30.800783,-3.806702528,2.444454301,30.800783,-0.162816747,0.078073301
rtabmap,1780715197.264442682,43.866610050,0.692870557,-4.599997997,-2.582764373,-147.981498,3.817196446,2.658268589,-31.687502,0.184581146,-0.046858024
wheel,1780715197.268261671,43.319905996,-3.806702528,2.444454301,0.537575081,30.800783,-3.806702528,2.444454301,30.800783,-0.154675910,0.077292568
wheel,1780715197.288385391,43.340029716,-3.811827557,2.441382986,0.542201373,31.065850,-3.811827557,2.441382986,31.065850,-0.161787244,0.078818540
wheel,1780715197.308238506,43.359882832,-3.811827557,2.441382986,0.542201373,31.065850,-3.811827557,2.441382986,31.065850,-0.153697882,0.078030354
wheel,1780715197.328814268,43.380458593,-3.817121587,2.438168637,0.549140810,31.463451,-3.817121587,2.438168637,31.463451,-0.161061419,0.080622248
wheel,1780715197.350851059,43.402495384,-3.817121587,2.438168637,0.549140810,31.463451,-3.817121587,2.438168637,31.463451,-0.153008348,0.079816026
wheel,1780715197.369651794,43.421296120,-3.819728974,2.436566476,0.552841843,31.675504,-3.819728974,2.436566476,31.675504,-0.153496996,0.080986498
wheel,1780715197.388282776,43.439927101,-3.819728974,2.436566476,0.552841843,31.675504,-3.819728974,2.436566476,31.675504,-0.145822146,0.080176633
wheel,1780715197.408811092,43.460455418,-3.824678407,2.433487216,0.560243910,32.099612,-3.824678407,2.433487216,32.099612,-0.152741189,0.082983794
wheel,1780715197.429118872,43.480763197,-3.827144538,2.431933871,0.563944943,32.311665,-3.827144538,2.431933871,32.311665,-0.152273207,0.083974674
wheel,1780715197.448314905,43.499959230,-3.831935190,2.428875983,0.572272268,32.788786,-3.831935190,2.428875983,32.788786,-0.159466250,0.087473888
wheel,1780715197.468297243,43.519941568,-3.831935190,2.428875983,0.572272268,32.788786,-3.831935190,2.428875983,32.788786,-0.151492937,0.086599149
wheel,1780715197.488220453,43.539864779,-3.831935190,2.428875983,0.572272268,32.788786,-3.831935190,2.428875983,32.788786,-0.143918290,0.085733157
rtabmap,1780715197.498019934,44.100187302,0.662005126,-4.619744301,-2.627475483,-150.543256,3.848572339,2.639343879,-34.249260,0.156861737,-0.191418827
wheel,1780715197.508260489,43.559904814,-3.839321519,2.424062068,0.582912739,33.398440,-3.839321519,2.424062068,33.398440,-0.158722871,0.090186191
wheel,1780715197.528253555,43.579897881,-3.842056849,2.422254015,0.585225884,33.530973,-3.842056849,2.422254015,33.530973,-0.158986976,0.090441330
wheel,1780715197.548257113,43.599901438,-3.844606304,2.420561188,0.587076401,33.637000,-3.844606304,2.420561188,33.637000,-0.158685994,0.090461889
wheel,1780715197.569314718,43.620959044,-3.844606304,2.420561188,0.587076401,33.637000,-3.844606304,2.420561188,33.637000,-0.150751694,0.089557270
wheel,1780715197.589022398,43.640666723,-3.850062701,2.416923598,0.588926918,33.743027,-3.850062701,2.416923598,33.743027,-0.159835016,0.089599738
wheel,1780715197.611097097,43.662741423,-3.852545706,2.415262451,0.590314805,33.822547,-3.852545706,2.415262451,33.822547,-0.158609825,0.089332457
wheel,1780715197.628234386,43.679878712,-3.855147413,2.413516659,0.591702693,33.902067,-3.855147413,2.413516659,33.902067,-0.159820039,0.089248941
wheel,1780715197.648273706,43.699918032,-3.857928472,2.411645851,0.592627951,33.955080,-3.857928472,2.411645851,33.955080,-0.160193459,0.088818255
wheel,1780715197.669810057,43.721454382,-3.857928472,2.411645851,0.592627951,33.955080,-3.857928472,2.411645851,33.955080,-0.152183786,0.087930072
wheel,1780715197.688251972,43.739896297,-3.863305028,2.408020023,0.594015838,34.034601,-3.863305028,2.408020023,34.034601,-0.162155885,0.087803315
wheel,1780715197.708666563,43.760310888,-3.863305028,2.408020023,0.594015838,34.034601,-3.863305028,2.408020023,34.034601,-0.154048091,0.086925282
wheel,1780715197.728254557,43.779898882,-3.868433524,2.404547657,0.596328984,34.167134,-3.868433524,2.404547657,34.167134,-0.162154213,0.087236871
wheel,1780715197.748340845,43.799985170,-3.871145204,2.402704324,0.597716872,34.246654,-3.871145204,2.402704324,34.246654,-0.162212278,0.087055785
wheel,1780715197.768259764,43.819904089,-3.871145204,2.402704324,0.597716872,34.246654,-3.871145204,2.402704324,34.246654,-0.154101664,0.086185227
wheel,1780715197.788382053,43.840026379,-3.876559165,2.399003871,0.601417905,34.458708,-3.876559165,2.399003871,34.458708,-0.162695423,0.087163103
rtabmap,1780715197.797913313,44.400080681,0.611257136,-4.648254871,-2.650033668,-151.835745,3.896613207,2.606476172,-35.541749,0.194096401,-0.075220607
wheel,1780715197.808281183,43.859925508,-3.879380632,2.397062920,0.603731051,34.591241,-3.879380632,2.397062920,34.591241,-0.163166200,0.087453991
wheel,1780715197.828259230,43.879903555,-3.882078593,2.395199566,0.605118938,34.670761,-3.882078593,2.395199566,34.670761,-0.163210878,0.087273884
wheel,1780715197.848261118,43.899905443,-3.884773101,2.393331222,0.607432084,34.803295,-3.884773101,2.393331222,34.803295,-0.163247552,0.087557719
wheel,1780715197.868608952,43.920253277,-3.884773101,2.393331222,0.607432084,34.803295,-3.884773101,2.393331222,34.803295,-0.155085175,0.086682142
wheel,1780715197.888255358,43.939899683,-3.889613862,2.389954755,0.610670488,34.988842,-3.889613862,2.389954755,34.988842,-0.162349084,0.087463405
wheel,1780715197.908339500,43.959983826,-3.890863178,2.389071264,0.620385700,35.545482,-3.890863178,2.389071264,35.545482,-0.158041104,0.091426198
wheel,1780715197.928251982,43.979896307,-3.894130909,2.386751309,0.614371521,35.200895,-3.894130909,2.386751309,35.200895,-0.160201775,0.087491666
wheel,1780715197.948470592,44.000114918,-3.896570050,2.385026399,0.616684667,35.333429,-3.896570050,2.385026399,35.333429,-0.159578893,0.087760723
rtabmap,1780715197.964516640,44.566684008,0.588769376,-4.659017563,-2.666717926,-152.791682,3.916223880,2.591082784,-36.497687,0.149488047,-0.100143813
wheel,1780715197.968456745,44.020101070,-3.896570050,2.385026399,0.616684667,35.333429,-3.896570050,2.385026399,35.333429,-0.151599949,0.086883116
wheel,1780715197.988245249,44.039889574,-3.901197428,2.381726640,0.622236217,35.651509,-3.901197428,2.381726640,35.651509,-0.158379096,0.088819490
wheel,1780715198.009844542,44.061488867,-3.903444330,2.380108653,0.625937250,35.863563,-3.903444330,2.380108653,35.863563,-0.156870330,0.089644963
wheel,1780715198.028255463,44.079899788,-3.905743813,2.378439033,0.630100913,36.102123,-3.905743813,2.378439033,36.102123,-0.156743143,0.091009709
wheel,1780715198.048380375,44.100024700,-3.907918760,2.376845964,0.634264575,36.340683,-3.907918760,2.376845964,36.340683,-0.155607574,0.092169600
wheel,1780715198.068253279,44.119897604,-3.907918760,2.376845964,0.634264575,36.340683,-3.907918760,2.376845964,36.340683,-0.147827196,0.091247904
wheel,1780715198.088305235,44.139949560,-3.912364168,2.373543821,0.643517158,36.870817,-3.912364168,2.373543821,36.870817,-0.154248741,0.094951266
wheel,1780715198.108284950,44.159929276,-3.914633946,2.371834036,0.647680821,37.109378,-3.914633946,2.371834036,37.109378,-0.153650822,0.096086594
wheel,1780715198.130238056,44.181882381,-3.916838956,2.370159407,0.651381854,37.321431,-3.916838956,2.370159407,37.321431,-0.152271245,0.096810731
rtabmap,1780715198.131186485,44.733353853,0.567200363,-4.668271542,-2.700773454,-154.742920,3.934074958,2.575844756,-38.448925,0.140479073,-0.204328835
wheel,1780715198.148400784,44.200045109,-3.919037753,2.368476629,0.655082887,37.533485,-3.919037753,2.368476629,37.533485,-0.152278083,0.097879824
wheel,1780715198.168250322,44.219894648,-3.919037753,2.368476629,0.655082887,37.533485,-3.919037753,2.368476629,37.533485,-0.144664179,0.096901025
wheel,1780715198.188278198,44.239922523,-3.923530218,2.364995426,0.663410212,38.010605,-3.923530218,2.364995426,38.010605,-0.151621212,0.100090328
wheel,1780715198.208255291,44.259899616,-3.925824100,2.363197430,0.666185987,38.169645,-3.925824100,2.363197430,38.169645,-0.151333958,0.100478721
wheel,1780715198.228278637,44.279922962,-3.928226550,2.361301746,0.669887020,38.381699,-3.928226550,2.361301746,38.381699,-0.151410617,0.101322667
wheel,1780715198.248258829,44.299903154,-3.930621968,2.359397182,0.673588054,38.593753,-3.930621968,2.359397182,38.593753,-0.151497670,0.102161615
wheel,1780715198.268257618,44.319901943,-3.930621968,2.359397182,0.673588054,38.593753,-3.930621968,2.359397182,38.593753,-0.143922786,0.101139999
wheel,1780715198.288313389,44.339957714,-3.930621968,2.359397182,0.673588054,38.593753,-3.930621968,2.359397182,38.593753,-0.136726647,0.100128599
rtabmap,1780715198.298047066,44.900214434,0.541738451,-4.677986145,-2.733047414,-156.592082,3.954063467,2.557320664,-40.298086,0.162848294,-0.193419144
wheel,1780715198.308311462,44.359955788,-3.937995268,2.353450796,0.683765895,39.176900,-3.937995268,2.353450796,39.176900,-0.153597733,0.104221947
wheel,1780715198.328681469,44.380325794,-3.937995268,2.353450796,0.683765895,39.176900,-3.937995268,2.353450796,39.176900,-0.145917846,0.103179728
wheel,1780715198.348400116,44.400044441,-3.942671947,2.349616269,0.689780074,39.521487,-3.942671947,2.349616269,39.521487,-0.153953644,0.105197263
wheel,1780715198.368274689,44.419919014,-3.942671947,2.349616269,0.689780074,39.521487,-3.942671947,2.349616269,39.521487,-0.146255962,0.104145290
wheel,1780715198.388283968,44.439928293,-3.947382449,2.345708238,0.695331624,39.839567,-3.947382449,2.345708238,39.839567,-0.154236980,0.105878226
wheel,1780715198.408245564,44.459889889,-3.949561473,2.343884201,0.698570028,40.025114,-3.949561473,2.343884201,40.025114,-0.153642538,0.106441644
wheel,1780715198.428326845,44.479971170,-3.951789865,2.342005650,0.702271061,40.237168,-3.951789865,2.342005650,40.237168,-0.153220259,0.107220999
wheel,1780715198.448270321,44.499914646,-3.954067271,2.340072222,0.705509465,40.422715,-3.954067271,2.340072222,40.422715,-0.153045940,0.107771920
rtabmap,1780715198.464706659,45.066874027,0.515477061,-4.687604904,-2.760389489,-158.158668,3.974320198,2.538037357,-41.864672,0.167535022,-0.164059699
wheel,1780715198.468261003,44.519905329,-3.954067271,2.340072222,0.705509465,40.422715,-3.954067271,2.340072222,40.422715,-0.145393643,0.106694201
wheel,1780715198.488716364,44.540360689,-3.958545263,2.336227603,0.713374161,40.873329,-3.958545263,2.336227603,40.873329,-0.152549803,0.109471889
wheel,1780715198.508272648,44.559916973,-3.960634744,2.334410870,0.718000453,41.138396,-3.960634744,2.334410870,41.138396,-0.152001545,0.110742828
wheel,1780715198.528249979,44.579894304,-3.962880547,2.332440821,0.722164115,41.376956,-3.962880547,2.332440821,41.376956,-0.151879137,0.111719767
wheel,1780715198.548260689,44.599905014,-3.964899828,2.330654549,0.726327778,41.615516,-3.964899828,2.330654549,41.615516,-0.151021020,0.112683138
wheel,1780715198.568289280,44.619933605,-3.964899828,2.330654549,0.726327778,41.615516,-3.964899828,2.330654549,41.615516,-0.143469969,0.111556307
wheel,1780715198.588234901,44.639879227,-3.969024543,2.326959617,0.734655102,42.092637,-3.969024543,2.326959617,42.092637,-0.150174410,0.114614560
wheel,1780715198.608258009,44.659902334,-3.971074892,2.325098832,0.739281394,42.357704,-3.971074892,2.325098832,42.357704,-0.149580613,0.115779166
wheel,1780715198.628246546,44.679890871,-3.973170784,2.323179849,0.743445056,42.596264,-3.973170784,2.323179849,42.596264,-0.149209143,0.116704176
wheel,1780715198.648259401,44.699903727,-3.975204697,2.321301114,0.748071348,42.861331,-3.975204697,2.321301114,42.861331,-0.148666575,0.117848877
rtabmap,1780715198.664589167,45.266756535,0.487520128,-4.696033955,-2.805027038,-160.716211,3.994261404,2.516706925,-44.422215,0.145516053,-0.223318905
wheel,1780715198.668238640,44.719882965,-3.975204697,2.321301114,0.748071348,42.861331,-3.975204697,2.321301114,42.861331,-0.141233247,0.116670388
wheel,1780715198.688267946,44.739912271,-3.976763181,2.319874178,0.734655102,42.092637,-3.976763181,2.319874178,42.092637,-0.139446816,0.108804978
wheel,1780715198.708245039,44.759889364,-3.981354429,2.315609544,0.762412852,43.683039,-3.981354429,2.315609544,43.683039,-0.148158031,0.121611551
wheel,1780715198.728411436,44.780055761,-3.983404464,2.313641649,0.767501773,43.974612,-3.983404464,2.313641649,43.974612,-0.147798426,0.122919856
wheel,1780715198.748247862,44.799892187,-3.985497236,2.311613106,0.772128064,44.239679,-3.985497236,2.311613106,44.239679,-0.147752175,0.124021982
wheel,1780715198.768267393,44.819911718,-3.985497236,2.311613106,0.772128064,44.239679,-3.985497236,2.311613106,44.239679,-0.140364566,0.122781762
wheel,1780715198.788265228,44.839909554,-3.989446661,2.307731374,0.781380647,44.769813,-3.989446661,2.307731374,44.769813,-0.147192509,0.126180902
wheel,1780715198.808550358,44.860194683,-3.991407858,2.305776851,0.786006939,45.034880,-3.991407858,2.305776851,45.034880,-0.146657835,0.127199779
wheel,1780715198.828261614,44.879905939,-3.993462735,2.303709930,0.790633230,45.299947,-3.993462735,2.303709930,45.299947,-0.146717910,0.128274754
wheel,1780715198.848345280,44.899989605,-3.993462735,2.303709930,0.790633230,45.299947,-3.993462735,2.303709930,45.299947,-0.139382015,0.126992007
rtabmap,1780715198.865036011,45.467203379,0.459718496,-4.699927330,-2.853244330,-163.478858,4.010067433,2.493506525,-47.184862,0.137331024,-0.240548864
wheel,1780715198.869219542,44.920863867,-3.995508988,2.301634472,0.794334264,45.512001,-3.995508988,2.301634472,45.512001,-0.139394391,0.127495160
wheel,1780715198.888596296,44.940240622,-3.997932025,2.299112324,0.816540463,46.784322,-3.997932025,2.299112324,46.784322,-0.141453933,0.137685937
wheel,1780715198.908238649,44.959882975,-4.001645898,2.295203334,0.805437364,46.148162,-4.001645898,2.295203334,46.148162,-0.148096212,0.130660696
wheel,1780715198.928264141,44.979908466,-4.003761968,2.292992535,0.809138397,46.360215,-4.003761968,2.292992535,46.360215,-0.148339312,0.131203924
wheel,1780715198.948409081,45.000053406,-4.005869841,2.290773919,0.812839430,46.572269,-4.005869841,2.290773919,46.572269,-0.148512282,0.131727697
wheel,1780715198.968268156,45.019912481,-4.005869841,2.290773919,0.812839430,46.572269,-4.005869841,2.290773919,46.572269,-0.141086668,0.130410420
wheel,1780715198.988261461,45.039905787,-4.010211639,2.286155050,0.819778867,46.969869,-4.010211639,2.286155050,46.969869,-0.149884825,0.132577031
wheel,1780715199.008387804,45.060032129,-4.010211639,2.286155050,0.819778867,46.969869,-4.010211639,2.286155050,46.969869,-0.142390584,0.131251260
wheel,1780715199.028293610,45.079937935,-4.014521280,2.281506163,0.826718305,47.367470,-4.014521280,2.281506163,47.367470,-0.151201238,0.133426472
wheel,1780715199.048238516,45.099882841,-4.016392822,2.279465629,0.830419338,47.579523,-4.016392822,2.279465629,47.579523,-0.150577245,0.133946462
wheel,1780715199.068427563,45.120071888,-4.016392822,2.279465629,0.830419338,47.579523,-4.016392822,2.279465629,47.579523,-0.143048383,0.132606997
wheel,1780715199.088277102,45.139921427,-4.016392822,2.279465629,0.830419338,47.579523,-4.016392822,2.279465629,47.579523,-0.135895963,0.131280927
wheel,1780715199.108726978,45.160371304,-4.022548210,2.272653899,0.841522438,48.215684,-4.022548210,2.272653899,48.215684,-0.151548691,0.135397603
wheel,1780715199.128242970,45.179887295,-4.024438282,2.270531898,0.844760842,48.401231,-4.024438282,2.270531898,48.401231,-0.151251162,0.135702864
rtabmap,1780715199.131443024,45.733610392,0.419114053,-4.710091591,-2.902859210,-166.321581,4.037166871,2.461605844,-50.027586,0.156972080,-0.186237007
wheel,1780715199.148281097,45.199925423,-4.024438282,2.270531898,0.844760842,48.401231,-4.024438282,2.270531898,48.401231,-0.143688603,0.134345836
wheel,1780715199.168282270,45.219926596,-4.026417010,2.268293739,0.848924504,48.639791,-4.026417010,2.268293739,48.639791,-0.143971771,0.135083937
wheel,1780715199.188238621,45.239882946,-4.030156734,2.264014079,0.856326571,49.063898,-4.030156734,2.264014079,49.063898,-0.151010547,0.137441650
wheel,1780715199.208446503,45.260090828,-4.031200878,2.262797770,0.866504412,49.647046,-4.031200878,2.262797770,49.647046,-0.147426646,0.141104220
wheel,1780715199.228336334,45.279980659,-4.031911450,2.261967317,0.859564975,49.249445,-4.031911450,2.261967317,49.249445,-0.142803675,0.136203195
wheel,1780715199.248274803,45.299919128,-4.035746464,2.257481097,0.867429671,49.700059,-4.035746464,2.257481097,49.700059,-0.150460643,0.138784750
wheel,1780715199.270301342,45.321945667,-4.035746464,2.257481097,0.867429671,49.700059,-4.035746464,2.257481097,49.700059,-0.142937611,0.137396903
wheel,1780715199.289575100,45.341219425,-4.037932940,2.254845326,0.889173241,50.945874,-4.037932940,2.254845326,50.945874,-0.144674093,0.147303395
wheel,1780715199.308285713,45.359930038,-4.041168462,2.250902438,0.878070141,50.309713,-4.041168462,2.250902438,50.309713,-0.151071359,0.139895788
wheel,1780715199.328248262,45.379892588,-4.043072620,2.248600503,0.881308545,50.495260,-4.043072620,2.248600503,50.495260,-0.150998943,0.140118760
wheel,1780715199.348250389,45.399894714,-4.044969314,2.246292413,0.884546950,50.680807,-4.044969314,2.246292413,50.680807,-0.150917038,0.140336661
wheel,1780715199.368321657,45.419965982,-4.044969314,2.246292413,0.884546950,50.680807,-4.044969314,2.246292413,50.680807,-0.143371186,0.138933294
wheel,1780715199.389104128,45.440748453,-4.044969314,2.246292413,0.884546950,50.680807,-4.044969314,2.246292413,50.680807,-0.136202627,0.137543961
rtabmap,1780715199.397891998,46.000059366,0.379504532,-4.715325356,-2.952657454,-169.174810,4.059405230,2.428413045,-52.880815,0.149086267,-0.186896309
wheel,1780715199.408358812,45.460003138,-4.049103419,2.241201883,0.892874274,51.157928,-4.049103419,2.241201883,51.157928,-0.146418143,0.140492495
wheel,1780715199.428288937,45.479933262,-4.049103419,2.241201883,0.892874274,51.157928,-4.049103419,2.241201883,51.157928,-0.139097236,0.139087570
wheel,1780715199.448255062,45.499899387,-4.054317895,2.234642684,0.905365262,51.873608,-4.054317895,2.234642684,51.873608,-0.153130853,0.143954129
wheel,1780715199.469220161,45.520864487,-4.054317895,2.234642684,0.905365262,51.873608,-4.054317895,2.234642684,51.873608,-0.145474310,0.142514588
wheel,1780715199.488258362,45.539902687,-4.058250958,2.229578568,0.915543103,52.456756,-4.058250958,2.229578568,52.456756,-0.155040105,0.146435319
wheel,1780715199.508243084,45.559887409,-4.059801698,2.227553982,0.918781507,52.642303,-4.059801698,2.227553982,52.642303,-0.153668887,0.146591483
wheel,1780715199.528250217,45.579894543,-4.061653018,2.225117181,0.923407799,52.907370,-4.061653018,2.225117181,52.907370,-0.153632806,0.147437696
wheel,1780715199.548322439,45.599966764,-4.063318828,2.222905501,0.927108832,53.119423,-4.063318828,2.222905501,53.119423,-0.152849086,0.147807374
wheel,1780715199.568313122,45.619957447,-4.063318828,2.222905501,0.927108832,53.119423,-4.063318828,2.222905501,53.119423,-0.145206631,0.146329301
wheel,1780715199.588258982,45.639903307,-4.066931555,2.218055438,0.934048269,53.517024,-4.066931555,2.218055438,53.517024,-0.153089081,0.148341115
wheel,1780715199.608289003,45.659933329,-4.066931555,2.218055438,0.934048269,53.517024,-4.066931555,2.218055438,53.517024,-0.145434627,0.146857704
wheel,1780715199.631217718,45.682862043,-4.070508282,2.213178765,0.941912965,53.967638,-4.070508282,2.213178765,53.967638,-0.151351261,0.148819262
wheel,1780715199.648278952,45.699923277,-4.071961871,2.211172653,0.945613998,54.179691,-4.071961871,2.211172653,54.179691,-0.151044260,0.149500425
wheel,1780715199.668242931,45.719887257,-4.071961871,2.211172653,0.945613998,54.179691,-4.071961871,2.211172653,54.179691,-0.143492047,0.148005421
wheel,1780715199.688251734,45.739896059,-4.075401576,2.206376620,0.951628177,54.524278,-4.075401576,2.206376620,54.524278,-0.151063297,0.149530596
rtabmap,1780715199.698484898,46.300652266,0.335293382,-4.721868038,-3.013514979,-172.661690,4.084855492,2.391674557,-56.367694,0.148550227,-0.202458143
wheel,1780715199.708275080,45.759919405,-4.077088672,2.203999986,0.955329211,54.736332,-4.077088672,2.203999986,54.736332,-0.150788912,0.149883870
wheel,1780715199.728240252,45.779884577,-4.077088672,2.203999986,0.955329211,54.736332,-4.077088672,2.203999986,54.736332,-0.143249467,0.148385031
wheel,1780715199.748270750,45.799915075,-4.080434214,2.199226510,0.963656535,55.213452,-4.080434214,2.199226510,55.213452,-0.150640048,0.151059196
wheel,1780715199.768270731,45.819915056,-4.080434214,2.199226510,0.963656535,55.213452,-4.080434214,2.199226510,55.213452,-0.143108046,0.149548604
wheel,1780715199.788274765,45.839919090,-4.083820255,2.194303744,0.972909119,55.743586,-4.083820255,2.194303744,55.743586,-0.150885880,0.152678201
wheel,1780715199.808576107,45.860220432,-4.083820255,2.194303744,0.972909119,55.743586,-4.083820255,2.194303744,55.743586,-0.143341586,0.151151419
wheel,1780715199.828304529,45.879948854,-4.085455279,2.191890990,0.977535410,56.008653,-4.085455279,2.191890990,56.008653,-0.143558543,0.151984043
wheel,1780715199.849335432,45.900979757,-4.087322700,2.189107655,0.982161702,56.273720,-4.087322700,2.189107655,56.273720,-0.144349242,0.152663962
wheel,1780715199.870514870,45.922159195,-4.088975070,2.186618800,0.987250623,56.565294,-4.088975070,2.186618800,56.565294,-0.144184758,0.153540195
wheel,1780715199.888253212,45.939897537,-4.092207593,2.181680755,0.995115318,57.015908,-4.092207593,2.181680755,57.015908,-0.153610880,0.156438281
wheel,1780715199.908266068,45.959910393,-4.093868882,2.179110637,0.998816351,57.227961,-4.093868882,2.179110637,57.227961,-0.153576516,0.156723314
wheel,1780715199.928250790,45.979895115,-4.095599303,2.176411709,1.002517385,57.440015,-4.095599303,2.176411709,57.440015,-0.153918006,0.157007814
rtabmap,1780715199.931867123,46.534034491,0.299032569,-4.720603466,-3.064511509,-175.583576,4.099784477,2.358605369,-59.289580,0.153406307,-0.218510807
wheel,1780715199.948274851,45.999919176,-4.095599303,2.176411709,1.002517385,57.440015,-4.095599303,2.176411709,57.440015,-0.146222106,0.155437736
wheel,1780715199.971267939,46.022912264,-4.097201838,2.173890478,1.006681047,57.678575,-4.097201838,2.173890478,57.678575,-0.145408102,0.155694397
wheel,1780715199.988252401,46.039896727,-4.100455155,2.168706130,1.014083114,58.102682,-4.100455155,2.168706130,58.102682,-0.156153100,0.158494920
wheel,1780715200.008724213,46.060368538,-4.102067399,2.166104965,1.017784147,58.314736,-4.102067399,2.166104965,58.314736,-0.155820111,0.158717902
wheel,1780715200.028259516,46.079903841,-4.103668797,2.163497110,1.022410438,58.579803,-4.103668797,2.163497110,58.579803,-0.155861253,0.159498720
wheel,1780715200.048493862,46.100138187,-4.103668797,2.163497110,1.022410438,58.579803,-4.103668797,2.163497110,58.579803,-0.148068191,0.157903732
wheel,1780715200.068243742,46.119888067,-4.105259324,2.160882610,1.026111472,58.791857,-4.105259324,2.160882610,58.791857,-0.148411842,0.158198512
wheel,1780715200.088340282,46.139984608,-4.105259324,2.160882610,1.026111472,58.791857,-4.105259324,2.160882610,58.791857,-0.140991250,0.156616527
wheel,1780715200.108914137,46.160558462,-4.109926265,2.153061131,1.039527717,59.560551,-4.109926265,2.153061131,59.560551,-0.156079940,0.161572361
wheel,1780715200.128285885,46.179930210,-4.111397047,2.150544887,1.044154009,59.825618,-4.111397047,2.150544887,59.825618,-0.155797272,0.162344361
wheel,1780715200.149532318,46.201176643,-4.112856172,2.148021866,1.048780300,60.090685,-4.112856172,2.148021866,60.090685,-0.154865741,0.162898166
rtabmap,1780715200.165125608,46.767292976,0.260258079,-4.723237991,-3.115555279,-178.508168,4.119322632,2.325009800,-62.214173,0.166605920,-0.218829200
wheel,1780715200.168452501,46.220096827,-4.112856172,2.148021866,1.048780300,60.090685,-4.112856172,2.148021866,60.090685,-0.147122454,0.161269184
wheel,1780715200.189013958,46.240658283,-4.115704453,2.143019680,1.057570254,60.594312,-4.115704453,2.143019680,60.594312,-0.153761275,0.163930616
wheel,1780715200.208328724,46.259973049,-4.115704453,2.143019680,1.057570254,60.594312,-4.115704453,2.143019680,60.594312,-0.146073212,0.162291310
wheel,1780715200.228253841,46.279898167,-4.119000126,2.137098734,1.068210725,61.203966,-4.119000126,2.137098734,61.203966,-0.155772492,0.166008115
wheel,1780715200.248377800,46.300022125,-4.119980391,2.135309467,1.070986500,61.363006,-4.119980391,2.135309467,61.363006,-0.153061719,0.165729763
wheel,1780715200.268664837,46.320309162,-4.119980391,2.135309467,1.070986500,61.363006,-4.119980391,2.135309467,61.363006,-0.145408634,0.164072465
wheel,1780715200.288288832,46.339933157,-4.122960650,2.129797234,1.079313825,61.840127,-4.122960650,2.129797234,61.840127,-0.154111520,0.166677141
wheel,1780715200.308262587,46.359906912,-4.124330183,2.127224480,1.083940116,62.105194,-4.124330183,2.127224480,62.105194,-0.153698185,0.167325366
wheel,1780715200.328242064,46.379886389,-4.125756932,2.124517124,1.087641150,62.317248,-4.125756932,2.124517124,62.317248,-0.153671316,0.167504397
wheel,1780715200.348500252,46.400144577,-4.127206740,2.121739585,1.091804812,62.555808,-4.127206740,2.121739585,62.555808,-0.153722722,0.167885160
wheel,1780715200.368972063,46.420616388,-4.127206740,2.121739585,1.091804812,62.555808,-4.127206740,2.121739585,62.555808,-0.146036586,0.166206308
wheel,1780715200.388975143,46.440619469,-4.129938356,2.116425720,1.100132137,63.032928,-4.129938356,2.116425720,63.032928,-0.153669595,0.168707267
rtabmap,1780715200.398243189,47.000410557,0.224803150,-4.720925331,3.115221029,178.489017,4.132954983,2.292198835,-65.216987,0.151780501,-0.224817857
wheel,1780715200.408241987,46.459886312,-4.131319820,2.113694979,1.104758429,63.297995,-4.131319820,2.113694979,63.297995,-0.153927584,0.169421242
wheel,1780715200.428287029,46.479931355,-4.132688635,2.110957876,1.109384720,63.563062,-4.132688635,2.110957876,63.563062,-0.153865015,0.170035060
wheel,1780715200.448618650,46.500262976,-4.134044773,2.108214470,1.114011012,63.828129,-4.134044773,2.108214470,63.828129,-0.153718591,0.170616441
wheel,1780715200.468276024,46.519920349,-4.134044773,2.108214470,1.114011012,63.828129,-4.134044773,2.108214470,63.828129,-0.146032662,0.168910277
wheel,1780715200.490770578,46.542414904,-4.136525534,2.103101071,1.124188853,64.411277,-4.136525534,2.103101071,64.411277,-0.151366005,0.171746522
wheel,1780715200.508240938,46.559885263,-4.136525534,2.103101071,1.124188853,64.411277,-4.136525534,2.103101071,64.411277,-0.143797704,0.170029057
wheel,1780715200.529442549,46.581086874,-4.138829580,2.098226195,1.134366695,64.994424,-4.138829580,2.098226195,64.994424,-0.149324415,0.173129540
wheel,1780715200.548325777,46.599970102,-4.138829580,2.098226195,1.134366695,64.994424,-4.138829580,2.098226195,64.994424,-0.141858194,0.171398244
wheel,1780715200.568350554,46.619994879,-4.139993015,2.095713652,1.139918245,65.312504,-4.139993015,2.095713652,65.312504,-0.141679796,0.172456999
wheel,1780715200.589501619,46.641145945,-4.142581250,2.090006840,1.150096086,65.895652,-4.142581250,2.090006840,65.895652,-0.149405197,0.175543157
rtabmap,1780715200.598535061,47.200702429,0.196186215,-4.717992306,3.062821142,175.486725,4.143002080,2.265243549,-68.219279,0.143212587,-0.261617571
wheel,1780715200.608303308,46.659947634,-4.142581250,2.090006840,1.150096086,65.895652,-4.142581250,2.090006840,65.895652,-0.141934937,0.173787726
wheel,1780715200.628252745,46.679897070,-4.145200898,2.084074604,1.159811298,66.452292,-4.145200898,2.084074604,66.452292,-0.151086299,0.176918196
wheel,1780715200.648345232,46.699989557,-4.146446651,2.081199753,1.163974961,66.690853,-4.146446651,2.081199753,66.690853,-0.151329929,0.177221557
wheel,1780715200.668250322,46.719894648,-4.146446651,2.081199753,1.163974961,66.690853,-4.146446651,2.081199753,66.690853,-0.143763433,0.175449342
wheel,1780715200.688253880,46.739898205,-4.149244833,2.074630164,1.172302286,67.167973,-4.149244833,2.074630164,67.167973,-0.154423364,0.177857671
wheel,1780715200.708400965,46.760045290,-4.149244833,2.074630164,1.172302286,67.167973,-4.149244833,2.074630164,67.167973,-0.146702195,0.176079094
wheel,1780715200.728285074,46.779929399,-4.151958708,2.068104145,1.181092240,67.671601,-4.151958708,2.068104145,67.671601,-0.157135563,0.178737889
wheel,1780715200.748300314,46.799944639,-4.151958708,2.068104145,1.181092240,67.671601,-4.151958708,2.068104145,67.671601,-0.149278785,0.176950510
wheel,1780715200.769621134,46.821265459,-4.153279964,2.064865840,1.185718531,67.936668,-4.153279964,2.064865840,67.936668,-0.150015675,0.177350536
wheel,1780715200.788253784,46.839898109,-4.155953991,2.058166227,1.196359002,68.546322,-4.155953991,2.058166227,68.546322,-0.161871914,0.181287616
wheel,1780715200.808240414,46.859884739,-4.157249841,2.054839351,1.202373181,68.890909,-4.157249841,2.054839351,68.890909,-0.162709395,0.182483590
wheel,1780715200.828245640,46.879889965,-4.158525659,2.051504741,1.208387360,69.235496,-4.158525659,2.051504741,69.235496,-0.163498190,0.183665309
wheel,1780715200.848284960,46.899929285,-4.159832654,2.048026102,1.214401539,69.580083,-4.159832654,2.048026102,69.580083,-0.164595665,0.184829988
rtabmap,1780715200.865000486,47.467167854,0.146238267,-4.710493565,2.993787082,171.531365,4.158405016,2.217141802,-72.174640,0.189079329,-0.259073079
wheel,1780715200.868264437,46.919908762,-4.159832654,2.048026102,1.214401539,69.580083,-4.159832654,2.048026102,69.580083,-0.156365881,0.182981688
wheel,1780715200.890713215,46.942357540,-4.159832654,2.048026102,1.214401539,69.580083,-4.159832654,2.048026102,69.580083,-0.148547587,0.181151871
wheel,1780715200.908246279,46.959890604,-4.163843373,2.036924384,1.233831964,70.693364,-4.163843373,2.036924384,70.693364,-0.174790515,0.190425227
wheel,1780715200.928254604,46.979898930,-4.164894957,2.033895731,1.239383513,71.011445,-4.164894957,2.033895731,71.011445,-0.174060891,0.191294967
wheel,1780715200.948420525,47.000064850,-4.166117847,2.030309570,1.244935063,71.329525,-4.166117847,2.030309570,71.329525,-0.174752909,0.192135149
wheel,1780715200.968371153,47.020015478,-4.166117847,2.030309570,1.244935063,71.329525,-4.166117847,2.030309570,71.329525,-0.166015263,0.190213798
wheel,1780715200.988260269,47.039904594,-4.168500491,2.023116028,1.256963421,72.018699,-4.168500491,2.023116028,72.018699,-0.176755424,0.194356397
wheel,1780715201.008287668,47.059931993,-4.169683303,2.019439830,1.262052342,72.310273,-4.169683303,2.019439830,72.310273,-0.177558019,0.194953571
wheel,1780715201.028399944,47.080044270,-4.169683303,2.019439830,1.262052342,72.310273,-4.169683303,2.019439830,72.310273,-0.168680118,0.193004035
wheel,1780715201.048282862,47.099927187,-4.171962502,2.012136480,1.274543329,73.025954,-4.171962502,2.012136480,73.025954,-0.179484413,0.197355889
wheel,1780715201.069905758,47.121550083,-4.171962502,2.012136480,1.274543329,73.025954,-4.171962502,2.012136480,73.025954,-0.170510193,0.195382330
wheel,1780715201.089251518,47.140895844,-4.174290726,2.004314864,1.288422204,73.821155,-4.174290726,2.004314864,73.821155,-0.183076847,0.200602712
wheel,1780715201.108319521,47.159963846,-4.174290726,2.004314864,1.288422204,73.821155,-4.174290726,2.004314864,73.821155,-0.173923004,0.198596685
wheel,1780715201.128241301,47.179885626,-4.176104357,1.997937088,1.299062675,74.430809,-4.176104357,1.997937088,74.430809,-0.181865733,0.201950948
wheel,1780715201.148301840,47.199946165,-4.176104357,1.997937088,1.299062675,74.430809,-4.176104357,1.997937088,74.430809,-0.172772447,0.199931439
wheel,1780715201.168249369,47.219893694,-4.177090988,1.994354390,1.305076854,74.775396,-4.177090988,1.994354390,74.775396,-0.173446319,0.200946439
wheel,1780715201.188331127,47.239975452,-4.178982463,1.987242342,1.316642583,75.438063,-4.178982463,1.987242342,75.438063,-0.183098587,0.204696706
wheel,1780715201.208560467,47.260204792,-4.179887037,1.983713222,1.323119391,75.809157,-4.179887037,1.983713222,75.809157,-0.182948306,0.205851391
wheel,1780715201.228244781,47.279889107,-4.180770370,1.980178726,1.328670941,76.127237,-4.180770370,1.980178726,76.127237,-0.183055644,0.206613374
rtabmap,1780715201.231978178,47.834145546,0.076180704,-4.692880154,2.878967972,164.952714,4.173647921,2.146530554,-78.753290,0.195890918,-0.312877834
wheel,1780715201.248221636,47.299865961,-4.181345429,1.977769014,1.344400332,77.028465,-4.181345429,1.977769014,77.028465,-0.180103041,0.212420484
wheel,1780715201.271365166,47.323009491,-4.181679107,1.976350448,1.335147749,76.498331,-4.181679107,1.976350448,76.498331,-0.174246246,0.206298366
wheel,1780715201.288249254,47.339893579,-4.183459017,1.968759883,1.345788220,77.107985,-4.183459017,1.968759883,77.107985,-0.188626028,0.210538520
wheel,1780715201.309119701,47.360764027,-4.184164201,1.965632379,1.352265028,77.479079,-4.184164201,1.965632379,77.479079,-0.186874614,0.211536120
wheel,1780715201.328294039,47.379938364,-4.184957239,1.962001916,1.359204465,77.876679,-4.184957239,1.962001916,77.876679,-0.187223387,0.213040741
wheel,1780715201.348471880,47.400116205,-4.184957239,1.962001916,1.359204465,77.876679,-4.184957239,1.962001916,77.876679,-0.177862218,0.210910334
wheel,1780715201.368254185,47.419898510,-4.185726745,1.958366394,1.365218644,78.221266,-4.185726745,1.958366394,78.221266,-0.178361287,0.211841339
wheel,1780715201.388295174,47.439939499,-4.187167910,1.951223929,1.378172261,78.963454,-4.187167910,1.951223929,78.963454,-0.187625666,0.216187794
wheel,1780715201.408410549,47.460054874,-4.187868325,1.947574465,1.384186440,79.308041,-4.187868325,1.947574465,79.308041,-0.187483021,0.217016325
wheel,1780715201.428240776,47.479885101,-4.188598168,1.943633959,1.391125877,79.705642,-4.188598168,1.943633959,79.705642,-0.188208479,0.218343862
wheel,1780715201.448207617,47.499851942,-4.188598168,1.943633959,1.391125877,79.705642,-4.188598168,1.943633959,79.705642,-0.178798055,0.216160423
wheel,1780715201.468240023,47.519884348,-4.189215224,1.940191346,1.395752169,79.970709,-4.189215224,1.940191346,79.970709,-0.178587283,0.216308113
wheel,1780715201.488245010,47.539889336,-4.190493475,1.932722068,1.406855269,80.606869,-4.190493475,1.932722068,80.606869,-0.188598085,0.219695264
wheel,1780715201.508263588,47.559907913,-4.191090636,1.929054294,1.411944189,80.898443,-4.191090636,1.929054294,80.898443,-0.188449842,0.220040440
wheel,1780715201.529061317,47.580705643,-4.191691809,1.925239577,1.417033110,81.190017,-4.191691809,1.925239577,81.190017,-0.188312061,0.220287040
wheel,1780715201.548255682,47.599900007,-4.192307425,1.921205895,1.421659402,81.455084,-4.192307425,1.921205895,81.455084,-0.189524139,0.220494074
wheel,1780715201.569376230,47.621020555,-4.192307425,1.921205895,1.421659402,81.455084,-4.192307425,1.921205895,81.455084,-0.180047932,0.218289134
wheel,1780715201.589141369,47.640785694,-4.193607919,1.912412119,1.426285693,81.720151,-4.193607919,1.912412119,81.720151,-0.193530988,0.218446648
rtabmap,1780715201.598499537,48.200666904,0.007955678,-4.665790558,2.774346828,158.958364,4.179583342,2.073364502,-84.747640,0.198947892,-0.285443574
wheel,1780715201.608271837,47.659916162,-4.194140511,1.908734414,1.427673581,81.799671,-4.194140511,1.908734414,81.799671,-0.193573172,0.216988138
wheel,1780715201.629573822,47.681218147,-4.194140511,1.908734414,1.427673581,81.799671,-4.194140511,1.908734414,81.799671,-0.183894513,0.214818256
wheel,1780715201.648282528,47.699926853,-4.194775498,1.904335297,1.427210951,81.773164,-4.194775498,1.904335297,81.773164,-0.185871368,0.212437514
wheel,1780715201.668257236,47.719901562,-4.195454292,1.899648026,1.426748322,81.746657,-4.195454292,1.899648026,81.746657,-0.188432924,0.210081537
wheel,1780715201.688555956,47.740200281,-4.195454292,1.899648026,1.426748322,81.746657,-4.195454292,1.899648026,81.746657,-0.179011278,0.207980722
wheel,1780715201.708263159,47.759907484,-4.197418403,1.886238383,1.423972547,81.587617,-4.197418403,1.886238383,81.587617,-0.204447575,0.204492339
wheel,1780715201.728503942,47.780148268,-4.198038605,1.882058022,1.423047289,81.534604,-4.198038605,1.882058022,81.534604,-0.204663699,0.201990338
wheel,1780715201.748260260,47.799904585,-4.198682193,1.877733808,1.423047289,81.534604,-4.198682193,1.877733808,81.534604,-0.205496140,0.199970435
wheel,1780715201.768252850,47.819897175,-4.198682193,1.877733808,1.423047289,81.534604,-4.198682193,1.877733808,81.534604,-0.195221333,0.197970730
wheel,1780715201.788262367,47.839906693,-4.199960627,1.869157746,1.422584660,81.508097,-4.199960627,1.869157746,81.508097,-0.207127281,0.195759816
wheel,1780715201.808260202,47.859904528,-4.200582763,1.864977672,1.423509918,81.561110,-4.200582763,1.864977672,81.561110,-0.207336472,0.194264858
wheel,1780715201.828285456,47.879929781,-4.201214641,1.860725382,1.423047289,81.534604,-4.201214641,1.860725382,81.534604,-0.207704060,0.192091176
wheel,1780715201.849200249,47.900844574,-4.201825100,1.856617237,1.423509918,81.561110,-4.201825100,1.856617237,81.561110,-0.207248408,0.190391474
wheel,1780715201.868238211,47.919882536,-4.201825100,1.856617237,1.423509918,81.561110,-4.201825100,1.856617237,81.561110,-0.196885988,0.188487559
wheel,1780715201.889264822,47.940909147,-4.203074246,1.848184151,1.423972547,81.587617,-4.203074246,1.848184151,81.587617,-0.207313624,0.186822702
rtabmap,1780715201.898297787,48.500465155,-0.055237152,-4.644402504,2.777315656,159.128465,4.188401234,2.007235633,-84.577539,0.222344697,0.009902644
wheel,1780715201.909224272,47.960868597,-4.203680903,1.844075443,1.424435177,81.614124,-4.203680903,1.844075443,81.614124,-0.207352170,0.185186259
wheel,1780715201.928394079,47.980038404,-4.203680903,1.844075443,1.424435177,81.614124,-4.203680903,1.844075443,81.614124,-0.196984562,0.183334396
wheel,1780715201.948846817,48.000491142,-4.204306879,1.839822280,1.424897806,81.640631,-4.204306879,1.839822280,81.640631,-0.197643904,0.181727226
wheel,1780715201.969248533,48.020892859,-4.205078957,1.834559534,1.425360435,81.667137,-4.205078957,1.834559534,81.667137,-0.200798484,0.180136729
wheel,1780715201.988276243,48.039920568,-4.206266554,1.826411990,1.426748322,81.746657,-4.206266554,1.826411990,81.746657,-0.212390962,0.179064646
wheel,1780715202.008997917,48.060642242,-4.206799146,1.822734285,1.427210951,81.773164,-4.206799146,1.822734285,81.773164,-0.210738140,0.177497261
wheel,1780715202.028273821,48.079918146,-4.206799146,1.822734285,1.427210951,81.773164,-4.206799146,1.822734285,81.773164,-0.200201233,0.175722289
wheel,1780715202.048274279,48.099918604,-4.207434133,1.818335167,1.427673581,81.799671,-4.207434133,1.818335167,81.799671,-0.201302956,0.174196380
wheel,1780715202.068250656,48.119894981,-4.208085735,1.813791212,1.429061468,81.879191,-4.208085735,1.813791212,81.879191,-0.202726788,0.173149140
wheel,1780715202.088235855,48.139880180,-4.209353807,1.804919091,1.428598839,81.852684,-4.209353807,1.804919091,81.852684,-0.215012215,0.171186168
wheel,1780715202.108252048,48.159896374,-4.209996101,1.800447410,1.427673581,81.799671,-4.209996101,1.800447410,81.799671,-0.215546671,0.169012040
wheel,1780715202.128292084,48.179936409,-4.209996101,1.800447410,1.427673581,81.799671,-4.209996101,1.800447410,81.799671,-0.204769337,0.167321920
rtabmap,1780715202.131473064,48.733640432,-0.103707209,-4.625357628,2.774272898,158.954128,4.192798010,1.955344187,-84.751876,0.223328218,-0.013049111
wheel,1780715202.148283720,48.199928045,-4.210627017,1.796047707,1.429061468,81.879191,-4.210627017,1.796047707,81.879191,-0.205645305,0.166342810
wheel,1780715202.168435097,48.220079422,-4.211253862,1.791647422,1.429524097,81.905697,-4.211253862,1.791647422,81.905697,-0.206400484,0.164909150
wheel,1780715202.188275337,48.239919662,-4.212444458,1.783205871,1.431837243,82.038231,-4.212444458,1.783205871,82.038231,-0.217548055,0.164425034
wheel,1780715202.208283663,48.259927988,-4.213016880,1.779092254,1.433225131,82.117751,-4.213016880,1.779092254,82.117751,-0.217056766,0.163474927
wheel,1780715202.228307009,48.279951334,-4.213583592,1.774977846,1.434613018,82.197271,-4.213583592,1.774977846,82.197271,-0.216570512,0.162533015
wheel,1780715202.248274803,48.299919128,-4.214162307,1.770717995,1.436926164,82.329805,-4.214162307,1.770717995,82.329805,-0.216503818,0.162065805
wheel,1780715202.268682957,48.320327282,-4.214162307,1.770717995,1.436926164,82.329805,-4.214162307,1.770717995,82.329805,-0.205678627,0.160445147
wheel,1780715202.288245201,48.339889526,-4.215221408,1.762699724,1.442015085,82.621378,-4.215221408,1.762699724,82.621378,-0.216063173,0.161441619
wheel,1780715202.308308363,48.359952688,-4.215748122,1.758580005,1.445253489,82.806925,-4.215748122,1.758580005,82.806925,-0.215610706,0.161441346
wheel,1780715202.328387499,48.380031824,-4.216235376,1.754675631,1.448029264,82.965965,-4.216235376,1.754675631,82.965965,-0.214629218,0.161209514
wheel,1780715202.348861456,48.400505781,-4.216719692,1.750697479,1.451267668,83.151512,-4.216719692,1.750697479,83.151512,-0.213683388,0.161178935
wheel,1780715202.368308306,48.419952631,-4.216719692,1.750697479,1.451267668,83.151512,-4.216719692,1.750697479,83.151512,-0.202999219,0.159567146
wheel,1780715202.388275862,48.439920187,-4.217612298,1.743025637,1.458669734,83.575619,-4.217612298,1.743025637,83.575619,-0.212189616,0.161678521
wheel,1780715202.408314466,48.459958792,-4.218013243,1.739404562,1.462370767,83.787673,-4.218013243,1.739404562,83.787673,-0.210670709,0.161908710
wheel,1780715202.429001808,48.480646133,-4.218013243,1.739404562,1.462370767,83.787673,-4.218013243,1.739404562,83.787673,-0.200137173,0.160289623
rtabmap,1780715202.431529760,49.033697128,-0.162334979,-4.602086067,2.738846025,156.924318,4.197905058,1.892473694,-86.781686,0.210207313,-0.118067175
wheel,1780715202.448260307,48.499904633,-4.218854769,1.731433812,1.468847576,84.158767,-4.218854769,1.731433812,84.158767,-0.210929912,0.162048278
wheel,1780715202.468256950,48.519901276,-4.218854769,1.731433812,1.468847576,84.158767,-4.218854769,1.731433812,84.158767,-0.200383416,0.160427795
wheel,1780715202.488258839,48.539903164,-4.219630292,1.723602797,1.475324384,84.529861,-4.219630292,1.723602797,84.529861,-0.210035693,0.162061615
wheel,1780715202.508713245,48.560357571,-4.219993979,1.719758163,1.477637530,84.662394,-4.219993979,1.719758163,84.662394,-0.208980968,0.161572722
wheel,1780715202.528534651,48.580178976,-4.219993979,1.719758163,1.477637530,84.662394,-4.219993979,1.719758163,84.662394,-0.198531919,0.159956995
wheel,1780715202.550896168,48.602540493,-4.220722131,1.711703093,1.483651709,85.006981,-4.220722131,1.711703093,85.006981,-0.206693437,0.161047492
wheel,1780715202.568235874,48.619880199,-4.220722131,1.711703093,1.483651709,85.006981,-4.220722131,1.711703093,85.006981,-0.196358765,0.159437017
wheel,1780715202.588250875,48.639895201,-4.221389579,1.703789003,1.489665888,85.351568,-4.221389579,1.703789003,85.351568,-0.206384010,0.160847876
wheel,1780715202.608819485,48.660463810,-4.221389579,1.703789003,1.489665888,85.351568,-4.221389579,1.703789003,85.351568,-0.196064810,0.159239398
wheel,1780715202.628418446,48.680062771,-4.222013256,1.695798254,1.496142696,85.722662,-4.222013256,1.695798254,85.722662,-0.206687096,0.160948099
wheel,1780715202.651862860,48.703507185,-4.222013256,1.695798254,1.496142696,85.722662,-4.222013256,1.695798254,85.722662,-0.196352741,0.159338618
wheel,1780715202.668280840,48.719925165,-4.222153364,1.694055138,1.485039596,85.086501,-4.222153364,1.694055138,85.086501,-0.191861093,0.150982070
wheel,1780715202.688275337,48.739919662,-4.222942517,1.683665500,1.504932650,86.226289,-4.222942517,1.683665500,86.226289,-0.208323188,0.159421158
rtabmap,1780715202.698434830,49.300602198,-0.213437885,-4.579559326,2.697451332,154.552577,4.200346519,1.836679425,-89.153428,0.209225520,-0.155091375
wheel,1780715202.708259583,48.759903908,-4.223205421,1.679593589,1.507708425,86.385329,-4.223205421,1.679593589,86.385329,-0.208116044,0.159215928
wheel,1780715202.728421926,48.780066252,-4.223205421,1.679593589,1.507708425,86.385329,-4.223205421,1.679593589,86.385329,-0.197710242,0.157623769
wheel,1780715202.748273611,48.799917936,-4.223736490,1.670866041,1.512334716,86.650396,-4.223736490,1.670866041,86.650396,-0.209855474,0.158378827
wheel,1780715202.770302296,48.821946621,-4.223736490,1.670866041,1.512334716,86.650396,-4.223736490,1.670866041,86.650396,-0.199362700,0.156795039
wheel,1780715202.788248539,48.839892864,-4.224185242,1.662644637,1.520199412,87.101010,-4.224185242,1.662644637,87.101010,-0.212322424,0.159607182
wheel,1780715202.809241295,48.860885620,-4.224185242,1.662644637,1.520199412,87.101010,-4.224185242,1.662644637,87.101010,-0.201706303,0.158011110
wheel,1780715202.829971075,48.881615400,-4.224519987,1.655511806,1.527601479,87.525118,-4.224519987,1.655511806,87.525118,-0.208845222,0.160001945
wheel,1780715202.848248720,48.899893045,-4.224672723,1.651798878,1.531765141,87.763678,-4.224672723,1.651798878,87.763678,-0.208568041,0.160679815
wheel,1780715202.868376493,48.920020819,-4.224672723,1.651798878,1.531765141,87.763678,-4.224672723,1.651798878,87.763678,-0.198139639,0.159073017
wheel,1780715202.888441324,48.940085649,-4.224672723,1.651798878,1.531765141,87.763678,-4.224672723,1.651798878,87.763678,-0.188232657,0.157482286
wheel,1780715202.908280611,48.959924936,-4.225061670,1.639855498,1.544718758,88.505865,-4.225061670,1.639855498,88.505865,-0.208936221,0.162436503
wheel,1780715202.928256512,48.979900837,-4.225149630,1.636359128,1.546569274,88.611892,-4.225149630,1.636359128,88.611892,-0.207241038,0.161738237
wheel,1780715202.948341370,48.999985695,-4.225237667,1.632425452,1.550270307,88.823946,-4.225237667,1.632425452,88.823946,-0.206674893,0.161963706
wheel,1780715202.968322515,49.019966841,-4.225237667,1.632425452,1.550270307,88.823946,-4.225237667,1.632425452,88.823946,-0.196341148,0.160344069
wheel,1780715202.988284588,49.039928913,-4.225373702,1.624557306,1.556747116,89.195039,-4.225373702,1.624557306,89.195039,-0.206226539,0.161983829
rtabmap,1780715202.998185158,49.600352526,-0.264576912,-4.550024509,2.643840366,151.480895,4.196521011,1.777748356,-92.225110,0.196390674,-0.178852171
wheel,1780715203.008341074,49.059985399,-4.225419916,1.620695785,1.560910778,89.433600,-4.225419916,1.620695785,89.433600,-0.205543086,0.162440082
wheel,1780715203.028251171,49.079895496,-4.225450360,1.616906975,1.564611811,89.645653,-4.225450360,1.616906975,89.645653,-0.204780352,0.162674420
wheel,1780715203.048793316,49.100437641,-4.225450360,1.616906975,1.564611811,89.645653,-4.225450360,1.616906975,89.645653,-0.194541334,0.161047676
wheel,1780715203.068291187,49.119935513,-4.225467413,1.612972351,1.568312845,89.857707,-4.225467413,1.612972351,89.857707,-0.194906958,0.161335883
wheel,1780715203.090060472,49.141704798,-4.225467413,1.612972351,1.568312845,89.857707,-4.225467413,1.612972351,89.857707,-0.185161610,0.159722524
wheel,1780715203.110110521,49.161754847,-4.225423281,1.601241315,1.580803832,90.573388,-4.225423281,1.601241315,90.573388,-0.205157423,0.164355055
wheel,1780715203.128266573,49.179910898,-4.225378382,1.597379779,1.584042236,90.758935,-4.225378382,1.597379779,90.758935,-0.205533448,0.164494967
wheel,1780715203.148805141,49.200449467,-4.225378382,1.597379779,1.584042236,90.758935,-4.225378382,1.597379779,90.758935,-0.195256776,0.162850017
wheel,1780715203.168784618,49.220428944,-4.225318985,1.593445566,1.587743269,90.970988,-4.225318985,1.593445566,90.970988,-0.195338344,0.163073492
wheel,1780715203.189072609,49.240716934,-4.225153502,1.585432225,1.595145336,91.395095,-4.225153502,1.585432225,91.395095,-0.205325776,0.165091468
wheel,1780715203.208338499,49.259982824,-4.225153502,1.585432225,1.595145336,91.395095,-4.225153502,1.585432225,91.395095,-0.195059488,0.163440554
wheel,1780715203.228244305,49.279888630,-4.224940455,1.577711570,1.601622144,91.766189,-4.224940455,1.577711570,91.766189,-0.204678329,0.165055090
wheel,1780715203.248312950,49.299957275,-4.224815181,1.573851805,1.604860548,91.951736,-4.224815181,1.573851805,91.951736,-0.204064967,0.165018049
wheel,1780715203.268459320,49.320103645,-4.224815181,1.573851805,1.604860548,91.951736,-4.224815181,1.573851805,91.951736,-0.193861719,0.163367869
wheel,1780715203.288251162,49.339895487,-4.224526222,1.566060704,1.610874727,92.296323,-4.224526222,1.566060704,92.296323,-0.203864773,0.164772906
rtabmap,1780715203.298526049,49.900693417,-0.316948235,-4.516546726,2.587652968,148.261594,4.189706382,1.715965848,-95.444410,0.206433639,-0.187078789
wheel,1780715203.308241129,49.359885454,-4.224363456,1.562202339,1.615038389,92.534883,-4.224363456,1.562202339,92.534883,-0.203330296,0.165207929
wheel,1780715203.328256607,49.379900932,-4.224182162,1.558271857,1.618739423,92.746937,-4.224182162,1.558271857,92.746937,-0.202994232,0.165405200
wheel,1780715203.348327875,49.399972200,-4.223986322,1.554342073,1.622440456,92.958991,-4.223986322,1.554342073,92.958991,-0.202650789,0.165595948
wheel,1780715203.368277788,49.419922113,-4.223986322,1.554342073,1.622440456,92.958991,-4.223986322,1.554342073,92.958991,-0.192518249,0.163939989
wheel,1780715203.388252735,49.439897060,-4.223548819,1.546411946,1.629379893,93.356591,-4.223548819,1.546411946,93.356591,-0.202767249,0.165773706
wheel,1780715203.408275604,49.459919930,-4.223321727,1.542629825,1.632155668,93.515631,-4.223321727,1.542629825,93.515631,-0.202092879,0.165502635
wheel,1780715203.429106712,49.480751038,-4.223067655,1.538630362,1.636319331,93.754192,-4.223067655,1.538630362,93.754192,-0.201605231,0.165845945
wheel,1780715203.448297501,49.499941826,-4.223067655,1.538630362,1.636319331,93.754192,-4.223067655,1.538630362,93.754192,-0.191524970,0.164187486
wheel,1780715203.470340729,49.521985054,-4.222804580,1.534704505,1.639095106,93.913232,-4.222804580,1.534704505,93.913232,-0.190877749,0.163805438
wheel,1780715203.488542795,49.540187120,-4.222804580,1.534704505,1.639095106,93.913232,-4.222804580,1.534704505,93.913232,-0.181333861,0.162167384
wheel,1780715203.508267164,49.559911489,-4.221931384,1.522713682,1.647885060,94.416859,-4.221931384,1.522713682,94.416859,-0.202748040,0.165002750
wheel,1780715203.528258801,49.579903126,-4.221624181,1.518864123,1.652973980,94.708433,-4.221624181,1.518864123,94.708433,-0.202267212,0.165897731
wheel,1780715203.548349142,49.599993467,-4.221306179,1.515088559,1.656675014,94.920486,-4.221306179,1.515088559,94.920486,-0.201587619,0.166081736
rtabmap,1780715203.565339804,50.167507172,-0.362770855,-4.486164093,2.537520678,145.389225,4.182765731,1.661425548,-98.316779,0.205959991,-0.187892944
wheel,1780715203.568236113,49.619880438,-4.221306179,1.515088559,1.656675014,94.920486,-4.221306179,1.515088559,94.920486,-0.191508238,0.164420919
wheel,1780715203.588270426,49.639914751,-4.220589153,1.507105646,1.664077080,95.344593,-4.220589153,1.507105646,95.344593,-0.201937085,0.166471580
wheel,1780715203.608283520,49.659927845,-4.220589153,1.507105646,1.664077080,95.344593,-4.220589153,1.507105646,95.344593,-0.191840230,0.164806864
wheel,1780715203.628365517,49.680009842,-4.219813057,1.499128259,1.671479147,95.768701,-4.219813057,1.499128259,95.768701,-0.202205213,0.166844936
wheel,1780715203.648561954,49.700206280,-4.219813057,1.499128259,1.671479147,95.768701,-4.219813057,1.499128259,95.768701,-0.192094952,0.165176487
wheel,1780715203.668544769,49.720189095,-4.219418676,1.495286652,1.674717551,95.954248,-4.219418676,1.495286652,95.954248,-0.192152885,0.165145297
wheel,1780715203.688407421,49.740051746,-4.218577015,1.487462470,1.681194359,96.325341,-4.218577015,1.487462470,96.325341,-0.202355773,0.166754837
wheel,1780715203.708266020,49.759910345,-4.218145331,1.483624876,1.684432763,96.510888,-4.218145331,1.483624876,96.510888,-0.201961804,0.166718118
wheel,1780715203.728287220,49.779931545,-4.217691939,1.479716425,1.688133796,96.722942,-4.217691939,1.479716425,96.722942,-0.201688196,0.166899164
wheel,1780715203.748338699,49.799983025,-4.217224084,1.475809678,1.691834830,96.934995,-4.217224084,1.475809678,96.934995,-0.201415651,0.167076026
wheel,1780715203.768297911,49.819942236,-4.217224084,1.475809678,1.691834830,96.934995,-4.217224084,1.475809678,96.934995,-0.191344868,0.165405265
wheel,1780715203.788978815,49.840623140,-4.217224084,1.475809678,1.691834830,96.934995,-4.217224084,1.475809678,96.934995,-0.181777625,0.163751213
wheel,1780715203.808234453,49.859878778,-4.215777176,1.464461888,1.703400559,97.597663,-4.215777176,1.464461888,97.597663,-0.202386098,0.168118625
wheel,1780715203.828251123,49.879895449,-4.215249735,1.460562739,1.707101592,97.809716,-4.215249735,1.460562739,97.809716,-0.202095956,0.168286547
rtabmap,1780715203.832026958,50.434194326,-0.407127082,-4.453331947,2.486375080,142.458798,4.172979433,1.607114840,-101.247206,0.206815317,-0.191781074
wheel,1780715203.849199533,49.900843859,-4.214707866,1.456665569,1.710802625,98.021770,-4.214707866,1.456665569,98.021770,-0.201400032,0.168373722
wheel,1780715203.868263721,49.919908047,-4.214707866,1.456665569,1.710802625,98.021770,-4.214707866,1.456665569,98.021770,-0.191330031,0.166689985
wheel,1780715203.888296366,49.939940691,-4.213584479,1.448876844,1.717279433,98.392864,-4.213584479,1.448876844,98.392864,-0.201425836,0.168259679
wheel,1780715203.912072420,49.963716745,-4.213584479,1.448876844,1.717279433,98.392864,-4.213584479,1.448876844,98.392864,-0.191354544,0.166577082
wheel,1780715203.928246975,49.979891300,-4.213014626,1.445057323,1.720517837,98.578411,-4.213014626,1.445057323,98.578411,-0.193742317,0.166916426
wheel,1780715203.948583841,50.000228167,-4.211780469,1.437064125,1.727457275,98.976011,-4.211780469,1.437064125,98.976011,-0.203918171,0.168655751
wheel,1780715203.968278170,50.019922495,-4.211780469,1.437064125,1.727457275,98.976011,-4.211780469,1.437064125,98.976011,-0.193722262,0.166969194
wheel,1780715203.989793777,50.041438103,-4.211780469,1.437064125,1.727457275,98.976011,-4.211780469,1.437064125,98.976011,-0.184036149,0.165299502
wheel,1780715204.008325100,50.059969425,-4.210550727,1.429439059,1.733934083,99.347105,-4.210550727,1.429439059,99.347105,-0.195661310,0.167139499
wheel,1780715204.028328657,50.079972982,-4.209175090,1.421247254,1.740410891,99.718199,-4.209175090,1.421247254,99.718199,-0.206639334,0.168705701
wheel,1780715204.048250675,50.099895000,-4.208530326,1.417513584,1.743186666,99.877239,-4.208530326,1.417513584,99.877239,-0.205815753,0.168411814
wheel,1780715204.068245411,50.119889736,-4.208530326,1.417513584,1.743186666,99.877239,-4.208530326,1.417513584,99.877239,-0.195524965,0.166727696
wheel,1780715204.088277102,50.139921427,-4.207064313,1.409263453,1.750126104,100.274839,-4.207064313,1.409263453,100.274839,-0.206671722,0.168525927
rtabmap,1780715204.098603249,50.700770617,-0.450405210,-4.417233467,2.439533387,139.774967,4.159787185,1.552323771,-103.931037,0.211241007,-0.175715953
wheel,1780715204.109009504,50.160653830,-4.206288699,1.405035018,1.754289766,100.513400,-4.206288699,1.405035018,100.513400,-0.206702940,0.168848378
wheel,1780715204.128247499,50.179891825,-4.205497440,1.400809482,1.757528170,100.698947,-4.205497440,1.400809482,100.698947,-0.207543856,0.168843670
wheel,1780715204.148253679,50.199898005,-4.204707105,1.396657924,1.760303945,100.857987,-4.204707105,1.396657924,100.857987,-0.207725547,0.168542279
wheel,1780715204.168287754,50.219932079,-4.204707105,1.396657924,1.760303945,100.857987,-4.204707105,1.396657924,100.857987,-0.197339269,0.166856856
wheel,1780715204.188296795,50.239941120,-4.202940810,1.387574318,1.765392866,101.149560,-4.202940810,1.387574318,101.149560,-0.210596753,0.167731659
wheel,1780715204.208716869,50.260361195,-4.202940810,1.387574318,1.765392866,101.149560,-4.202940810,1.387574318,101.149560,-0.200066916,0.166054342
wheel,1780715204.228255510,50.279899836,-4.201039486,1.377997443,1.768168641,101.308601,-4.201039486,1.377997443,101.308601,-0.215046669,0.165814302
wheel,1780715204.248320341,50.299964666,-4.200129963,1.373498011,1.772332303,101.547161,-4.200129963,1.373498011,101.547161,-0.215739198,0.166232325
wheel,1780715204.268296242,50.319940567,-4.200129963,1.373498011,1.772332303,101.547161,-4.200129963,1.373498011,101.547161,-0.204952238,0.164570001
wheel,1780715204.288407564,50.340051889,-4.200129963,1.373498011,1.772332303,101.547161,-4.200129963,1.373498011,101.547161,-0.194704626,0.162924301
wheel,1780715204.308284521,50.359928846,-4.196977533,1.358301492,1.778346482,101.891748,-4.196977533,1.358301492,101.891748,-0.223992388,0.164319420
wheel,1780715204.328263283,50.379907608,-4.195861571,1.353026298,1.780196999,101.997775,-4.195861571,1.353026298,101.997775,-0.226287277,0.163602490
wheel,1780715204.348278284,50.399922609,-4.194766273,1.347895694,1.782047515,102.103802,-4.194766273,1.347895694,102.103802,-0.228091590,0.162891945
rtabmap,1780715204.365331888,50.967499256,-0.505962610,-4.373215199,2.406222703,137.866405,4.144934025,1.483015645,-105.839599,0.265609533,-0.124885909
wheel,1780715204.368326902,50.419971228,-4.194766273,1.347895694,1.782047515,102.103802,-4.194766273,1.347895694,102.103802,-0.216687011,0.161263026
wheel,1780715204.388351440,50.439995766,-4.192472607,1.337283997,1.785285920,102.289348,-4.192472607,1.337283997,102.289348,-0.232953208,0.161267132
wheel,1780715204.408241987,50.459886312,-4.191336841,1.332087591,1.786673807,102.368869,-4.191336841,1.332087591,102.368869,-0.234669050,0.160351838
wheel,1780715204.428270102,50.479914427,-4.190176990,1.326821873,1.788524324,102.474895,-4.190176990,1.326821873,102.474895,-0.236397174,0.159672324
wheel,1780715204.449180365,50.500824690,-4.188961246,1.321344640,1.789912211,102.554415,-4.188961246,1.321344640,102.554415,-0.237993672,0.158739366
wheel,1780715204.468301296,50.519945621,-4.188961246,1.321344640,1.789912211,102.554415,-4.188961246,1.321344640,102.554415,-0.226093988,0.157151972
wheel,1780715204.488247633,50.539891958,-4.186448410,1.310109699,1.791762728,102.660442,-4.186448410,1.310109699,102.660442,-0.243642865,0.156508034
wheel,1780715204.508394480,50.560038805,-4.186448410,1.310109699,1.791762728,102.660442,-4.186448410,1.310109699,102.660442,-0.231460721,0.154942953
wheel,1780715204.528264523,50.579908848,-4.183842650,1.298522226,1.792225357,102.686949,-4.183842650,1.298522226,102.686949,-0.249760379,0.153626245
wheel,1780715204.548258781,50.599903107,-4.182749994,1.293689449,1.794075874,102.792976,-4.182749994,1.293689449,102.792976,-0.249661483,0.153015407
wheel,1780715204.568414688,50.620059013,-4.182749994,1.293689449,1.794075874,102.792976,-4.182749994,1.293689449,102.792976,-0.237178409,0.151485253
wheel,1780715204.588223457,50.639867783,-4.182749994,1.293689449,1.794075874,102.792976,-4.182749994,1.293689449,102.792976,-0.225319489,0.149970401
wheel,1780715204.608250856,50.659895182,-4.178821651,1.276499490,1.796851648,102.952016,-4.178821651,1.276499490,102.952016,-0.258072837,0.149856586
wheel,1780715204.628336430,50.679980755,-4.177577969,1.271103283,1.797776907,103.005029,-4.177577969,1.271103283,103.005029,-0.258957992,0.148818799
rtabmap,1780715204.631962776,51.234130144,-0.565132976,-4.320855141,2.391294217,137.011066,4.124202638,1.406773155,-106.694938,0.296311826,-0.055989373
wheel,1780715204.648284197,50.699928522,-4.176281302,1.265494965,1.798239536,103.031536,-4.176281302,1.265494965,103.031536,-0.260435328,0.147562481
wheel,1780715204.668288469,50.719932795,-4.176281302,1.265494965,1.798239536,103.031536,-4.176281302,1.265494965,103.031536,-0.247413562,0.146086857
wheel,1780715204.688285112,50.739929438,-4.173636752,1.254140616,1.801015311,103.190576,-4.173636752,1.254140616,103.190576,-0.264190633,0.146013976
wheel,1780715204.708230734,50.759875059,-4.172339853,1.248607165,1.801015311,103.190576,-4.172339853,1.248607165,103.190576,-0.265228337,0.144553836
wheel,1780715204.728210926,50.779855251,-4.172339853,1.248607165,1.801015311,103.190576,-4.172339853,1.248607165,103.190576,-0.251966920,0.143108298
wheel,1780715204.748253345,50.799897671,-4.169702431,1.237400815,1.802865828,103.296603,-4.169702431,1.237400815,103.296603,-0.268091025,0.142600581
wheel,1780715204.768281698,50.819926023,-4.169702431,1.237400815,1.802865828,103.296603,-4.169702431,1.237400815,103.296603,-0.254686474,0.141174575
wheel,1780715204.788280725,50.839925051,-4.169702431,1.237400815,1.802865828,103.296603,-4.169702431,1.237400815,103.296603,-0.241952150,0.139762829
wheel,1780715204.808315039,50.859959364,-4.165732023,1.220669535,1.804716344,103.402630,-4.165732023,1.220669535,103.402630,-0.272797813,0.139289458
wheel,1780715204.828265429,50.879909754,-4.164430280,1.215212103,1.805178973,103.429136,-4.164430280,1.215212103,103.429136,-0.273210239,0.138128306
wheel,1780715204.848266125,50.899910450,-4.163092136,1.209613537,1.805641602,103.455643,-4.163092136,1.209613537,103.455643,-0.273955339,0.136978578
wheel,1780715204.868263245,50.919907570,-4.163092136,1.209613537,1.805641602,103.455643,-4.163092136,1.209613537,103.455643,-0.260257572,0.135608792
wheel,1780715204.888255119,50.939899445,-4.160470981,1.198702902,1.807492119,103.561670,-4.160470981,1.198702902,103.561670,-0.275310779,0.135178405
wheel,1780715204.908255100,50.959899426,-4.159104098,1.193036302,1.807492119,103.561670,-4.159104098,1.193036302,103.561670,-0.276116509,0.133826621
wheel,1780715204.928295612,50.979939938,-4.157818959,1.187724754,1.808880007,103.641190,-4.157818959,1.187724754,103.641190,-0.275949951,0.133181143
wheel,1780715204.949388742,51.001033068,-4.157818959,1.187724754,1.808880007,103.641190,-4.157818959,1.187724754,103.641190,-0.262152453,0.131849331
rtabmap,1780715204.965013742,51.567181110,-0.639693856,-4.251354694,2.379268253,136.322029,4.094921977,1.309139759,-107.383975,0.306048244,-0.036108244
wheel,1780715204.968263388,51.019907713,-4.155490367,1.178618292,1.833399352,105.046045,-4.155490367,1.178618292,105.046045,-0.273922554,0.143509987
wheel,1780715204.988256216,51.039900541,-4.153621013,1.171349828,1.811655782,103.800230,-4.153621013,1.171349828,103.800230,-0.278994765,0.131199721
wheel,1780715205.008265972,51.059910297,-4.152209191,1.165619186,1.813043669,103.879750,-4.152209191,1.165619186,103.879750,-0.279791582,0.130581272
wheel,1780715205.028517962,51.080162287,-4.152209191,1.165619186,1.813043669,103.879750,-4.152209191,1.165619186,103.879750,-0.265802003,0.129275459
wheel,1780715205.048252344,51.099896669,-4.149357447,1.154089787,1.813506298,103.906257,-4.149357447,1.154089787,103.906257,-0.282601484,0.128217115
wheel,1780715205.068418264,51.120062590,-4.149357447,1.154089787,1.813506298,103.906257,-4.149357447,1.154089787,103.906257,-0.268471410,0.126934944
wheel,1780715205.088843107,51.140487432,-4.149357447,1.154089787,1.813506298,103.906257,-4.149357447,1.154089787,103.906257,-0.255047839,0.125665595
wheel,1780715205.108248234,51.159892559,-4.145235297,1.137620490,1.818595219,104.197831,-4.145235297,1.137620490,104.197831,-0.286027543,0.127030660
wheel,1780715205.128605843,51.180250168,-4.145235297,1.137620490,1.818595219,104.197831,-4.145235297,1.137620490,104.197831,-0.271726166,0.125760353
wheel,1780715205.148280859,51.199925184,-4.142216430,1.125757412,1.821370994,104.356871,-4.142216430,1.125757412,104.356871,-0.289249771,0.125913630
wheel,1780715205.169492245,51.221136570,-4.142216430,1.125757412,1.821370994,104.356871,-4.142216430,1.125757412,104.356871,-0.274787282,0.124654494
wheel,1780715205.188239336,51.239883661,-4.139682418,1.115876186,1.822296252,104.409884,-4.139682418,1.115876186,104.409884,-0.288250928,0.123901428
wheel,1780715205.208300829,51.259945154,-4.138229187,1.110231113,1.823221510,104.462898,-4.138229187,1.110231113,104.462898,-0.288371885,0.123123794
wheel,1780715205.228281736,51.279926062,-4.138229187,1.110231113,1.823221510,104.462898,-4.138229187,1.110231113,104.462898,-0.273953291,0.121892556
wheel,1780715205.248300791,51.299945116,-4.135322728,1.099016222,1.825534656,104.595431,-4.135322728,1.099016222,104.595431,-0.289196361,0.121829296
rtabmap,1780715205.264935732,51.867103100,-0.704445481,-4.188111782,2.362827992,135.380072,4.066906125,1.223072629,-108.325933,0.301765949,-0.054815117
wheel,1780715205.269137859,51.320782185,-4.135322728,1.099016222,1.825534656,104.595431,-4.135322728,1.099016222,104.595431,-0.274736543,0.120611003
wheel,1780715205.289329052,51.340973377,-4.135322728,1.099016222,1.825534656,104.595431,-4.135322728,1.099016222,104.595431,-0.260999716,0.119404893
wheel,1780715205.308681250,51.360325575,-4.132548982,1.088444430,1.829235690,104.807485,-4.132548982,1.088444430,104.807485,-0.276191550,0.120123517
wheel,1780715205.328253508,51.379897833,-4.129612535,1.077388067,1.831548835,104.940018,-4.129612535,1.077388067,104.940018,-0.291601878,0.120103959
wheel,1780715205.348400116,51.400044441,-4.128182406,1.072038251,1.832474094,104.993032,-4.128182406,1.072038251,104.993032,-0.290766681,0.119362231
wheel,1780715205.368308306,51.419952631,-4.128182406,1.072038251,1.832474094,104.993032,-4.128182406,1.072038251,104.993032,-0.276228347,0.118168608
wheel,1780715205.388398647,51.440042973,-4.125172306,1.060850733,1.834787239,105.125565,-4.125172306,1.060850733,105.125565,-0.291265913,0.118138923
wheel,1780715205.408972025,51.460616350,-4.123745124,1.055575577,1.835249869,105.152072,-4.123745124,1.055575577,105.152072,-0.289979567,0.117182329
wheel,1780715205.428245068,51.479889393,-4.122218894,1.049949802,1.836175127,105.205085,-4.122218894,1.049949802,105.205085,-0.290601207,0.116490525
wheel,1780715205.448362827,51.500007153,-4.120669632,1.044254778,1.836637756,105.231592,-4.120669632,1.044254778,105.231592,-0.290739757,0.115555580
wheel,1780715205.469349861,51.520994186,-4.120669632,1.044254778,1.836637756,105.231592,-4.120669632,1.044254778,105.231592,-0.276202769,0.114400025
wheel,1780715205.488266945,51.539911270,-4.117639909,1.033148066,1.837563014,105.284605,-4.117639909,1.033148066,105.284605,-0.292817327,0.113745069
wheel,1780715205.508192778,51.559837103,-4.117639909,1.033148066,1.837563014,105.284605,-4.117639909,1.033148066,105.284605,-0.278176461,0.112607618
wheel,1780715205.528267622,51.579911947,-4.114583254,1.021973178,1.838025644,105.311112,-4.114583254,1.021973178,105.311112,-0.293122103,0.111711986
rtabmap,1780715205.531537771,52.133705139,-0.764619112,-4.134858608,2.349181387,134.598179,4.045818454,1.145535048,-109.107825,0.300955981,-0.051187307
wheel,1780715205.548252344,51.599896669,-4.113064539,1.016420874,1.837563014,105.284605,-4.113064539,1.016420874,105.284605,-0.292864909,0.110363419
wheel,1780715205.568331957,51.619976282,-4.113064539,1.016420874,1.837563014,105.284605,-4.113064539,1.016420874,105.284605,-0.278221664,0.109259785
wheel,1780715205.588211060,51.639855385,-4.113064539,1.016420874,1.837563014,105.284605,-4.113064539,1.016420874,105.284605,-0.264310580,0.108167187
wheel,1780715205.608407974,51.660052299,-4.109964201,1.005106854,1.838950902,105.364125,-4.109964201,1.005106854,105.364125,-0.280136567,0.107772685
wheel,1780715205.628264904,51.679909229,-4.106957611,0.994144896,1.838025644,105.311112,-4.106957611,0.994144896,105.311112,-0.294752168,0.106228985
wheel,1780715205.648281336,51.699925661,-4.105418371,0.988522666,1.838025644,105.311112,-4.105418371,0.988522666,105.311112,-0.294578538,0.105166695
wheel,1780715205.668803692,51.720448017,-4.105418371,0.988522666,1.838025644,105.311112,-4.105418371,0.988522666,105.311112,-0.279849611,0.104115028
wheel,1780715205.688280582,51.739924908,-4.105418371,0.988522666,1.838025644,105.311112,-4.105418371,0.988522666,105.311112,-0.265857130,0.103073878
wheel,1780715205.710114717,51.761759043,-4.102395060,0.977489740,1.838488273,105.337619,-4.102395060,0.977489740,105.337619,-0.278763873,0.102255045
wheel,1780715205.728241920,51.779886246,-4.099063642,0.965332438,1.838025644,105.311112,-4.099063642,0.965332438,105.311112,-0.299588812,0.100977329
wheel,1780715205.748682261,51.800326586,-4.097753077,0.960554149,1.838950902,105.364125,-4.097753077,0.960554149,105.364125,-0.296729137,0.100420208
wheel,1780715205.768252850,51.819897175,-4.097753077,0.960554149,1.838950902,105.364125,-4.097753077,0.960554149,105.364125,-0.281892681,0.099416006
wheel,1780715205.788229465,51.839873791,-4.094664194,0.949312543,1.838950902,105.364125,-4.094664194,0.949312543,105.364125,-0.296967009,0.098421846
wheel,1780715205.808274031,51.859918356,-4.093158364,0.943832260,1.838950902,105.364125,-4.093158364,0.943832260,105.364125,-0.296313632,0.097437628
wheel,1780715205.828274965,51.879919291,-4.091593300,0.938141559,1.839413531,105.390632,-4.091593300,0.938141559,105.390632,-0.296235902,0.096694299
wheel,1780715205.848309755,51.899954081,-4.090025605,0.932451582,1.839876160,105.417139,-4.090025605,0.932451582,105.417139,-0.296153288,0.095958266
rtabmap,1780715205.864751339,52.466918707,-0.837300181,-4.059069157,2.346504371,134.444797,4.010066780,1.046801079,-109.261207,0.315105617,-0.008033973
wheel,1780715205.872350931,51.923995256,-4.090025605,0.932451582,1.839876160,105.417139,-4.090025605,0.932451582,105.417139,-0.281345624,0.094998683
wheel,1780715205.888265133,51.939909458,-4.086555374,0.919879041,1.840338789,105.443646,-4.086555374,0.919879041,105.443646,-0.308236186,0.094339255
wheel,1780715205.908270359,51.959914684,-4.086555374,0.919879041,1.840338789,105.443646,-4.086555374,0.919879041,105.443646,-0.292824376,0.093395863
wheel,1780715205.931170940,51.982815266,-4.085429999,0.915805516,1.840338789,105.443646,-4.085429999,0.915805516,105.443646,-0.287410446,0.092461904
wheel,1780715205.948345184,51.999989510,-4.083662847,0.909414706,1.840801418,105.470152,-4.083662847,0.909414706,105.470152,-0.292347409,0.091806707
wheel,1780715205.968284130,52.019928455,-4.082302361,0.904499012,1.840801418,105.470152,-4.082302361,0.904499012,105.470152,-0.290520453,0.090888640
wheel,1780715205.988275290,52.039919615,-4.079477148,0.894318463,1.842189306,105.549672,-4.079477148,0.894318463,105.549672,-0.302420920,0.090674046
wheel,1780715206.008532763,52.060177088,-4.078050058,0.889194401,1.842651935,105.576179,-4.078050058,0.889194401,105.576179,-0.300425776,0.089995632
wheel,1780715206.030296803,52.081941128,-4.076578999,0.883931312,1.844039823,105.655699,-4.076578999,0.883931312,105.655699,-0.297961771,0.089733506
wheel,1780715206.048400402,52.100044727,-4.076578999,0.883931312,1.844039823,105.655699,-4.076578999,0.883931312,105.655699,-0.283063682,0.088836171
wheel,1780715206.069982052,52.121626377,-4.075239721,0.879160991,1.844965081,105.708712,-4.075239721,0.879160991,105.708712,-0.280388457,0.088376491
wheel,1780715206.088239670,52.139883995,-4.072455132,0.869347433,1.849591372,105.973779,-4.072455132,0.869347433,105.973779,-0.294301596,0.090026292
wheel,1780715206.108274698,52.159919024,-4.072455132,0.869347433,1.849591372,105.973779,-4.072455132,0.869347433,105.973779,-0.279586517,0.089126029
wheel,1780715206.128250837,52.179895163,-4.070095285,0.861231314,1.857918697,106.450900,-4.070095285,0.861231314,106.450900,-0.286761503,0.092403106
wheel,1780715206.148969173,52.200613499,-4.070095285,0.861231314,1.857918697,106.450900,-4.070095285,0.861231314,106.450900,-0.272423427,0.091479075
wheel,1780715206.168252468,52.219896793,-4.069017242,0.857598982,1.860694472,106.609940,-4.069017242,0.857598982,106.609940,-0.268626162,0.092003684
wheel,1780715206.188261032,52.239905357,-4.066702957,0.850001456,1.872260201,107.272608,-4.066702957,0.850001456,107.272608,-0.275043003,0.096864381
wheel,1780715206.208272219,52.259916544,-4.065588923,0.846456305,1.878274380,107.617195,-4.065588923,0.846456305,107.617195,-0.270575942,0.098901181
wheel,1780715206.228505135,52.280149460,-4.065588923,0.846456305,1.878274380,107.617195,-4.065588923,0.846456305,107.617195,-0.257047145,0.097912170
wheel,1780715206.248538256,52.300182581,-4.064451950,0.842918444,1.885213818,108.014795,-4.064451950,0.842918444,108.014795,-0.253468386,0.100396577
rtabmap,1780715206.265158415,52.867325783,-0.908269286,-3.983290672,2.290314777,131.225370,3.973566577,0.949606801,-112.480634,0.259222031,-0.140331030
wheel,1780715206.270210028,52.321854353,-4.063137535,0.838901930,1.888914851,108.226849,-4.063137535,0.838901930,108.226849,-0.250545355,0.101100396
wheel,1780715206.288328171,52.339972496,-4.063137535,0.838901930,1.888914851,108.226849,-4.063137535,0.838901930,108.226849,-0.238018087,0.100089392
wheel,1780715206.308259726,52.359904051,-4.059774266,0.829117113,1.914822084,109.711224,-4.059774266,0.829117113,109.711224,-0.252072452,0.112086442
wheel,1780715206.328277349,52.379921675,-4.058481496,0.825555547,1.923149409,110.188344,-4.058481496,0.825555547,110.188344,-0.248936317,0.115127111
wheel,1780715206.348305941,52.399950266,-4.058481496,0.825555547,1.923149409,110.188344,-4.058481496,0.825555547,110.188344,-0.236489501,0.113975840
wheel,1780715206.369255304,52.420899630,-4.057209973,0.822141433,1.931476733,110.665465,-4.057209973,0.822141433,110.665465,-0.233361972,0.116811828
wheel,1780715206.389198542,52.440842867,-4.057209973,0.822141433,1.931476733,110.665465,-4.057209973,0.822141433,110.665465,-0.221693873,0.115643710
wheel,1780715206.408261776,52.459906101,-4.052868910,0.811008116,1.953682933,111.937787,-4.052868910,0.811008116,111.937787,-0.241953437,0.126136706
wheel,1780715206.428253889,52.479898214,-4.051581398,0.807834745,1.958771854,112.229360,-4.051581398,0.807834745,112.229360,-0.238419959,0.127420591
wheel,1780715206.450339079,52.501983404,-4.050054142,0.804129648,1.964786033,112.573947,-4.050054142,0.804129648,112.573947,-0.235572134,0.128869646
wheel,1780715206.468281746,52.519926071,-4.050054142,0.804129648,1.964786033,112.573947,-4.050054142,0.804129648,112.573947,-0.223793527,0.127580950
wheel,1780715206.488289833,52.539934158,-4.050054142,0.804129648,1.964786033,112.573947,-4.050054142,0.804129648,112.573947,-0.212603850,0.126305140
wheel,1780715206.509337902,52.560982227,-4.046671990,0.796145645,1.978202278,113.342642,-4.046671990,0.796145645,113.342642,-0.222574836,0.131417270
wheel,1780715206.528323650,52.579967976,-4.043499784,0.788864476,1.985141716,113.740242,-4.043499784,0.788864476,113.740242,-0.232355971,0.133757073
wheel,1780715206.548384666,52.600028992,-4.041907398,0.785266440,1.989768007,114.005309,-4.041907398,0.785266440,114.005309,-0.230545490,0.134725750
rtabmap,1780715206.565537453,53.167704821,-0.944693804,-3.933987379,2.188797886,125.408881,3.945499787,0.895110787,-118.297123,0.203365237,-0.337962389
wheel,1780715206.568799257,52.620443583,-4.041907398,0.785266440,1.989768007,114.005309,-4.041907398,0.785266440,114.005309,-0.219018215,0.133378492
wheel,1780715206.590870857,52.642515182,-4.041907398,0.785266440,1.989768007,114.005309,-4.041907398,0.785266440,114.005309,-0.208067304,0.132044707
wheel,1780715206.609200239,52.660844564,-4.036340063,0.773070037,2.008273174,115.065577,-4.036340063,0.773070037,115.065577,-0.234145238,0.140795012
wheel,1780715206.631259918,52.682904243,-4.036340063,0.773070037,2.008273174,115.065577,-4.036340063,0.773070037,115.065577,-0.222437976,0.139387062
wheel,1780715206.649221182,52.700865507,-4.034787446,0.769774234,2.013824723,115.383657,-4.034787446,0.769774234,115.383657,-0.221458185,0.141084120
wheel,1780715206.668241262,52.719885588,-4.032455779,0.764912508,2.022152048,115.860778,-4.032455779,0.764912508,115.860778,-0.224559974,0.144051564
wheel,1780715206.688247919,52.739892244,-4.028946942,0.757787455,2.034643036,116.576459,-4.028946942,0.757787455,116.576459,-0.233179179,0.148853943
wheel,1780715206.708299875,52.759944201,-4.027042237,0.754014900,2.042045102,117.000566,-4.027042237,0.754014900,117.000566,-0.232057762,0.151056715
wheel,1780715206.728253365,52.779897690,-4.025075455,0.750192204,2.049909798,117.451180,-4.025075455,0.750192204,117.451180,-0.231227250,0.153487615
wheel,1780715206.749518394,52.801162720,-4.023012803,0.746255084,2.056849235,117.848780,-4.023012803,0.746255084,117.848780,-0.230116988,0.155216158
rtabmap,1780715206.765233517,53.367400885,-0.964656115,-3.892791510,2.119837733,121.457755,3.917409186,0.858965087,-122.248249,0.226055324,-0.345325112
wheel,1780715206.768338680,52.819983006,-4.023012803,0.746255084,2.056849235,117.848780,-4.023012803,0.746255084,117.848780,-0.218611138,0.153663997
wheel,1780715206.788918734,52.840563059,-4.018696742,0.738234642,2.072115997,118.723501,-4.018696742,0.738234642,118.723501,-0.229800120,0.159542668
wheel,1780715206.808251858,52.859896183,-4.016514684,0.734279001,2.077667547,119.041582,-4.016514684,0.734279001,119.041582,-0.229992468,0.160818481
wheel,1780715206.828610659,52.880254984,-4.016514684,0.734279001,2.077667547,119.041582,-4.016514684,0.734279001,119.041582,-0.218492844,0.159210296
wheel,1780715206.848259926,52.899904251,-4.012353606,0.726921984,2.093396939,119.942809,-4.012353606,0.726921984,119.942809,-0.229072310,0.165621911
wheel,1780715206.868701935,52.920346260,-4.012353606,0.726921984,2.093396939,119.942809,-4.012353606,0.726921984,119.942809,-0.217618694,0.163965692
wheel,1780715206.888942242,52.940586567,-4.007971925,0.719439731,2.107738442,120.764517,-4.007971925,0.719439731,120.764517,-0.228153678,0.169410399
wheel,1780715206.908278942,52.959923267,-4.005796795,0.715816351,2.115140509,121.188624,-4.005796795,0.715816351,121.188624,-0.227675591,0.171544945
wheel,1780715206.928401232,52.980045557,-4.005796795,0.715816351,2.115140509,121.188624,-4.005796795,0.715816351,121.188624,-0.216291812,0.169829495
wheel,1780715206.950249434,53.001893759,-4.001402886,0.708681408,2.130407271,122.063345,-4.001402886,0.708681408,122.063345,-0.224642685,0.175114889
wheel,1780715206.968280792,53.019925117,-4.001402886,0.708681408,2.130407271,122.063345,-4.001402886,0.708681408,122.063345,-0.213410551,0.173363740
wheel,1780715206.988309622,53.039953947,-4.001402886,0.708681408,2.130407271,122.063345,-4.001402886,0.708681408,122.063345,-0.202740023,0.171630103
wheel,1780715207.008277178,53.059921503,-3.994664438,0.698201001,2.154001358,123.415187,-3.994664438,0.698201001,123.415187,-0.223801544,0.181729449
wheel,1780715207.028286457,53.079930782,-3.992445893,0.694863590,2.160940796,123.812787,-3.992445893,0.694863590,123.812787,-0.222623963,0.183379686
wheel,1780715207.048408747,53.100053072,-3.990122726,0.691420857,2.167880233,124.210388,-3.990122726,0.691420857,124.210388,-0.221812797,0.184994521
wheel,1780715207.068277836,53.119922161,-3.990122726,0.691420857,2.167880233,124.210388,-3.990122726,0.691420857,124.210388,-0.210722157,0.183144576
wheel,1780715207.088283062,53.139927387,-3.990122726,0.691420857,2.167880233,124.210388,-3.990122726,0.691420857,124.210388,-0.200186049,0.181313130
rtabmap,1780715207.098389387,53.700556755,-0.995700896,-3.821566343,1.995023020,114.306399,3.867305616,0.799581293,-129.399605,0.230997846,-0.374646068
wheel,1780715207.108246803,53.159891129,-3.982932166,0.681067395,2.187773287,125.350176,-3.982932166,0.681067395,125.350176,-0.221743179,0.189463163
wheel,1780715207.128260612,53.179904938,-3.980559066,0.677748062,2.195175353,125.774283,-3.980559066,0.677748062,125.774283,-0.220849711,0.191266923
wheel,1780715207.148268938,53.199913263,-3.978075831,0.674328469,2.202577420,126.198390,-3.978075831,0.674328469,126.198390,-0.220368375,0.193053835
wheel,1780715207.168390036,53.220034361,-3.978075831,0.674328469,2.202577420,126.198390,-3.978075831,0.674328469,126.198390,-0.209349956,0.191123297
wheel,1780715207.188759804,53.240404129,-3.972988686,0.667487544,2.217844182,127.073111,-3.972988686,0.667487544,127.073111,-0.219811994,0.196708194
wheel,1780715207.209072351,53.260716677,-3.972988686,0.667487544,2.217844182,127.073111,-3.972988686,0.667487544,127.073111,-0.208821394,0.194741112
wheel,1780715207.228274345,53.279918671,-3.967666201,0.660550449,2.232648315,127.921326,-3.967666201,0.660550449,127.921326,-0.221136687,0.200499559
wheel,1780715207.249206066,53.300850391,-3.967666201,0.660550449,2.232648315,127.921326,-3.967666201,0.660550449,127.921326,-0.210079852,0.198494563
wheel,1780715207.270291567,53.321935892,-3.965012387,0.657168362,2.239587752,128.318926,-3.965012387,0.657168362,128.318926,-0.209770255,0.199800786
wheel,1780715207.288626194,53.340270519,-3.965012387,0.657168362,2.239587752,128.318926,-3.965012387,0.657168362,128.318926,-0.199281743,0.197802779
wheel,1780715207.308264256,53.359908581,-3.956631472,0.646797284,2.261331323,129.564741,-3.956631472,0.646797284,129.564741,-0.223267363,0.206896908
wheel,1780715207.328350306,53.379994631,-3.956631472,0.646797284,2.261331323,129.564741,-3.956631472,0.646797284,129.564741,-0.212103995,0.204827939
wheel,1780715207.348304033,53.399948359,-3.954020845,0.643661330,2.268733389,129.988848,-3.954020845,0.643661330,129.988848,-0.211723302,0.206489231
wheel,1780715207.368260622,53.419904947,-3.950632719,0.639655913,2.277060714,130.465969,-3.950632719,0.639655913,130.465969,-0.214280261,0.208596759
wheel,1780715207.388242960,53.439887285,-3.948854341,0.637533692,2.259480806,129.458714,-3.948854341,0.637533692,129.458714,-0.210494786,0.197712648
wheel,1780715207.408261299,53.459905624,-3.947887649,0.636347583,2.249765594,128.902073,-3.947887649,0.636347583,128.902073,-0.203792317,0.190881846
wheel,1780715207.428236485,53.479880810,-3.940123923,0.627263523,2.306206351,132.135891,-3.940123923,0.627263523,132.135891,-0.223508023,0.217222731
rtabmap,1780715207.431984901,54.034152269,-1.018780112,-3.750684977,1.866907559,106.965924,3.813981709,0.747491185,-136.740080,0.222119465,-0.384044945
wheel,1780715207.448693514,53.500337839,-3.937325452,0.624194635,2.314071047,132.586504,-3.937325452,0.624194635,132.586504,-0.222483549,0.218894910
wheel,1780715207.468241453,53.519885778,-3.937325452,0.624194635,2.314071047,132.586504,-3.937325452,0.624194635,132.586504,-0.211359372,0.216705961
wheel,1780715207.488271713,53.539916039,-3.931858115,0.618333811,2.328875180,133.434719,-3.931858115,0.618333811,133.434719,-0.220798519,0.221929697
wheel,1780715207.508278370,53.559922695,-3.929041788,0.615381206,2.336277246,133.858826,-3.929041788,0.615381206,133.858826,-0.219957995,0.223410863
wheel,1780715207.533287764,53.584932089,-3.926305043,0.612554231,2.343679313,134.282933,-3.926305043,0.612554231,134.282933,-0.216826312,0.224136413
wheel,1780715207.549549341,53.601193666,-3.923494399,0.609697566,2.352469267,134.786560,-3.923494399,0.609697566,134.786560,-0.218305979,0.227299925
wheel,1780715207.568281174,53.619925499,-3.923494399,0.609697566,2.352469267,134.786560,-3.923494399,0.609697566,134.786560,-0.207390680,0.225026925
wheel,1780715207.588248253,53.639892578,-3.923494399,0.609697566,2.352469267,134.786560,-3.923494399,0.609697566,134.786560,-0.197021146,0.222776656
wheel,1780715207.608281612,53.659925938,-3.918174204,0.604404120,2.364960254,135.502241,-3.918174204,0.604404120,135.502241,-0.205900904,0.226783835
wheel,1780715207.628256083,53.679900408,-3.913360260,0.599739058,2.378839129,136.297442,-3.913360260,0.599739058,136.297442,-0.212385819,0.231464220
wheel,1780715207.648279905,53.699924231,-3.910715997,0.597232903,2.387166454,136.774563,-3.910715997,0.597232903,136.774563,-0.210864137,0.233308485
rtabmap,1780715207.665309191,54.267476559,-1.024765968,-3.702607870,1.778350973,101.892005,3.773530601,0.720827604,-141.813999,0.204571068,-0.379541814
wheel,1780715207.668554306,53.720198631,-3.910715997,0.597232903,2.387166454,136.774563,-3.910715997,0.597232903,136.774563,-0.200320930,0.230975400
wheel,1780715207.688296080,53.739940405,-3.910715997,0.597232903,2.387166454,136.774563,-3.910715997,0.597232903,136.774563,-0.190304884,0.228665646
wheel,1780715207.711219072,53.762863398,-3.902873949,0.590044532,2.412148428,138.205924,-3.902873949,0.590044532,138.205924,-0.203993277,0.237276980
wheel,1780715207.728242636,53.779886961,-3.900311791,0.587772239,2.420013124,138.656538,-3.900311791,0.587772239,138.656538,-0.203852483,0.239524292
wheel,1780715207.748261690,53.799906015,-3.897730800,0.585521359,2.428803078,139.160166,-3.897730800,0.585521359,139.160166,-0.202212630,0.241519529
wheel,1780715207.768256426,53.819900751,-3.897730800,0.585521359,2.428803078,139.160166,-3.897730800,0.585521359,139.160166,-0.192101998,0.239104334
wheel,1780715207.789354086,53.840998411,-3.897730800,0.585521359,2.428803078,139.160166,-3.897730800,0.585521359,139.160166,-0.182496898,0.236713291
wheel,1780715207.808325529,53.859969854,-3.892507864,0.581090467,2.447308244,140.220434,-3.892507864,0.581090467,140.220434,-0.191415977,0.244096336
wheel,1780715207.828271151,53.879915476,-3.886920647,0.576527766,2.466276040,141.307208,-3.886920647,0.576527766,141.307208,-0.199942701,0.251172749
rtabmap,1780715207.831946135,54.434113503,-1.026503563,-3.672669411,1.701732185,97.502072,3.747459504,0.706007737,-146.203932,0.177956149,-0.459795356
wheel,1780715207.848366976,53.900011301,-3.884466605,0.574579857,2.475065994,141.810835,-3.884466605,0.574579857,141.810835,-0.197734729,0.253031464
wheel,1780715207.868293524,53.919937849,-3.884466605,0.574579857,2.475065994,141.810835,-3.884466605,0.574579857,141.810835,-0.187847993,0.250501149
wheel,1780715207.888280630,53.939924955,-3.879044344,0.570395247,2.493571160,142.871103,-3.879044344,0.570395247,142.871103,-0.195600336,0.257260436
wheel,1780715207.908292770,53.959937096,-3.876188340,0.568252685,2.502361114,143.374731,-3.876188340,0.568252685,143.374731,-0.194733110,0.259076378
wheel,1780715207.928315163,53.979959488,-3.873255446,0.566091419,2.510688439,143.851851,-3.873255446,0.566091419,143.851851,-0.194094713,0.260644818
wheel,1780715207.948335171,53.999979496,-3.870246145,0.563911219,2.518553134,144.302465,-3.870246145,0.563911219,144.302465,-0.193678608,0.261970066
wheel,1780715207.968257904,54.019902229,-3.870246145,0.563911219,2.518553134,144.302465,-3.870246145,0.563911219,144.302465,-0.183994678,0.259350365
wheel,1780715207.988875866,54.040520191,-3.864295534,0.559706222,2.534282526,145.203693,-3.864295534,0.559706222,145.203693,-0.192465813,0.264386189
wheel,1780715208.009287596,54.060931921,-3.864295534,0.559706222,2.534282526,145.203693,-3.864295534,0.559706222,145.203693,-0.182842523,0.261742327
wheel,1780715208.028383732,54.080028057,-3.861355631,0.557680315,2.542147222,145.654307,-3.861355631,0.557680315,145.654307,-0.183048379,0.263243224
wheel,1780715208.049192667,54.100836992,-3.855305594,0.553619673,2.558801871,146.608548,-3.855305594,0.553619673,146.608548,-0.191401038,0.268613114
rtabmap,1780715208.064982176,54.667149544,-1.027506828,-3.627091885,1.597379407,91.523098,3.707042178,0.684918470,-152.182906,0.194469139,-0.447795838
wheel,1780715208.068397284,54.120041609,-3.855305594,0.553619673,2.558801871,146.608548,-3.855305594,0.553619673,146.608548,-0.181830986,0.265926982
wheel,1780715208.088253021,54.139897346,-3.849064566,0.549584052,2.576381779,147.615802,-3.849064566,0.549584052,147.615802,-0.191451855,0.272120148
wheel,1780715208.108349085,54.159993410,-3.849064566,0.549584052,2.576381779,147.615802,-3.849064566,0.549584052,147.615802,-0.181879262,0.269398947
wheel,1780715208.128259182,54.179903507,-3.842443245,0.545467881,2.594424316,148.649564,-3.842443245,0.545467881,148.649564,-0.192358830,0.275764357
wheel,1780715208.148270607,54.199914932,-3.839636387,0.543772997,2.602289012,149.100177,-3.839636387,0.543772997,149.100177,-0.190932247,0.276936255
wheel,1780715208.168730497,54.220374823,-3.839636387,0.543772997,2.602289012,149.100177,-3.839636387,0.543772997,149.100177,-0.181385635,0.274166892
wheel,1780715208.188315153,54.239959478,-3.833162090,0.539977140,2.620331549,150.133939,-3.833162090,0.539977140,150.133939,-0.191479098,0.280638933
wheel,1780715208.208289862,54.259934187,-3.829995207,0.538176089,2.628658874,150.611059,-3.829995207,0.538176089,150.611059,-0.191023164,0.282000782
wheel,1780715208.228570461,54.280214787,-3.826748544,0.536368231,2.638374086,151.167700,-3.826748544,0.536368231,151.167700,-0.190632886,0.283970777
wheel,1780715208.248307705,54.299952030,-3.826748544,0.536368231,2.638374086,151.167700,-3.826748544,0.536368231,151.167700,-0.181101241,0.281131069
wheel,1780715208.268272400,54.319916725,-3.823676862,0.534695774,2.647626669,151.697834,-3.823676862,0.534695774,151.697834,-0.180806483,0.282954840
wheel,1780715208.288441658,54.340085983,-3.823676862,0.534695774,2.647626669,151.697834,-3.823676862,0.534695774,151.697834,-0.171766159,0.280125291
wheel,1780715208.308247805,54.359892130,-3.813982790,0.529647862,2.675384419,153.288236,-3.813982790,0.529647862,153.288236,-0.190764340,0.291336223
wheel,1780715208.328248501,54.379892826,-3.811046706,0.528188240,2.685099631,153.844876,-3.811046706,0.528188240,153.844876,-0.189422364,0.293279893
rtabmap,1780715208.331635952,54.933803320,-1.022260427,-3.572931051,1.471178130,84.292298,3.656161175,0.665630024,-159.413707,0.202518359,-0.473277658
wheel,1780715208.349163771,54.400808096,-3.807965464,0.526693611,2.694814844,154.401517,-3.807965464,0.526693611,154.401517,-0.188146057,0.294996632
wheel,1780715208.368327379,54.419971704,-3.807965464,0.526693611,2.694814844,154.401517,-3.807965464,0.526693611,154.401517,-0.178738754,0.292046666
wheel,1780715208.388268948,54.439913273,-3.801096962,0.523492406,2.716095785,155.620825,-3.801096962,0.523492406,155.620825,-0.188800174,0.299796827
wheel,1780715208.408301592,54.459945917,-3.798769992,0.522448876,2.723960480,156.071439,-3.798769992,0.522448876,156.071439,-0.185728415,0.300726669
wheel,1780715208.428251743,54.479896069,-3.795765889,0.521134933,2.734600951,156.681093,-3.795765889,0.521134933,156.681093,-0.184655564,0.303050255
wheel,1780715208.449710608,54.501354933,-3.792747975,0.519853029,2.745241422,157.290747,-3.792747975,0.519853029,157.290747,-0.183061952,0.304977800
wheel,1780715208.468263149,54.519907475,-3.792747975,0.519853029,2.745241422,157.290747,-3.792747975,0.519853029,157.290747,-0.173908854,0.301928022
wheel,1780715208.488303900,54.539948225,-3.792747975,0.519853029,2.745241422,157.290747,-3.792747975,0.519853029,157.290747,-0.165213411,0.298908742
wheel,1780715208.508311033,54.559955359,-3.783868772,0.516350099,2.786415417,159.649843,-3.783868772,0.516350099,159.649843,-0.180805802,0.316498085
wheel,1780715208.528277636,54.579921961,-3.783868772,0.516350099,2.786415417,159.649843,-3.783868772,0.516350099,159.649843,-0.171765512,0.313333105
wheel,1780715208.548244715,54.599889040,-3.776743374,0.513770806,2.802144808,160.551071,-3.776743374,0.513770806,160.551071,-0.182152002,0.318076966
wheel,1780715208.568248510,54.619892836,-3.776743374,0.513770806,2.802144808,160.551071,-3.776743374,0.513770806,160.551071,-0.173044402,0.314896196
wheel,1780715208.588264465,54.639908791,-3.768194960,0.510845315,2.821575233,161.664352,-3.768194960,0.510845315,161.664352,-0.186960701,0.321454124
wheel,1780715208.608310938,54.659955263,-3.763346054,0.509263203,2.830827816,162.194486,-3.763346054,0.509263203,162.194486,-0.190334473,0.322855205
wheel,1780715208.628276587,54.679920912,-3.758275403,0.507656625,2.838692512,162.645100,-3.758275403,0.507656625,162.645100,-0.194138007,0.323565672
wheel,1780715208.650211334,54.701855659,-3.758275403,0.507656625,2.838692512,162.645100,-3.758275403,0.507656625,162.645100,-0.184431107,0.320330015
wheel,1780715208.668241501,54.719885826,-3.751940708,0.505697817,2.844706691,162.989687,-3.751940708,0.505697817,162.989687,-0.193595943,0.320462115
wheel,1780715208.688256025,54.739900351,-3.737981967,0.501512057,2.855809790,163.625848,-3.737981967,0.501512057,163.625848,-0.220328260,0.322806006
wheel,1780715208.708249807,54.759894133,-3.730426704,0.499311097,2.860436082,163.890915,-3.730426704,0.499311097,163.890915,-0.228988689,0.321891508
wheel,1780715208.728443861,54.780088186,-3.730426704,0.499311097,2.860436082,163.890915,-3.730426704,0.499311097,163.890915,-0.217539255,0.318672593
wheel,1780715208.748337507,54.799981833,-3.722372594,0.496999137,2.863674486,164.076462,-3.722372594,0.496999137,164.076462,-0.227723216,0.317113765
wheel,1780715208.768631220,54.820275545,-3.713257740,0.494421439,2.868300778,164.341529,-3.713257740,0.494421439,164.341529,-0.239670764,0.316221866
wheel,1780715208.788264751,54.839909077,-3.693733178,0.489026457,2.875702844,164.765636,-3.693733178,0.489026457,164.765636,-0.279273625,0.316829808
rtabmap,1780715208.798279285,55.400446653,-0.989179075,-3.455604792,1.270519003,72.795377,3.536320042,0.643315681,-170.910628,0.257230073,-0.430005640
wheel,1780715208.808893204,54.860537529,-3.693733178,0.489026457,2.875702844,164.765636,-3.693733178,0.489026457,164.765636,-0.265309943,0.313661510
wheel,1780715208.828493118,54.880137444,-3.673143340,0.483383231,2.872464440,164.580089,-3.673143340,0.483383231,164.580089,-0.306504888,0.308872701
wheel,1780715208.848290682,54.899935007,-3.663019624,0.480626158,2.878941248,164.951183,-3.663019624,0.480626158,164.951183,-0.317688515,0.309056674
wheel,1780715208.868271828,54.919916153,-3.663019624,0.480626158,2.878941248,164.951183,-3.663019624,0.480626158,164.951183,-0.301804089,0.305966107
wheel,1780715208.888251305,54.939895630,-3.663019624,0.480626158,2.878941248,164.951183,-3.663019624,0.480626158,164.951183,-0.286713885,0.302906446
wheel,1780715208.908270597,54.959914923,-3.631415839,0.472168264,2.881254394,165.083716,-3.631415839,0.472168264,165.083716,-0.354176988,0.301034080
wheel,1780715208.928260803,54.979905128,-3.620924284,0.469376083,2.881717023,165.110223,-3.620924284,0.469376083,165.110223,-0.363596457,0.298254938
wheel,1780715208.948308945,54.999953270,-3.610782924,0.466684636,2.882642282,165.163237,-3.610782924,0.466684636,165.163237,-0.371583474,0.295733885
wheel,1780715208.968297720,55.019942045,-3.610782924,0.466684636,2.882642282,165.163237,-3.610782924,0.466684636,165.163237,-0.353004300,0.292776546
wheel,1780715208.988248587,55.039892912,-3.590841365,0.461436699,2.885880686,165.348783,-3.590841365,0.461436699,165.348783,-0.387027447,0.291471815
wheel,1780715209.008676529,55.060320854,-3.580476752,0.458734706,2.887268573,165.428304,-3.580476752,0.458734706,165.428304,-0.393892669,0.289236503
wheel,1780715209.028284311,55.079928637,-3.570953653,0.456270902,2.889581719,165.560837,-3.570953653,0.456270902,165.560837,-0.399281882,0.287523861
wheel,1780715209.048274279,55.099918604,-3.561423753,0.453833542,2.892820123,165.746384,-3.561423753,0.453833542,165.746384,-0.403925870,0.286268907
wheel,1780715209.068244457,55.119888783,-3.561423753,0.453833542,2.892820123,165.746384,-3.561423753,0.453833542,165.746384,-0.383729576,0.283406218
wheel,1780715209.088325977,55.139970303,-3.561423753,0.453833542,2.892820123,165.746384,-3.561423753,0.453833542,165.746384,-0.364543098,0.280572156
rtabmap,1780715209.098104239,55.700271606,-0.937505662,-3.256524086,1.237963419,70.930079,3.334947502,0.601454371,-172.775925,0.685256422,-0.108581968
wheel,1780715209.108257771,55.159902096,-3.533484745,0.446921523,2.905311110,166.462065,-3.533484745,0.446921523,166.462065,-0.418436092,0.284026411
wheel,1780715209.132400036,55.184044361,-3.533484745,0.446921523,2.905311110,166.462065,-3.533484745,0.446921523,166.462065,-0.397514288,0.281186147
wheel,1780715209.148314238,55.199958563,-3.514482951,0.442420625,2.912713177,166.886172,-3.514482951,0.442420625,166.886172,-0.439015155,0.283027331
wheel,1780715209.168362617,55.220006943,-3.514482951,0.442420625,2.912713177,166.886172,-3.514482951,0.442420625,166.886172,-0.417064397,0.280197058
wheel,1780715209.188254833,55.239899158,-3.514482951,0.442420625,2.912713177,166.886172,-3.514482951,0.442420625,166.886172,-0.396211177,0.277395088
wheel,1780715209.208240986,55.259885311,-3.492176514,0.437332759,2.921965760,167.416306,-3.492176514,0.437332759,167.416306,-0.433635147,0.279250357
wheel,1780715209.228312731,55.279957056,-3.492176514,0.437332759,2.921965760,167.416306,-3.492176514,0.437332759,167.416306,-0.411953389,0.276457854
wheel,1780715209.248207331,55.299851656,-3.484139410,0.435544509,2.923353647,167.495826,-3.484139410,0.435544509,167.495826,-0.412044416,0.274390745
wheel,1780715209.268239021,55.319883347,-3.475316768,0.433596465,2.925204164,167.601853,-3.475316768,0.433596465,167.601853,-0.413992451,0.272570555
wheel,1780715209.288391113,55.340035439,-3.475316768,0.433596465,2.925204164,167.601853,-3.475316768,0.433596465,167.601853,-0.393292828,0.269844850
wheel,1780715209.308315516,55.359959841,-3.451246053,0.428386651,2.931680972,167.972947,-3.451246053,0.428386651,167.972947,-0.435428998,0.270396937
wheel,1780715209.328489780,55.380134106,-3.443190377,0.426684020,2.934919376,168.158493,-3.443190377,0.426684020,168.158493,-0.434070121,0.269298676
wheel,1780715209.348282099,55.399926424,-3.435200183,0.425024169,2.938620410,168.370547,-3.435200183,0.425024169,168.370547,-0.432978667,0.268475263
wheel,1780715209.368250370,55.419894695,-3.435200183,0.425024169,2.938620410,168.370547,-3.435200183,0.425024169,168.370547,-0.411329734,0.265790511
wheel,1780715209.388283491,55.439927816,-3.421550321,0.422310255,2.952036655,169.139241,-3.421550321,0.422310255,169.139241,-0.425507011,0.269831312
rtabmap,1780715209.398362160,56.000529528,-0.890516639,-3.136446953,1.187558601,68.042096,3.206479339,0.590390138,-175.663909,0.429096848,-0.167871565
wheel,1780715209.410411119,55.462055445,-3.421550321,0.422310255,2.952036655,169.139241,-3.421550321,0.422310255,169.139241,-0.404231661,0.267132999
wheel,1780715209.428247452,55.479891777,-3.410005981,0.420225226,2.973780226,170.385056,-3.410005981,0.420225226,170.385056,-0.416905535,0.276652275
wheel,1780715209.449155331,55.500799656,-3.405763951,0.419527783,2.983495438,170.941697,-3.405763951,0.419527783,170.941697,-0.406340910,0.278532375
wheel,1780715209.468372583,55.520016909,-3.405763951,0.419527783,2.983495438,170.941697,-3.405763951,0.419527783,170.941697,-0.386023864,0.275747051
wheel,1780715209.489577293,55.541221619,-3.395673680,0.418029026,3.004776379,172.161005,-3.395673680,0.418029026,172.161005,-0.390719296,0.283001777
wheel,1780715209.508357525,55.560001850,-3.395673680,0.418029026,3.004776379,172.161005,-3.395673680,0.418029026,172.161005,-0.371183331,0.280171760
wheel,1780715209.528449535,55.580093861,-3.391267883,0.417442170,3.013566333,172.664632,-3.391267883,0.417442170,172.664632,-0.363647641,0.281730095
wheel,1780715209.549669027,55.601313353,-3.383454003,0.416509697,3.032071500,173.724900,-3.383454003,0.416509697,173.724900,-0.364005016,0.287632257
wheel,1780715209.570121050,55.621765375,-3.383454003,0.416509697,3.032071500,173.724900,-3.383454003,0.416509697,173.724900,-0.345804765,0.284755934
wheel,1780715209.588272095,55.639916420,-3.374462578,0.415621910,3.054277699,174.997222,-3.374462578,0.415621910,174.997222,-0.353404942,0.294143295
wheel,1780715209.608274221,55.659918547,-3.369596901,0.415224320,3.065843428,175.659889,-3.369596901,0.415224320,175.659889,-0.347937405,0.296983767
wheel,1780715209.628255367,55.679899693,-3.364436208,0.414862655,3.077409157,176.322557,-3.364436208,0.414862655,176.322557,-0.343486733,0.299802527
wheel,1780715209.648247957,55.699892282,-3.359271677,0.414560700,3.088974886,176.985224,-3.359271677,0.414560700,176.985224,-0.339248870,0.302588750
wheel,1780715209.668312073,55.719956398,-3.359271677,0.414560700,3.088974886,176.985224,-3.359271677,0.414560700,176.985224,-0.322286426,0.299562863
wheel,1780715209.688280106,55.739924431,-3.347769744,0.414066934,3.108405311,178.098505,-3.347769744,0.414066934,178.098505,-0.334990896,0.306295096
rtabmap,1780715209.698309422,56.300476789,-0.852033377,-3.081985712,1.024039425,58.673137,3.140605838,0.600766556,174.967133,0.216372699,-0.545159996
wheel,1780715209.708260775,55.759905100,-3.342088443,0.413912518,3.120433669,178.787679,-3.342088443,0.413912518,178.787679,-0.332466141,0.309253221
wheel,1780715209.728273392,55.779917717,-3.335968649,0.413814164,3.130611510,179.370827,-3.335968649,0.413814164,179.370827,-0.331134829,0.311246461
wheel,1780715209.748281717,55.799926043,-3.329993914,0.413776194,3.139864093,179.900961,-3.329993914,0.413776194,179.900961,-0.329506698,0.312757647
wheel,1780715209.768300772,55.819945097,-3.329993914,0.413776194,3.139864093,179.900961,-3.329993914,0.413776194,179.900961,-0.313031363,0.309630071
wheel,1780715209.788252115,55.839896441,-3.318190308,0.413870468,-3.123890789,-178.985758,-3.318190308,0.413870468,-178.985758,-0.326955005,0.316270464
wheel,1780715209.810546160,55.862190485,-3.318190308,0.413870468,-3.123890789,-178.985758,-3.318190308,0.413870468,-178.985758,-0.310607255,0.313107760
wheel,1780715209.828564644,55.880208969,-3.312144065,0.414004092,-3.115100835,-178.482131,-3.312144065,0.414004092,-178.482131,-0.311855328,0.314853948
wheel,1780715209.848266363,55.899910688,-3.300056153,0.414430752,-3.097520927,-177.474876,-3.300056153,0.414430752,-177.474876,-0.326960082,0.320628765
wheel,1780715209.868307114,55.919951439,-3.300056153,0.414430752,-3.097520927,-177.474876,-3.300056153,0.414430752,-177.474876,-0.310612078,0.317422477
wheel,1780715209.891820669,55.943464994,-3.300056153,0.414430752,-3.097520927,-177.474876,-3.300056153,0.414430752,-177.474876,-0.295081474,0.314248252
wheel,1780715209.908247709,55.959892035,-3.287609661,0.415005611,-3.093357265,-177.236316,-3.287609661,0.415005611,-177.236316,-0.318249191,0.313640225
wheel,1780715209.928270578,55.979914904,-3.287609661,0.415005611,-3.093357265,-177.236316,-3.287609661,0.415005611,-177.236316,-0.302336732,0.310503823
wheel,1780715209.948308229,55.999952555,-3.273653097,0.415970898,-3.051720641,-174.850713,-3.273653097,0.415970898,-174.850713,-0.322125619,0.328176001
rtabmap,1780715209.964956999,56.567124367,-0.805765808,-3.021307468,0.893017660,51.166143,3.065710319,0.615367871,167.460139,0.284599185,-0.491366953
wheel,1780715209.969994068,56.021638393,-3.273653097,0.415970898,-3.051720641,-174.850713,-3.273653097,0.415970898,-174.850713,-0.306019338,0.324894241
wheel,1780715209.988456249,56.040100574,-3.261039917,0.417254757,-3.028589183,-173.525378,-3.261039917,0.417254757,-173.525378,-0.325060588,0.334176668
wheel,1780715210.008305550,56.059949875,-3.257421103,0.417675622,-3.023037633,-173.207298,-3.257421103,0.417675622,-173.207298,-0.317982846,0.333631180
wheel,1780715210.028242588,56.079886913,-3.251925708,0.418358579,-3.012859791,-172.624150,-3.251925708,0.418358579,-172.624150,-0.315970771,0.335399554
wheel,1780715210.048307896,56.099952221,-3.246220025,0.419119996,-3.004995096,-172.173536,-3.246220025,0.419119996,-172.173536,-0.314518269,0.335965713
wheel,1780715210.068349600,56.119993925,-3.246220025,0.419119996,-3.004995096,-172.173536,-3.246220025,0.419119996,-172.173536,-0.298792356,0.332606056
wheel,1780715210.090238571,56.141882896,-3.235047144,0.420769138,-2.985102042,-171.033748,-3.235047144,0.420769138,-171.033748,-0.309637768,0.338363508
wheel,1780715210.108285189,56.159929514,-3.229365218,0.421691248,-2.976312088,-170.530121,-3.229365218,0.421691248,-170.530121,-0.310105038,0.339850824
wheel,1780715210.128479242,56.180123568,-3.229365218,0.421691248,-2.976312088,-170.530121,-3.229365218,0.421691248,-170.530121,-0.294599786,0.336452316
wheel,1780715210.149313688,56.200958014,-3.223835252,0.422638657,-2.967522134,-170.026494,-3.223835252,0.422638657,-170.026494,-0.293334054,0.337306649
wheel,1780715210.169260502,56.220904827,-3.217884084,0.423715000,-2.957806922,-169.469853,-3.217884084,0.423715000,-169.469853,-0.293824972,0.338803500
wheel,1780715210.188951731,56.240596056,-3.207300500,0.425783798,-2.939301755,-168.409585,-3.207300500,0.425783798,-168.409585,-0.306511211,0.344811428
wheel,1780715210.208242655,56.259886980,-3.201880953,0.426921479,-2.930049172,-167.879451,-3.201880953,0.426921479,-167.879451,-0.305540117,0.346160129
wheel,1780715210.228249073,56.279893398,-3.196543605,0.428094860,-2.920333960,-167.322811,-3.196543605,0.428094860,-167.322811,-0.303919932,0.347554286
wheel,1780715210.248899460,56.300543785,-3.196543605,0.428094860,-2.920333960,-167.322811,-3.196543605,0.428094860,-167.322811,-0.288723935,0.344078743
wheel,1780715210.268241167,56.319885492,-3.191289197,0.429304919,-2.910156118,-166.739663,-3.191289197,0.429304919,-166.739663,-0.288223117,0.345898845
wheel,1780715210.288242817,56.339887142,-3.180817358,0.431880340,-2.890725694,-165.626382,-3.180817358,0.431880340,-165.626382,-0.300768488,0.352153920
rtabmap,1780715210.298552513,56.900719881,-0.737991393,-2.957133293,0.731972625,41.938942,2.978153539,0.647702162,158.232938,0.277247518,-0.482755691
wheel,1780715210.308287621,56.359931946,-3.175530905,0.433265089,-2.880085223,-165.016728,-3.175530905,0.433265089,-165.016728,-0.299362192,0.353940977
wheel,1780715210.328271866,56.379916191,-3.170398762,0.434662837,-2.871295269,-164.513101,-3.170398762,0.434662837,-164.513101,-0.297703374,0.354800376
wheel,1780715210.348253012,56.399897337,-3.165279102,0.436105642,-2.862505315,-164.009473,-3.165279102,0.436105642,-164.009473,-0.296129403,0.355651812
wheel,1780715210.368465185,56.420109510,-3.165279102,0.436105642,-2.862505315,-164.009473,-3.165279102,0.436105642,-164.009473,-0.281322933,0.352095294
wheel,1780715210.388702869,56.440347195,-3.155149278,0.439107657,-2.844462778,-162.975712,-3.155149278,0.439107657,-162.975712,-0.293365958,0.357491759
wheel,1780715210.408267736,56.459912062,-3.150349170,0.440602964,-2.834747566,-162.419072,-3.150349170,0.440602964,-162.419072,-0.291545006,0.358881999
wheel,1780715210.428279877,56.479924202,-3.150349170,0.440602964,-2.834747566,-162.419072,-3.150349170,0.440602964,-162.419072,-0.276967756,0.355293179
wheel,1780715210.448299885,56.499944210,-3.145356128,0.442213026,-2.824569724,-161.835924,-3.145356128,0.442213026,-161.835924,-0.276222889,0.356824506
wheel,1780715210.468268394,56.519912720,-3.139690318,0.444109733,-2.812541366,-161.146750,-3.139690318,0.444109733,-161.146750,-0.277371725,0.359279637
wheel,1780715210.488248825,56.539893150,-3.130958961,0.447174876,-2.795424087,-160.166002,-3.130958961,0.447174876,-160.166002,-0.286659041,0.364253453
wheel,1780715210.508231163,56.559875488,-3.126169906,0.448929845,-2.785246246,-159.582855,-3.126169906,0.448929845,-159.582855,-0.285087358,0.365703851
wheel,1780715210.528237581,56.579881907,-3.121466706,0.450706611,-2.775531034,-159.026214,-3.121466706,0.450706611,-159.026214,-0.283398463,0.366903034
wheel,1780715210.548252344,56.599896669,-3.116713508,0.452556495,-2.765353192,-158.443067,-3.116713508,0.452556495,-158.443067,-0.281971717,0.368319716
wheel,1780715210.568365574,56.620009899,-3.116713508,0.452556495,-2.765353192,-158.443067,-3.116713508,0.452556495,-158.443067,-0.267873131,0.364636519
wheel,1780715210.588275671,56.639919996,-3.107329547,0.456366988,-2.746385397,-157.356292,-3.107329547,0.456366988,-157.356292,-0.279914079,0.370516876
wheel,1780715210.608256102,56.659900427,-3.102631357,0.458352429,-2.737132813,-156.826158,-3.102631357,0.458352429,-156.826158,-0.278682080,0.371442530
wheel,1780715210.628291368,56.679935694,-3.102631357,0.458352429,-2.737132813,-156.826158,-3.102631357,0.458352429,-156.826158,-0.264747976,0.367728104
wheel,1780715210.648792744,56.700437069,-3.097951739,0.460381255,-2.727880230,-156.296024,-3.097951739,0.460381255,-156.296024,-0.263950532,0.368564186
rtabmap,1780715210.665153265,57.267320633,-0.658370018,-2.895499945,0.551797778,31.615684,2.887626760,0.691783170,147.909680,0.273918718,-0.491474301
wheel,1780715210.668296099,56.719940424,-3.093224998,0.462483986,-2.718165018,-155.739384,-3.093224998,0.462483986,-155.739384,-0.264015725,0.369859847
wheel,1780715210.688355207,56.739999533,-3.083837825,0.466835447,-2.696884077,-154.520075,-3.083837825,0.466835447,-154.520075,-0.276604550,0.376769986
wheel,1780715210.708244085,56.759888411,-3.080095589,0.468636885,-2.689019381,-154.069462,-3.080095589,0.468636885,-154.069462,-0.273215467,0.376956605
wheel,1780715210.728267670,56.779911995,-3.075455167,0.470923814,-2.678378910,-153.459808,-3.075455167,0.470923814,-153.459808,-0.272484229,0.378505694
wheel,1780715210.748802900,56.800447226,-3.075455167,0.470923814,-2.678378910,-153.459808,-3.075455167,0.470923814,-153.459808,-0.258860018,0.374720637
wheel,1780715210.768293619,56.819937944,-3.070902757,0.473223927,-2.669126327,-152.929674,-3.070902757,0.473223927,-152.929674,-0.259003016,0.375721185
wheel,1780715210.788532019,56.840176344,-3.070902757,0.473223927,-2.669126327,-152.929674,-3.070902757,0.473223927,-152.929674,-0.246052865,0.371963974
wheel,1780715210.808247805,56.859892130,-3.056929772,0.480623892,-2.639980690,-151.259752,-3.056929772,0.480623892,-151.259752,-0.273841549,0.383024547
wheel,1780715210.829388380,56.881032705,-3.052850320,0.482883197,-2.631653366,-150.782631,-3.052850320,0.482883197,-150.782631,-0.271179238,0.383133504
wheel,1780715210.848244667,56.899888992,-3.048410313,0.485393436,-2.622400782,-150.252497,-3.048410313,0.485393436,-150.252497,-0.271144223,0.384208816
rtabmap,1780715210.864991426,57.467158794,-0.606923223,-2.876566648,0.455006720,26.069965,2.847862678,0.729519893,142.363960,0.268899828,-0.484347463
wheel,1780715210.868236542,56.919880867,-3.048410313,0.485393436,-2.622400782,-150.252497,-3.048410313,0.485393436,-150.252497,-0.257587012,0.380366728
wheel,1780715210.888233662,56.939877987,-3.039539104,0.490575460,-2.603432987,-149.165722,-3.039539104,0.490575460,-149.165722,-0.270392891,0.386047193
wheel,1780715210.908235550,56.959879875,-3.035172914,0.493212002,-2.593255145,-148.582575,-3.035172914,0.493212002,-148.582575,-0.269623867,0.387275404
wheel,1780715210.928305626,56.979949951,-3.030771168,0.495930124,-2.583539933,-148.025934,-3.030771168,0.495930124,-148.025934,-0.269031811,0.388243641
wheel,1780715210.949679613,57.001323938,-3.026458288,0.498652995,-2.573362092,-147.442787,-3.026458288,0.498652995,-147.442787,-0.267511748,0.389122993
wheel,1780715210.968264580,57.019908905,-3.026458288,0.498652995,-2.573362092,-147.442787,-3.026458288,0.498652995,-147.442787,-0.254136161,0.385231763
wheel,1780715210.988344908,57.039989233,-3.017976400,0.504187988,-2.553469038,-146.302999,-3.017976400,0.504187988,-146.302999,-0.266646239,0.391285360
wheel,1780715211.008986473,57.060630798,-3.017976400,0.504187988,-2.553469038,-146.302999,-3.017976400,0.504187988,-146.302999,-0.253313927,0.387372506
wheel,1780715211.028247118,57.079891443,-3.009186159,0.510179822,-2.533113355,-145.136704,-3.009186159,0.510179822,-145.136704,-0.268264879,0.394067449
wheel,1780715211.048252106,57.099896431,-3.005253022,0.512946987,-2.523860772,-144.606570,-3.005253022,0.512946987,-144.606570,-0.266871643,0.394752078
wheel,1780715211.068256855,57.119901180,-3.005253022,0.512946987,-2.523860772,-144.606570,-3.005253022,0.512946987,-144.606570,-0.253528061,0.390804557
wheel,1780715211.088876486,57.140520811,-2.997173352,0.518809312,-2.503967718,-143.466782,-2.997173352,0.518809312,-143.466782,-0.265056830,0.396543805
rtabmap,1780715211.098332405,57.700499773,-0.548539817,-2.854664087,0.334698372,19.176804,2.802363793,0.772160198,135.470800,0.266000509,-0.515590191
wheel,1780715211.108251572,57.159895897,-2.997173352,0.518809312,-2.503967718,-143.466782,-2.997173352,0.518809312,-143.466782,-0.251803989,0.392578367
wheel,1780715211.128533840,57.180178165,-2.993149578,0.521823649,-2.493327247,-142.857128,-2.993149578,0.521823649,-142.857128,-0.251640496,0.393912565
wheel,1780715211.148246050,57.199890375,-2.984968828,0.528158439,-2.472046306,-141.637820,-2.984968828,0.528158439,-141.637820,-0.265231010,0.400739698
wheel,1780715211.168250799,57.219895124,-2.984968828,0.528158439,-2.472046306,-141.637820,-2.984968828,0.528158439,-141.637820,-0.251969460,0.396732301
wheel,1780715211.188249111,57.239893436,-2.977145478,0.534475331,-2.452615882,-140.524539,-2.977145478,0.534475331,-140.524539,-0.264512419,0.402481473
wheel,1780715211.208260536,57.259904861,-2.973169739,0.537785476,-2.441975411,-139.914885,-2.973169739,0.537785476,-139.914885,-0.264214331,0.403774490
wheel,1780715211.228264093,57.279908419,-2.969171590,0.541182177,-2.432722828,-139.384751,-2.969171590,0.541182177,-139.384751,-0.264114319,0.404361332
wheel,1780715211.248285532,57.299929857,-2.965260915,0.544568942,-2.423007615,-138.828110,-2.965260915,0.544568942,-138.828110,-0.263832439,0.405171742
rtabmap,1780715211.265251398,57.867418766,-0.503521502,-2.842799425,0.247725977,14.193653,2.771784644,0.807264821,130.487649,0.278084546,-0.521045625
wheel,1780715211.268253088,57.319897413,-2.965260915,0.544568942,-2.423007615,-138.828110,-2.965260915,0.544568942,-138.828110,-0.250640817,0.401120024
wheel,1780715211.288318396,57.339962721,-2.957644719,0.551355207,-2.404502449,-137.767842,-2.957644719,0.551355207,-137.767842,-0.263529111,0.406331621
wheel,1780715211.308245182,57.359889507,-2.953723740,0.554949442,-2.394787237,-137.211202,-2.953723740,0.554949442,-137.211202,-0.263698252,0.407143409
wheel,1780715211.328263283,57.379907608,-2.950050789,0.558382577,-2.385072024,-136.654561,-2.950050789,0.558382577,-136.654561,-0.263072376,0.407925709
wheel,1780715211.348373175,57.400017500,-2.946463319,0.561800133,-2.375819441,-136.124427,-2.946463319,0.561800133,-136.124427,-0.262241616,0.408448827
wheel,1780715211.368251562,57.419895887,-2.946463319,0.561800133,-2.375819441,-136.124427,-2.946463319,0.561800133,-136.124427,-0.249129535,0.404364338
wheel,1780715211.388248205,57.439892530,-2.939128650,0.568994183,-2.355926388,-134.984639,-2.939128650,0.568994183,-134.984639,-0.262365945,0.410270434
wheel,1780715211.408247948,57.459892273,-2.935489337,0.572670997,-2.346211175,-134.427998,-2.935489337,0.572670997,-134.427998,-0.262179649,0.411024819
wheel,1780715211.428263664,57.479907990,-2.931987421,0.576278430,-2.336495963,-133.871358,-2.931987421,0.576278430,-133.871358,-0.261630602,0.411768652
rtabmap,1780715211.431654215,58.033821583,-0.455315471,-2.841616869,0.166382019,9.532987,2.749370269,0.849959267,125.826983,0.282593578,-0.488837630
wheel,1780715211.448269129,57.499913454,-2.928420233,0.580025258,-2.326780751,-133.314717,-2.928420233,0.580025258,-133.314717,-0.261479069,0.412507303
wheel,1780715211.468250275,57.519894600,-2.928420233,0.580025258,-2.326780751,-133.314717,-2.928420233,0.580025258,-133.314717,-0.248405116,0.408382230
wheel,1780715211.488248587,57.539892912,-2.921443536,0.587566971,-2.307812955,-132.227942,-2.921443536,0.587566971,-132.227942,-0.261674071,0.413784010
wheel,1780715211.508301020,57.559945345,-2.918034856,0.591361159,-2.297635114,-131.644795,-2.918034856,0.591361159,-131.644795,-0.261329295,0.414730187
wheel,1780715211.528242111,57.579886436,-2.914663198,0.595188284,-2.288382531,-131.114661,-2.914663198,0.595188284,-131.114661,-0.261029125,0.415214647
wheel,1780715211.548304558,57.599948883,-2.911424146,0.598937706,-2.278204689,-130.531514,-2.911424146,0.598937706,-130.531514,-0.260328210,0.416136486
wheel,1780715211.568248510,57.619892836,-2.911424146,0.598937706,-2.278204689,-130.531514,-2.911424146,0.598937706,-130.531514,-0.247311800,0.411975121
wheel,1780715211.589513540,57.641157866,-2.911424146,0.598937706,-2.278204689,-130.531514,-2.911424146,0.598937706,-130.531514,-0.234946210,0.407855370
wheel,1780715211.608258963,57.659903288,-2.901620662,0.610780912,-2.246283277,-128.702551,-2.901620662,0.610780912,-128.702551,-0.264198242,0.420802045
wheel,1780715211.628253222,57.679897547,-2.898766137,0.614375882,-2.237493323,-128.198924,-2.898766137,0.614375882,-128.198924,-0.262466488,0.420989792
rtabmap,1780715211.631589413,58.233756781,-0.398243845,-2.833846092,0.063261667,3.624627,2.717122081,0.897683578,119.918622,0.287945598,-0.515768886
wheel,1780715211.648277521,57.699921846,-2.895676317,0.618341988,-2.227778111,-127.642283,-2.895676317,0.618341988,-127.642283,-0.261898312,0.421632126
wheel,1780715211.668888092,57.720532417,-2.895676317,0.618341988,-2.227778111,-127.642283,-2.895676317,0.618341988,-127.642283,-0.248803397,0.417415804
wheel,1780715211.688266993,57.739911318,-2.889570854,0.626422948,-2.207885057,-126.502495,-2.889570854,0.626422948,-126.502495,-0.262498236,0.423508225
wheel,1780715211.708338976,57.759983301,-2.886597924,0.630477412,-2.199095103,-125.998868,-2.886597924,0.630477412,-125.998868,-0.261904896,0.423655013
wheel,1780715211.728331804,57.779976130,-2.886597924,0.630477412,-2.199095103,-125.998868,-2.886597924,0.630477412,-125.998868,-0.248809651,0.419418463
wheel,1780715211.748304129,57.799948454,-2.880224010,0.639445563,-2.178276791,-124.806067,-2.880224010,0.639445563,-124.806067,-0.263908548,0.425645992
wheel,1780715211.768311501,57.819955826,-2.880224010,0.639445563,-2.178276791,-124.806067,-2.880224010,0.639445563,-124.806067,-0.250713120,0.421389532
wheel,1780715211.788277864,57.839922190,-2.873727200,0.648949758,-2.162547400,-123.904839,-2.873727200,0.648949758,-123.904839,-0.267010365,0.425054429
rtabmap,1780715211.798368216,58.400535583,-0.357171774,-2.834705353,-0.016424644,-0.941063,2.699698443,0.934886671,115.352933,0.245448321,-0.477796376
wheel,1780715211.809131145,57.860775471,-2.870292641,0.654103650,-2.154682704,-123.454225,-2.870292641,0.654103650,-123.454225,-0.268511771,0.424575802
wheel,1780715211.828416824,57.880061150,-2.870292641,0.654103650,-2.154682704,-123.454225,-2.870292641,0.654103650,-123.454225,-0.255086183,0.420330044
wheel,1780715211.849489927,57.901134253,-2.863265278,0.664917869,-2.139415942,-122.579504,-2.863265278,0.664917869,-122.579504,-0.272928207,0.423370427
wheel,1780715211.868269920,57.919914246,-2.863265278,0.664917869,-2.139415942,-122.579504,-2.863265278,0.664917869,-122.579504,-0.259281796,0.419136723
wheel,1780715211.888442993,57.940087318,-2.856238435,0.676078398,-2.125999696,-121.810810,-2.856238435,0.676078398,-121.810810,-0.279024778,0.421599780
wheel,1780715211.908338785,57.959983110,-2.856238435,0.676078398,-2.125999696,-121.810810,-2.856238435,0.676078398,-121.810810,-0.265073539,0.417383783
wheel,1780715211.928271294,57.979915619,-2.848900503,0.688074907,-2.113508709,-121.095129,-2.848900503,0.688074907,-121.095129,-0.287066317,0.419471343
wheel,1780715211.948385000,58.000029325,-2.845529275,0.693699776,-2.107957159,-120.777049,-2.845529275,0.693699776,-120.777049,-0.289013968,0.418036582
wheel,1780715211.969434261,58.021078587,-2.845529275,0.693699776,-2.107957159,-120.777049,-2.845529275,0.693699776,-120.777049,-0.274563270,0.413856216
wheel,1780715211.988261700,58.039906025,-2.838147817,0.706264851,-2.095928801,-120.087874,-2.838147817,0.706264851,-120.087874,-0.299530238,0.416105422
rtabmap,1780715211.998201609,58.600368977,-0.273866773,-2.832273006,-0.089963136,-5.154508,2.660615545,1.008494868,111.139488,0.416616201,-0.367998958
wheel,1780715212.008254051,58.059898376,-2.835091657,0.711567816,-2.091302509,-119.822807,-2.835091657,0.711567816,-119.822807,-0.299859579,0.414258177
wheel,1780715212.028316975,58.079961300,-2.835091657,0.711567816,-2.091302509,-119.822807,-2.835091657,0.711567816,-119.822807,-0.284866600,0.410115596
wheel,1780715212.049997091,58.101641417,-2.827863989,0.724305823,-2.082512555,-119.319180,-2.827863989,0.724305823,-119.319180,-0.304403747,0.410069270
wheel,1780715212.069460392,58.121104717,-2.827863989,0.724305823,-2.082512555,-119.319180,-2.827863989,0.724305823,-119.319180,-0.289183559,0.405968578
wheel,1780715212.088267326,58.139911652,-2.820775128,0.737038266,-2.075110489,-118.895073,-2.820775128,0.737038266,-118.895073,-0.313467096,0.405844660
wheel,1780715212.108275652,58.159919977,-2.817549535,0.742914695,-2.070484197,-118.630006,-2.817549535,0.742914695,-118.630006,-0.314548304,0.404098782
wheel,1780715212.128270388,58.179914713,-2.814387276,0.748742679,-2.065395277,-118.338432,-2.814387276,0.748742679,-118.338432,-0.315401439,0.402602864
wheel,1780715212.148574352,58.200218678,-2.814387276,0.748742679,-2.065395277,-118.338432,-2.814387276,0.748742679,-118.338432,-0.299631367,0.398576835
wheel,1780715212.168264151,58.219908476,-2.811229863,0.754656020,-2.057067952,-117.861312,-2.811229863,0.754656020,-117.861312,-0.301671121,0.398819967
wheel,1780715212.188227654,58.239871979,-2.807512332,0.762165602,-2.003865599,-114.813042,-2.807512332,0.762165602,-114.813042,-0.307574791,0.421482213
wheel,1780715212.208276272,58.259920597,-2.804968601,0.767410424,-2.040875931,-116.933577,-2.804968601,0.767410424,-116.933577,-0.306732147,0.398808856
wheel,1780715212.228272915,58.279917240,-2.797904996,0.781637819,-2.022370765,-115.873309,-2.797904996,0.781637819,-115.873309,-0.331114084,0.404075124
rtabmap,1780715212.231581450,58.833748817,-0.191229761,-2.849300385,-0.157877730,-9.045728,2.639274834,1.090124406,107.248268,0.359210998,-0.291004628
wheel,1780715212.249357939,58.301002264,-2.795269652,0.787081152,-2.020982877,-115.793789,-2.795269652,0.787081152,-115.793789,-0.328900135,0.400692629
wheel,1780715212.268270016,58.319914341,-2.795269652,0.787081152,-2.020982877,-115.793789,-2.795269652,0.787081152,-115.793789,-0.312455128,0.396685703
wheel,1780715212.288299561,58.339943886,-2.788263667,0.801741854,-2.012192923,-115.290162,-2.788263667,0.801741854,-115.290162,-0.337402876,0.397108280
wheel,1780715212.308208704,58.359853029,-2.788263667,0.801741854,-2.012192923,-115.290162,-2.788263667,0.801741854,-115.290162,-0.320532732,0.393137198
wheel,1780715212.328267336,58.379911661,-2.781469255,0.816260810,-2.004790857,-114.866055,-2.781469255,0.816260810,-114.866055,-0.344477508,0.392897269
wheel,1780715212.348270178,58.399914503,-2.777929301,0.823936030,-2.001089824,-114.654001,-2.777929301,0.823936030,-114.654001,-0.348377189,0.390818197
wheel,1780715212.368268967,58.419913292,-2.777929301,0.823936030,-2.001089824,-114.654001,-2.777929301,0.823936030,-114.654001,-0.330958330,0.386910016
wheel,1780715212.388311148,58.439955473,-2.770867243,0.839454940,-1.994613015,-114.282908,-2.770867243,0.839454940,-114.282908,-0.356942149,0.386272196
rtabmap,1780715212.398352385,59.000519753,-0.119926311,-2.864997387,-0.193258890,-11.072919,2.621761907,1.161003706,105.221077,0.437034130,-0.212154150
wheel,1780715212.408248425,58.459892750,-2.767704007,0.846501062,-1.990911982,-114.070854,-2.767704007,0.846501062,-114.070854,-0.358465005,0.384265835
wheel,1780715212.428277493,58.479921818,-2.764357960,0.854024149,-1.987673578,-113.885307,-2.764357960,0.854024149,-113.885307,-0.361102350,0.382040529
wheel,1780715212.448348999,58.499993324,-2.764357960,0.854024149,-1.987673578,-113.885307,-2.764357960,0.854024149,-113.885307,-0.343047233,0.378220124
wheel,1780715212.468255281,58.519899607,-2.761070872,0.861493644,-1.983047286,-113.620240,-2.761070872,0.861493644,-113.620240,-0.346374962,0.376759929
wheel,1780715212.488258839,58.539903164,-2.754528765,0.876605636,-1.975645220,-113.196133,-2.754528765,0.876605636,-113.196133,-0.370219068,0.376692881
wheel,1780715212.508314371,58.559958696,-2.754528765,0.876605636,-1.975645220,-113.196133,-2.754528765,0.876605636,-113.196133,-0.351708114,0.372925952
wheel,1780715212.528278589,58.579922915,-2.748009789,0.891965371,-1.968705783,-112.798532,-2.748009789,0.891965371,-112.798532,-0.375917158,0.372673045
wheel,1780715212.548316002,58.599960327,-2.745287654,0.898487948,-1.963616862,-112.506959,-2.745287654,0.898487948,-112.506959,-0.374763099,0.371486780
rtabmap,1780715212.564947605,59.167114973,-0.047766998,-2.877711535,-0.227387856,-13.028364,2.601195624,1.231328978,103.265631,0.439735949,-0.204862013
wheel,1780715212.568282366,58.619926691,-2.745287654,0.898487948,-1.963616862,-112.506959,-2.745287654,0.898487948,-112.506959,-0.356024944,0.367771912
wheel,1780715212.588289976,58.639934301,-2.739409718,0.912851857,-1.954826908,-112.003331,-2.739409718,0.912851857,-112.003331,-0.377015076,0.368488179
wheel,1780715212.608253717,58.659898043,-2.736395114,0.920356957,-1.950663245,-111.764771,-2.736395114,0.920356957,-111.764771,-0.378416237,0.366888436
wheel,1780715212.628257751,58.679902077,-2.733411784,0.927874543,-1.946499583,-111.526211,-2.733411784,0.927874543,-111.526211,-0.379711615,0.365301013
wheel,1780715212.648248434,58.699892759,-2.730512971,0.935268811,-1.942335921,-111.287651,-2.730512971,0.935268811,-111.287651,-0.380589569,0.363730680
wheel,1780715212.668251753,58.719896078,-2.730512971,0.935268811,-1.942335921,-111.287651,-2.730512971,0.935268811,-111.287651,-0.361560091,0.360093373
wheel,1780715212.688365459,58.740009785,-2.730512971,0.935268811,-1.942335921,-111.287651,-2.730512971,0.935268811,-111.287651,-0.343482086,0.356492440
wheel,1780715212.708246708,58.759891033,-2.721928661,0.957729418,-1.929382304,-110.545463,-2.721928661,0.957729418,-110.545463,-0.386783541,0.359443400
wheel,1780715212.728305101,58.779949427,-2.719105976,0.965308785,-1.925218642,-110.306903,-2.719105976,0.965308785,-110.306903,-0.387613197,0.357925551
wheel,1780715212.748415709,58.800060034,-2.716314874,0.972899840,-1.921054979,-110.068343,-2.716314874,0.972899840,-110.068343,-0.388332537,0.356415794
rtabmap,1780715212.764873505,59.367040873,0.035788365,-2.894575834,-0.273233983,-15.655154,2.579301899,1.313709608,100.638842,0.426188529,-0.229315147
wheel,1780715212.768246651,58.819890976,-2.716314874,0.972899840,-1.921054979,-110.068343,-2.716314874,0.972899840,-110.068343,-0.368915910,0.352851636
wheel,1780715212.788247824,58.839892149,-2.710884009,0.987981942,-1.911802396,-109.538209,-2.710884009,0.987981942,-109.538209,-0.390548748,0.353949802
wheel,1780715212.808325052,58.859969378,-2.708291899,0.995334882,-1.907638734,-109.299648,-2.708291899,0.995334882,-109.299648,-0.390440710,0.352484472
wheel,1780715212.828251839,58.879896164,-2.705733834,1.002699735,-1.902549813,-109.008075,-2.705733834,1.002699735,-109.008075,-0.390475582,0.351512673
wheel,1780715212.849705935,58.901350260,-2.703235147,1.010007981,-1.897923521,-108.743008,-2.703235147,1.010007981,-108.743008,-0.388954882,0.350154249
wheel,1780715212.868272781,58.919917107,-2.703235147,1.010007981,-1.897923521,-108.743008,-2.703235147,1.010007981,-108.743008,-0.369507138,0.346652706
wheel,1780715212.888345480,58.939989805,-2.698398940,1.024525066,-1.886820422,-108.106847,-2.698398940,1.024525066,-108.106847,-0.389206283,0.348726243
wheel,1780715212.908316851,58.959961176,-2.698398940,1.024525066,-1.886820422,-108.106847,-2.698398940,1.024525066,-108.106847,-0.369745968,0.345238981
wheel,1780715212.928267002,58.979911327,-2.693475799,1.039856999,-1.876179951,-107.497193,-2.693475799,1.039856999,-107.497193,-0.391612330,0.347119546
wheel,1780715212.948680639,59.000324965,-2.691454875,1.046324991,-1.871091030,-107.205619,-2.691454875,1.046324991,-107.205619,-0.388628958,0.346141195
rtabmap,1780715212.964910746,59.567078114,0.113421954,-2.917263985,-0.326587796,-18.712102,2.565252658,1.393361006,97.581893,0.404305160,-0.266719669
wheel,1780715212.968502283,59.020146608,-2.691454875,1.046324991,-1.871091030,-107.205619,-2.691454875,1.046324991,-107.205619,-0.369197510,0.342679783
wheel,1780715212.988271236,59.039915562,-2.687119031,1.060618996,-1.859525301,-106.542952,-2.687119031,1.060618996,-106.542952,-0.388299027,0.345069693
wheel,1780715213.008244753,59.059889078,-2.685111285,1.067395647,-1.858137414,-106.463432,-2.685111285,1.067395647,-106.463432,-0.386575569,0.342313802
wheel,1780715213.028245449,59.079889774,-2.683062462,1.074388077,-1.853511122,-106.198365,-2.683062462,1.074388077,-106.198365,-0.385464134,0.341203978
wheel,1780715213.048306942,59.099951267,-2.680965351,1.081669984,-1.848884831,-105.933298,-2.680965351,1.081669984,-105.933298,-0.385084258,0.340098816
wheel,1780715213.068260908,59.119905233,-2.680965351,1.081669984,-1.848884831,-105.933298,-2.680965351,1.081669984,-105.933298,-0.365830045,0.336697828
wheel,1780715213.089320660,59.140964985,-2.680965351,1.081669984,-1.848884831,-105.933298,-2.680965351,1.081669984,-105.933298,-0.347538543,0.333330849
wheel,1780715213.108241081,59.159885406,-2.674880780,1.103498562,-1.836393843,-105.217617,-2.674880780,1.103498562,-105.217617,-0.390041411,0.336598896
wheel,1780715213.128254414,59.179898739,-2.673019206,1.110392318,-1.832692810,-105.005563,-2.673019206,1.110392318,-105.005563,-0.388381064,0.335082389
rtabmap,1780715213.131715775,59.733883142,0.173852146,-2.938178539,-0.364042546,-20.858101,2.557234044,1.456803330,95.435894,0.383356214,-0.224542588
wheel,1780715213.149657726,59.201302052,-2.671012799,1.117926181,-1.829454406,-104.820016,-2.671012799,1.117926181,-104.820016,-0.387174606,0.333244554
wheel,1780715213.168315172,59.219959497,-2.671012799,1.117926181,-1.829454406,-104.820016,-2.671012799,1.117926181,-104.820016,-0.367815875,0.329912108
wheel,1780715213.188283920,59.239928246,-2.666749427,1.134284198,-1.822052340,-104.395909,-2.666749427,1.134284198,-104.395909,-0.391752396,0.330319813
wheel,1780715213.208296776,59.259941101,-2.665360818,1.139720177,-1.819739194,-104.263376,-2.665360818,1.139720177,-104.263376,-0.386182438,0.328172472
wheel,1780715213.228280544,59.279924870,-2.663484412,1.147137236,-1.817426048,-104.130842,-2.663484412,1.147137236,-104.130842,-0.386015675,0.326048260
wheel,1780715213.248340368,59.299984694,-2.661644575,1.154488362,-1.814650273,-103.971802,-2.661644575,1.154488362,-103.971802,-0.385602833,0.324171509
wheel,1780715213.268295288,59.319939613,-2.661644575,1.154488362,-1.814650273,-103.971802,-2.661644575,1.154488362,-103.971802,-0.366322691,0.320929794
wheel,1780715213.288257122,59.339901447,-2.657956694,1.169413822,-1.811411869,-103.786255,-2.657956694,1.169413822,-103.786255,-0.386508495,0.319342484
rtabmap,1780715213.298354864,59.900522232,0.233551249,-2.965749741,-0.388039559,-22.233029,2.555507188,1.522538952,94.060967,0.393686831,-0.144005775
wheel,1780715213.308281422,59.359925747,-2.656214551,1.176563916,-1.808173465,-103.600708,-2.656214551,1.176563916,-103.600708,-0.385561772,0.317766547
wheel,1780715213.328260660,59.379904985,-2.654442808,1.183931750,-1.805397690,-103.441668,-2.654442808,1.183931750,-103.441668,-0.385248260,0.315978227
wheel,1780715213.349223137,59.400867462,-2.652657846,1.191446256,-1.802621915,-103.282628,-2.652657846,1.191446256,-103.282628,-0.384405550,0.314142413
wheel,1780715213.368266582,59.419910908,-2.652657846,1.191446256,-1.802621915,-103.282628,-2.652657846,1.191446256,-103.282628,-0.365185273,0.311000989
wheel,1780715213.390083075,59.441727400,-2.652657846,1.191446256,-1.802621915,-103.282628,-2.652657846,1.191446256,-103.282628,-0.346926009,0.307890979
wheel,1780715213.408266306,59.459910631,-2.648307369,1.211155166,-1.773476278,-101.612706,-2.648307369,1.211155166,-101.612706,-0.385081073,0.320841344
wheel,1780715213.428272009,59.479916334,-2.645600357,1.223541154,-1.798458253,-103.044068,-2.645600357,1.223541154,-103.044068,-0.397513864,0.305145504
wheel,1780715213.448202133,59.499846458,-2.645600357,1.223541154,-1.798458253,-103.044068,-2.645600357,1.223541154,-103.044068,-0.377638171,0.302094049
rtabmap,1780715213.464936733,60.067104101,0.299398959,-2.988555908,-0.402489907,-23.060973,2.546784629,1.591676201,93.233023,0.417700261,-0.086745858
wheel,1780715213.468497038,59.520141363,-2.643991921,1.230498327,-1.797532994,-102.991054,-2.643991921,1.230498327,-102.991054,-0.376350009,0.299529053
wheel,1780715213.490269423,59.541913748,-2.640088933,1.247469836,-1.796145107,-102.911534,-2.640088933,1.247469836,-102.911534,-0.397523848,0.297171201
wheel,1780715213.508256435,59.559900761,-2.638363124,1.254998148,-1.796145107,-102.911534,-2.638363124,1.254998148,-102.911534,-0.399115013,0.294199489
wheel,1780715213.528265238,59.579909563,-2.636561380,1.262882822,-1.794757219,-102.832014,-2.636561380,1.262882822,-102.832014,-0.399373766,0.291951257
wheel,1780715213.549210072,59.600854397,-2.636561380,1.262882822,-1.794757219,-102.832014,-2.636561380,1.262882822,-102.832014,-0.379405077,0.289031744
wheel,1780715213.568584681,59.620229006,-2.634748926,1.270839788,-1.794757219,-102.832014,-2.634748926,1.270839788,-102.832014,-0.381503359,0.286141427
wheel,1780715213.588280201,59.639924526,-2.631046867,1.287109799,-1.794294590,-102.805507,-2.631046867,1.287109799,-102.805507,-0.404769313,0.283514801
wheel,1780715213.608251333,59.659895658,-2.629277588,1.294852406,-1.796607736,-102.938041,-2.629277588,1.294852406,-102.938041,-0.404414064,0.279521463
wheel,1780715213.628521442,59.680165768,-2.627468549,1.302735410,-1.796145107,-102.911534,-2.627468549,1.302735410,-102.911534,-0.404153098,0.276954588
wheel,1780715213.648307562,59.699951887,-2.625641373,1.310689008,-1.797070365,-102.964547,-2.625641373,1.310689008,-102.964547,-0.404561716,0.273717553
wheel,1780715213.669939041,59.721583366,-2.625641373,1.310689008,-1.797070365,-102.964547,-2.625641373,1.310689008,-102.964547,-0.384333630,0.270980378
wheel,1780715213.688304186,59.739948511,-2.622050607,1.326236992,-1.798458253,-103.044068,-2.622050607,1.326236992,-103.044068,-0.408559609,0.267514885
rtabmap,1780715213.698254347,60.300421715,0.388182133,-3.024155378,-0.398052635,-22.806736,2.539371798,1.687042989,93.487260,0.409883469,0.019018462
wheel,1780715213.708245754,59.759890079,-2.620336865,1.333618532,-1.799383511,-103.097081,-2.620336865,1.333618532,-103.097081,-0.407131576,0.264375757
wheel,1780715213.729236364,59.780880690,-2.620336865,1.333618532,-1.799383511,-103.097081,-2.620336865,1.333618532,-103.097081,-0.386774997,0.261732000
wheel,1780715213.748659372,59.800303698,-2.616556932,1.350020210,-1.795219848,-102.858521,-2.616556932,1.350020210,-102.858521,-0.410760500,0.261258118
wheel,1780715213.768257856,59.819902182,-2.616556932,1.350020210,-1.795219848,-102.858521,-2.616556932,1.350020210,-102.858521,-0.390222475,0.258645537
wheel,1780715213.788491011,59.840135336,-2.616556932,1.350020210,-1.795219848,-102.858521,-2.616556932,1.350020210,-102.858521,-0.370711351,0.256059082
wheel,1780715213.808306456,59.859950781,-2.611249887,1.373023934,-1.799846140,-103.123588,-2.611249887,1.373023934,-103.123588,-0.411754711,0.251163436
wheel,1780715213.828284025,59.879928350,-2.611249887,1.373023934,-1.799846140,-103.123588,-2.611249887,1.373023934,-103.123588,-0.391166975,0.248651802
wheel,1780715213.848389864,59.900034189,-2.609525902,1.380403089,-1.800771398,-103.176601,-2.609525902,1.380403089,-103.176601,-0.390470115,0.245704686
wheel,1780715213.868298054,59.919942379,-2.607443547,1.389269862,-1.802159286,-103.256121,-2.607443547,1.389269862,-103.256121,-0.393806042,0.242550970
wheel,1780715213.888664007,59.940308332,-2.603841695,1.404590814,-1.801234027,-103.203108,-2.603841695,1.404590814,-103.203108,-0.412753978,0.240579761
wheel,1780715213.908293247,59.959937572,-2.602089071,1.412038094,-1.802621915,-103.282628,-2.602089071,1.412038094,-103.282628,-0.411600587,0.237467050
wheel,1780715213.928252459,59.979896784,-2.600214095,1.419980560,-1.802621915,-103.282628,-2.600214095,1.419980560,-103.282628,-0.411463220,0.235092379
rtabmap,1780715213.931782961,60.533950329,0.481121808,-3.059800625,-0.394334003,-22.593674,2.530158772,1.786156494,93.700322,0.426030904,0.015923630
wheel,1780715213.948272467,59.999916792,-2.598387552,1.427709859,-1.803084544,-103.309134,-2.598387552,1.427709859,-103.309134,-0.410726390,0.232510364
wheel,1780715213.968287706,60.019932032,-2.598387552,1.427709859,-1.803084544,-103.309134,-2.598387552,1.427709859,-103.309134,-0.390190070,0.230185260
wheel,1780715213.988255024,60.039899349,-2.594676947,1.443379475,-1.803547173,-103.335641,-2.594676947,1.443379475,-103.335641,-0.410987026,0.227651811
wheel,1780715214.008237123,60.059881449,-2.592828235,1.451178404,-1.803547173,-103.335641,-2.592828235,1.451178404,-103.335641,-0.410490379,0.225375293
wheel,1780715214.028264761,60.079909086,-2.590979523,1.458977333,-1.803547173,-103.335641,-2.590979523,1.458977333,-103.335641,-0.409977979,0.223121540
wheel,1780715214.048249245,60.099893570,-2.589063585,1.467059859,-1.803547173,-103.335641,-2.589063585,1.467059859,-103.335641,-0.410259982,0.220890325
wheel,1780715214.068212271,60.119856596,-2.589063585,1.467059859,-1.803547173,-103.335641,-2.589063585,1.467059859,-103.335641,-0.389746983,0.218681421
wheel,1780715214.088912010,60.140556335,-2.585257910,1.483081355,-1.804472432,-103.388655,-2.585257910,1.483081355,-103.388655,-0.410047183,0.216047493
wheel,1780715214.108307123,60.159951448,-2.583349514,1.491090780,-1.804935061,-103.415161,-2.583349514,1.491090780,-103.415161,-0.410766464,0.213648539
wheel,1780715214.128257751,60.179902077,-2.581456170,1.499028887,-1.804935061,-103.415161,-2.581456170,1.499028887,-103.415161,-0.410683753,0.211512054
rtabmap,1780715214.131645918,60.733813286,0.561663151,-3.089634895,-0.391944237,-22.456751,2.521228194,1.871580357,93.837245,0.429405272,0.011957012
wheel,1780715214.148278952,60.199923277,-2.579484057,1.507322745,-1.803547173,-103.335641,-2.579484057,1.507322745,-103.335641,-0.411435942,0.210090019
wheel,1780715214.168238163,60.219882488,-2.579484057,1.507322745,-1.803547173,-103.335641,-2.579484057,1.507322745,-103.335641,-0.390864145,0.207989118
wheel,1780715214.188244104,60.239888430,-2.575717930,1.523128956,-1.805860319,-103.468175,-2.575717930,1.523128956,-103.468175,-0.411928186,0.204753067
wheel,1780715214.208260536,60.259904861,-2.573749361,1.531348750,-1.805860319,-103.468175,-2.573749361,1.531348750,-103.468175,-0.412463643,0.202705536
wheel,1780715214.228238583,60.279882908,-2.571829850,1.539355518,-1.806322948,-103.494681,-2.571829850,1.539355518,-103.494681,-0.412430478,0.200447100
wheel,1780715214.248907089,60.300551414,-2.569872597,1.547503095,-1.806785577,-103.521188,-2.569872597,1.547503095,-103.521188,-0.412080054,0.198218793
wheel,1780715214.268417120,60.320061445,-2.569872597,1.547503095,-1.806785577,-103.521188,-2.569872597,1.547503095,-103.521188,-0.391476051,0.196236605
wheel,1780715214.289126635,60.340770960,-2.569872597,1.547503095,-1.806785577,-103.521188,-2.569872597,1.547503095,-103.521188,-0.371902248,0.194274239
wheel,1780715214.310207605,60.361851931,-2.565878507,1.564078876,-1.807710836,-103.574201,-2.565878507,1.564078876,-103.574201,-0.393745547,0.191892605
wheel,1780715214.328282595,60.379926920,-2.563913716,1.572224638,-1.807248207,-103.547695,-2.563913716,1.572224638,-103.547695,-0.397240178,0.190229656
wheel,1780715214.348332644,60.399976969,-2.562153946,1.579520408,-1.807710836,-103.574201,-2.562153946,1.579520408,-103.574201,-0.396100962,0.188096534
wheel,1780715214.368262291,60.419906616,-2.560063563,1.588160551,-1.808636094,-103.627215,-2.560063563,1.588160551,-103.627215,-0.398588845,0.185751495
wheel,1780715214.388243198,60.439887524,-2.556334758,1.603526090,-1.809098723,-103.653722,-2.556334758,1.603526090,-103.653722,-0.418220280,0.183662478
wheel,1780715214.408339500,60.459983826,-2.554373979,1.611597856,-1.809098723,-103.653722,-2.554373979,1.611597856,-103.653722,-0.417997618,0.181825853
wheel,1780715214.428243399,60.479887724,-2.552443932,1.619527119,-1.810023981,-103.706735,-2.552443932,1.619527119,-103.706735,-0.417578073,0.179543188
wheel,1780715214.448245764,60.499890089,-2.550456537,1.627667397,-1.810486611,-103.733242,-2.550456537,1.627667397,-103.733242,-0.417644869,0.177516471
wheel,1780715214.468305826,60.519950151,-2.550456537,1.627667397,-1.810486611,-103.733242,-2.550456537,1.627667397,-103.733242,-0.396762626,0.175741307
wheel,1780715214.488325596,60.539969921,-2.546505113,1.643803643,-1.811411869,-103.786255,-2.546505113,1.643803643,-103.786255,-0.418413543,0.173521749
rtabmap,1780715214.498420238,61.100587606,0.709706545,-3.149069548,-0.385761013,-22.102478,2.508933458,2.030634322,94.191518,0.434926987,0.016858518
wheel,1780715214.508614302,60.560258627,-2.546505113,1.643803643,-1.811411869,-103.786255,-2.546505113,1.643803643,-103.786255,-0.397492866,0.171786531
wheel,1780715214.528262854,60.579907179,-2.544617839,1.651518338,-1.810023981,-103.706735,-2.544617839,1.651518338,-103.706735,-0.397829327,0.170775039
wheel,1780715214.548182249,60.599826574,-2.541808474,1.663657246,-1.786429894,-102.354893,-2.541808474,1.663657246,-102.354893,-0.409209939,0.180910794
wheel,1780715214.570060492,60.621704817,-2.540918646,1.667489969,-1.811411869,-103.786255,-2.540918646,1.667489969,-103.786255,-0.397746424,0.167676947
wheel,1780715214.588266611,60.639910936,-2.538055061,1.679915482,-1.783191490,-102.169346,-2.538055061,1.679915482,-102.169346,-0.412871723,0.181497827
wheel,1780715214.608581543,60.660225868,-2.536969661,1.684600424,-1.813725015,-103.918789,-2.536969661,1.684600424,-103.918789,-0.404063776,0.164653464
wheel,1780715214.628279924,60.679924250,-2.533183788,1.699876944,-1.813725015,-103.918789,-2.533183788,1.699876944,-103.918789,-0.423793717,0.163006930
wheel,1780715214.649318695,60.700963020,-2.533183788,1.699876944,-1.813725015,-103.918789,-2.533183788,1.699876944,-103.918789,-0.402604031,0.161376860
wheel,1780715214.668281555,60.719925880,-2.531310129,1.707444914,-1.813262386,-103.892282,-2.531310129,1.707444914,-103.892282,-0.403032042,0.160007070
wheel,1780715214.690987825,60.742632151,-2.527173712,1.724135927,-1.814187644,-103.945295,-2.527173712,1.724135927,-103.945295,-0.420743686,0.157999539
wheel,1780715214.708692312,60.760336637,-2.525366726,1.731420146,-1.813725015,-103.918789,-2.525366726,1.731420146,-103.918789,-0.420901127,0.156680843
wheel,1780715214.728286028,60.779930353,-2.523325982,1.739622318,-1.815575531,-104.024815,-2.523325982,1.739622318,-104.024815,-0.421426909,0.154169498
rtabmap,1780715214.731878519,61.334045887,0.803143144,-3.184865713,-0.381032187,-21.831536,2.499635610,2.130260190,94.462460,0.428509146,0.020255744
wheel,1780715214.748277187,60.799921513,-2.521355608,1.747541657,-1.813725015,-103.918789,-2.521355608,1.747541657,-103.918789,-0.420766045,0.153553449
wheel,1780715214.768262863,60.819907188,-2.521355608,1.747541657,-1.813725015,-103.918789,-2.521355608,1.747541657,-103.918789,-0.399727743,0.152017914
wheel,1780715214.788398981,60.840043306,-2.517366869,1.763668720,-1.812799756,-103.865775,-2.517366869,1.763668720,-103.865775,-0.421019036,0.150957526
wheel,1780715214.808266878,60.859911203,-2.515414819,1.771592596,-1.811874498,-103.812762,-2.515414819,1.771592596,-103.812762,-0.420491892,0.149913343
wheel,1780715214.828330755,60.879975080,-2.513419893,1.779731031,-1.810486611,-103.733242,-2.513419893,1.779731031,-103.733242,-0.420360948,0.149106339
wheel,1780715214.848603487,60.900247812,-2.511470763,1.787730641,-1.809098723,-103.653722,-2.511470763,1.787730641,-103.653722,-0.419638390,0.148299489
wheel,1780715214.868450880,60.920095205,-2.511470763,1.787730641,-1.809098723,-103.653722,-2.511470763,1.787730641,-103.653722,-0.398656471,0.146816494
wheel,1780715214.888274193,60.939918518,-2.507598413,1.803736152,-1.807248207,-103.547695,-2.507598413,1.803736152,-103.547695,-0.420038174,0.146276876
wheel,1780715214.908327818,60.959972143,-2.505610955,1.812026346,-1.804935061,-103.415161,-2.505610955,1.812026346,-103.415161,-0.420290504,0.145967505
wheel,1780715214.928251982,60.979896307,-2.505610955,1.812026346,-1.804935061,-103.415161,-2.505610955,1.812026346,-103.415161,-0.399275978,0.144507830
wheel,1780715214.948329926,60.999974251,-2.501717296,1.828401399,-1.803547173,-103.335641,-2.501717296,1.828401399,-103.335641,-0.421222365,0.143753911
rtabmap,1780715214.965235949,61.567403316,0.894959331,-3.223300934,-0.390668137,-22.383635,2.493421567,2.229602346,93.910360,0.426489532,-0.041292440
wheel,1780715214.968231916,61.019876242,-2.501717296,1.828401399,-1.803547173,-103.335641,-2.501717296,1.828401399,-103.335641,-0.400161247,0.142316372
wheel,1780715214.988341331,61.039985657,-2.498061824,1.843934297,-1.800308769,-103.150094,-2.498061824,1.843934297,-103.150094,-0.419834863,0.142503829
wheel,1780715215.008259296,61.059903622,-2.496175813,1.852023859,-1.799383511,-103.097081,-2.496175813,1.852023859,-103.097081,-0.419696912,0.141543370
wheel,1780715215.028270245,61.079914570,-2.496175813,1.852023859,-1.799383511,-103.097081,-2.496175813,1.852023859,-103.097081,-0.398712066,0.140127936
wheel,1780715215.048290253,61.099934578,-2.492433738,1.868209935,-1.796607736,-102.938041,-2.492433738,1.868209935,-102.938041,-0.420279350,0.140113554
wheel,1780715215.068830490,61.120474815,-2.492433738,1.868209935,-1.796607736,-102.938041,-2.492433738,1.868209935,-102.938041,-0.399265383,0.138712418
wheel,1780715215.089289427,61.140933752,-2.488833898,1.883980115,-1.793831961,-102.779001,-2.488833898,1.883980115,-102.779001,-0.418839609,0.138682222
rtabmap,1780715215.098570108,61.700737476,0.950451910,-3.242059231,-0.400587398,-22.951967,2.485657047,2.287662766,93.342028,0.438408703,-0.074393973
wheel,1780715215.108254433,61.159898758,-2.486964339,1.892222992,-1.793831961,-102.779001,-2.486964339,1.892222992,-102.779001,-0.420178312,0.137295400
wheel,1780715215.128276587,61.179920912,-2.485074185,1.900610619,-1.791056186,-102.619960,-2.485074185,1.900610619,-102.619960,-0.420641032,0.137308831
wheel,1780715215.148314953,61.199959278,-2.485074185,1.900610619,-1.791056186,-102.619960,-2.485074185,1.900610619,-102.619960,-0.399608980,0.135935743
wheel,1780715215.168306828,61.219951153,-2.483340744,1.908361329,-1.790593557,-102.593454,-2.483340744,1.908361329,-102.593454,-0.399494909,0.134807827
wheel,1780715215.188183546,61.239827871,-2.483340744,1.908361329,-1.790593557,-102.593454,-2.483340744,1.908361329,-102.593454,-0.379520164,0.133459749
wheel,1780715215.208267927,61.259912252,-2.477796634,1.933477737,-1.785504636,-102.301880,-2.477796634,1.933477737,-102.301880,-0.424577321,0.134658952
wheel,1780715215.228257179,61.279901505,-2.475910670,1.942164791,-1.783654119,-102.195853,-2.475910670,1.942164791,-102.195853,-0.425582627,0.134238063
wheel,1780715215.248256922,61.299901247,-2.474146178,1.950356276,-1.782266232,-102.116333,-2.474146178,1.950356276,-102.116333,-0.425252191,0.133589635
rtabmap,1780715215.265314341,61.867481709,1.017917871,-3.270287991,-0.412296611,-23.622856,2.481079172,2.360652915,92.671140,0.438593209,-0.070222504
wheel,1780715215.268349886,61.319994211,-2.474146178,1.950356276,-1.782266232,-102.116333,-2.474146178,1.950356276,-102.116333,-0.403989582,0.132253738
wheel,1780715215.288268566,61.339912891,-2.470533223,1.967242888,-1.780878345,-102.036813,-2.470533223,1.967242888,-102.036813,-0.427130031,0.131627844
wheel,1780715215.308379173,61.360023499,-2.468640857,1.976077640,-1.782728861,-102.142840,-2.468640857,1.976077640,-102.142840,-0.428236101,0.129391440
wheel,1780715215.328259706,61.379904032,-2.466975610,1.983843287,-1.781340974,-102.063320,-2.466975610,1.983843287,-102.063320,-0.426802192,0.128795748
wheel,1780715215.349226236,61.400870562,-2.465191999,1.992179715,-1.781803603,-102.089826,-2.465191999,1.992179715,-102.089826,-0.425793726,0.127287125
wheel,1780715215.368324757,61.419969082,-2.465191999,1.992179715,-1.781803603,-102.089826,-2.465191999,1.992179715,-102.089826,-0.404504040,0.126014253
wheel,1780715215.388272047,61.439916372,-2.461685905,2.008493078,-1.783191490,-102.169346,-2.461685905,2.008493078,-102.169346,-0.426080776,0.124058716
wheel,1780715215.408270836,61.459915161,-2.459913835,2.016682926,-1.784579378,-102.248867,-2.459913835,2.016682926,-102.248867,-0.425728681,0.122124068
wheel,1780715215.428266287,61.479910612,-2.458099383,2.025012697,-1.785967265,-102.328387,-2.458099383,2.025012697,-102.328387,-0.425759334,0.120208743
wheel,1780715215.448269129,61.499913454,-2.456308373,2.033198424,-1.786429894,-102.354893,-2.456308373,2.033198424,-102.354893,-0.425419314,0.118775346
wheel,1780715215.468285084,61.519929409,-2.456308373,2.033198424,-1.786429894,-102.354893,-2.456308373,2.033198424,-102.354893,-0.404148349,0.117587592
wheel,1780715215.488338709,61.539983034,-2.456308373,2.033198424,-1.786429894,-102.354893,-2.456308373,2.033198424,-102.354893,-0.383940931,0.116411716
rtabmap,1780715215.498714447,62.100881815,1.116547465,-3.310091019,-0.406992372,-23.318945,2.473073229,2.466709422,92.975051,0.455502421,0.022725942
wheel,1780715215.508264065,61.559908390,-2.451088619,2.056819448,-1.790130928,-102.566947,-2.451088619,2.056819448,-102.566947,-0.425443282,0.113390284
wheel,1780715215.528280497,61.579924822,-2.449305626,2.064783068,-1.791981444,-102.672974,-2.449305626,2.064783068,-102.672974,-0.424555587,0.111331915
wheel,1780715215.548296690,61.599941015,-2.449305626,2.064783068,-1.791981444,-102.672974,-2.449305626,2.064783068,-102.672974,-0.403327808,0.110218596
wheel,1780715215.568353891,61.619998217,-2.447686122,2.071961934,-1.793369332,-102.752494,-2.447686122,2.071961934,-102.752494,-0.401513239,0.108424215
wheel,1780715215.588412762,61.640057087,-2.444378161,2.086453450,-1.797070365,-102.964547,-2.444378161,2.086453450,-102.964547,-0.418504182,0.105494141
wheel,1780715215.608232260,61.659876585,-2.442784545,2.093339264,-1.799383511,-103.097081,-2.442784545,2.093339264,-103.097081,-0.415390795,0.103273314
wheel,1780715215.628285170,61.679929495,-2.441238325,2.099936859,-1.802621915,-103.282628,-2.441238325,2.099936859,-103.282628,-0.411520070,0.100625401
rtabmap,1780715215.631900787,62.234068155,1.165813446,-3.330974102,-0.395189503,-22.642691,2.469971891,2.520128723,93.651305,0.401755750,0.088619515
wheel,1780715215.649150372,61.700794697,-2.439652351,2.106599934,-1.806322948,-103.494681,-2.439652351,2.106599934,-103.494681,-0.407362352,0.097844797
wheel,1780715215.668843031,61.720487356,-2.439652351,2.106599934,-1.806322948,-103.494681,-2.439652351,2.106599934,-103.494681,-0.386994234,0.096866349
wheel,1780715215.688651323,61.740295649,-2.436515128,2.119334734,-1.818351306,-104.183856,-2.436515128,2.119334734,-104.183856,-0.400753489,0.089824789
wheel,1780715215.708305359,61.759949684,-2.434901394,2.125615645,-1.826216002,-104.634469,-2.434901394,2.125615645,-104.634469,-0.397211254,0.084925507
wheel,1780715215.728305578,61.779949903,-2.434901394,2.125615645,-1.826216002,-104.634469,-2.434901394,2.125615645,-104.634469,-0.377350691,0.084076252
wheel,1780715215.748261452,61.799905777,-2.431596150,2.137855579,-1.842870652,-105.588711,-2.431596150,2.137855579,-105.588711,-0.390245328,0.074890748
wheel,1780715215.768317223,61.819961548,-2.431596150,2.137855579,-1.842870652,-105.588711,-2.431596150,2.137855579,-105.588711,-0.370733062,0.074141840
wheel,1780715215.788403988,61.840048313,-2.431596150,2.137855579,-1.842870652,-105.588711,-2.431596150,2.137855579,-105.588711,-0.352196409,0.073400422
wheel,1780715215.808269501,61.859913826,-2.426694503,2.154641954,-1.866927368,-106.967059,-2.426694503,2.154641954,-106.967059,-0.378595202,0.060558228
wheel,1780715215.828287125,61.879931450,-2.424884023,2.160488638,-1.875254693,-107.444179,-2.424884023,2.160488638,-107.444179,-0.374953430,0.055792649
wheel,1780715215.848884821,61.900529146,-2.423116018,2.166043175,-1.882656759,-107.868287,-2.423116018,2.166043175,-107.868287,-0.370359149,0.051640210
rtabmap,1780715215.864979982,62.467147350,1.236563087,-3.351804018,-0.308847400,-17.695653,2.457306115,2.592785279,98.598343,0.314552397,0.370441049
wheel,1780715215.868290424,61.919934750,-2.423116018,2.166043175,-1.882656759,-107.868287,-2.423116018,2.166043175,-107.868287,-0.351841191,0.051123808
wheel,1780715215.889423370,61.941067696,-2.419219003,2.177877823,-1.895147746,-108.583967,-2.419219003,2.177877823,-108.583967,-0.363729597,0.044701700
wheel,1780715215.908245564,61.959889889,-2.417580095,2.182707827,-1.900699296,-108.902048,-2.417580095,2.182707827,-108.902048,-0.359089672,0.041305773
wheel,1780715215.928259373,61.979903698,-2.415628850,2.188355087,-1.906250846,-109.220128,-2.415628850,2.188355087,-109.220128,-0.356063444,0.038118591
wheel,1780715215.949235678,62.000880003,-2.413694640,2.193853955,-1.911802396,-109.538209,-2.413694640,2.193853955,-109.538209,-0.352157193,0.035090373
rtabmap,1780715215.964890003,62.567057371,1.266847253,-3.358050108,-0.279953987,-16.040182,2.449490743,2.622702905,100.253814,0.307775646,0.289194673
wheel,1780715215.968252659,62.019896984,-2.413694640,2.193853955,-1.911802396,-109.538209,-2.413694640,2.193853955,-109.538209,-0.334549333,0.034739469
wheel,1780715215.988262415,62.039906740,-2.410198302,2.203514563,-1.924293383,-110.253889,-2.410198302,2.203514563,-110.253889,-0.343495160,0.028149328
wheel,1780715216.008267403,62.059911728,-2.410198302,2.203514563,-1.924293383,-110.253889,-2.410198302,2.203514563,-110.253889,-0.326320402,0.027867835
wheel,1780715216.028268337,62.079912663,-2.407371532,2.211014590,-1.938172258,-111.049090,-2.407371532,2.211014590,-111.049090,-0.330042026,0.020649713
wheel,1780715216.048291206,62.099935532,-2.406104788,2.214274606,-1.944649066,-111.420184,-2.406104788,2.214274606,-111.420184,-0.322280915,0.017205812
wheel,1780715216.068239689,62.119884014,-2.406104788,2.214274606,-1.944649066,-111.420184,-2.406104788,2.214274606,-111.420184,-0.306166870,0.017033754
wheel,1780715216.088246346,62.139890671,-2.403339398,2.221173104,-1.959453199,-112.268398,-2.403339398,2.221173104,-112.268398,-0.309432466,0.009463901
rtabmap,1780715216.098399878,62.700567245,1.297790527,-3.365654945,-0.231010203,-13.235910,2.442601564,2.653813337,103.058086,0.238482237,0.366591573
wheel,1780715216.108282804,62.159927130,-2.402030667,2.224337783,-1.966392637,-112.665999,-2.402030667,2.224337783,-112.665999,-0.302508524,0.005905156
wheel,1780715216.128254890,62.179899216,-2.400700006,2.227493304,-1.973332074,-113.063599,-2.400700006,2.227493304,-113.063599,-0.295955264,0.002372075
wheel,1780715216.148297787,62.199942112,-2.399433131,2.230438400,-1.980734141,-113.487707,-2.399433131,2.230438400,-113.487707,-0.289157110,-0.001345549
wheel,1780715216.168574572,62.220218897,-2.399433131,2.230438400,-1.980734141,-113.487707,-2.399433131,2.230438400,-113.487707,-0.274699255,-0.001332093
wheel,1780715216.188599348,62.240243673,-2.399433131,2.230438400,-1.980734141,-113.487707,-2.399433131,2.230438400,-113.487707,-0.260964292,-0.001318772
wheel,1780715216.208253384,62.259897709,-2.395205927,2.239802292,-2.008954519,-115.104615,-2.395205927,2.239802292,-115.104615,-0.274049618,-0.015662410
wheel,1780715216.228237152,62.279881477,-2.393704485,2.242961092,-2.020057619,-115.740776,-2.393704485,2.242961092,-115.740776,-0.269097930,-0.021061845
rtabmap,1780715216.231837273,62.834004641,1.319609523,-3.362541914,-0.174304848,-9.986932,2.430145310,2.671995782,106.307064,0.153830066,0.424959242
wheel,1780715216.248255253,62.299899578,-2.392036880,2.246363312,-2.033011235,-116.482963,-2.392036880,2.246363312,-116.482963,-0.265107477,-0.027322641
wheel,1780715216.268292189,62.319936514,-2.392036880,2.246363312,-2.033011235,-116.482963,-2.392036880,2.246363312,-116.482963,-0.251852103,-0.027049414
wheel,1780715216.288248777,62.339893103,-2.388573213,2.253103272,-2.057993210,-117.914325,-2.388573213,2.253103272,-117.914325,-0.258245826,-0.039297378
wheel,1780715216.308261156,62.359905481,-2.386813058,2.256376042,-2.070484197,-118.630006,-2.386813058,2.256376042,-118.630006,-0.254617960,-0.045146035
wheel,1780715216.328202963,62.379847288,-2.386813058,2.256376042,-2.070484197,-118.630006,-2.386813058,2.256376042,-118.630006,-0.241887062,-0.044694574
wheel,1780715216.348367453,62.400011778,-2.382561932,2.263933235,-2.095928801,-120.087874,-2.382561932,2.263933235,-120.087874,-0.251318909,-0.056881386
wheel,1780715216.368262053,62.419906378,-2.382561932,2.263933235,-2.095928801,-120.087874,-2.382561932,2.263933235,-120.087874,-0.238752963,-0.056312572
wheel,1780715216.388255596,62.439899921,-2.378447491,2.270896405,-2.113046080,-121.068622,-2.378447491,2.270896405,-121.068622,-0.247040183,-0.064310237
wheel,1780715216.408280849,62.459925175,-2.376216177,2.274570977,-2.119985517,-121.466223,-2.376216177,2.274570977,-121.466223,-0.245428084,-0.067134418
wheel,1780715216.428256989,62.479901314,-2.373767249,2.278539495,-2.127387584,-121.890330,-2.373767249,2.278539495,-121.890330,-0.244823290,-0.070166760
rtabmap,1780715216.431908846,63.034076214,1.362623930,-3.359696150,-0.060125640,-3.444945,2.408539586,2.709299002,112.849050,0.209270924,0.570691824
wheel,1780715216.448499918,62.500144243,-2.371326836,2.282427489,-2.135252279,-122.340944,-2.371326836,2.282427489,-122.340944,-0.243926244,-0.073352218
wheel,1780715216.468919516,62.520563841,-2.371326836,2.282427489,-2.135252279,-122.340944,-2.371326836,2.282427489,-122.340944,-0.231729932,-0.072618696
wheel,1780715216.488290787,62.539935112,-2.366440571,2.290027378,-2.149131154,-123.136145,-2.366440571,2.290027378,-123.136145,-0.243483968,-0.079063179
wheel,1780715216.508302689,62.559947014,-2.363998059,2.293740810,-2.156070591,-123.533745,-2.363998059,2.293740810,-123.533745,-0.242405549,-0.081737272
wheel,1780715216.528259516,62.579903841,-2.361529836,2.297437203,-2.163010029,-123.931346,-2.361529836,2.297437203,-123.931346,-0.241420419,-0.084396916
wheel,1780715216.548288822,62.599933147,-2.359117787,2.300995750,-2.169949466,-124.328946,-2.359117787,2.300995750,-124.328946,-0.240081637,-0.087017754
wheel,1780715216.568202734,62.619847059,-2.359117787,2.300995750,-2.169949466,-124.328946,-2.359117787,2.300995750,-124.328946,-0.228077555,-0.086147576
wheel,1780715216.588684797,62.640329123,-2.354382741,2.307820514,-2.184753599,-125.177161,-2.354382741,2.307820514,-125.177161,-0.236950484,-0.092513700
wheel,1780715216.608257055,62.659901381,-2.352021214,2.311148090,-2.191230407,-125.548254,-2.352021214,2.311148090,-125.548254,-0.235526616,-0.094897661
wheel,1780715216.628251076,62.679895401,-2.349551489,2.314577453,-2.198632474,-125.972361,-2.349551489,2.314577453,-125.972361,-0.234318990,-0.097650912
wheel,1780715216.648312330,62.699956656,-2.347058027,2.317989594,-2.205109282,-126.343455,-2.347058027,2.317989594,-126.343455,-0.233137952,-0.099903495
rtabmap,1780715216.665078402,63.267245770,1.415002346,-3.358676672,0.025697081,1.472334,2.384423144,2.755806368,117.766330,0.223967642,0.368069589
wheel,1780715216.668306351,62.719950676,-2.347058027,2.317989594,-2.205109282,-126.343455,-2.347058027,2.317989594,-126.343455,-0.221481054,-0.098904460
wheel,1780715216.688265562,62.739909887,-2.342134192,2.324588740,-2.218525528,-127.112149,-2.342134192,2.324588740,-127.112149,-0.231031449,-0.104636685
wheel,1780715216.708257198,62.759901524,-2.339883100,2.327545385,-2.224539707,-127.456737,-2.339883100,2.327545385,-127.456737,-0.228772827,-0.106598307
wheel,1780715216.728246927,62.779891253,-2.337658087,2.330430217,-2.231016515,-127.827830,-2.337658087,2.330430217,-127.827830,-0.226449812,-0.108773436
wheel,1780715216.748278141,62.799922466,-2.335505457,2.333186760,-2.236568065,-128.145911,-2.335505457,2.333186760,-128.145911,-0.223855622,-0.110456590
wheel,1780715216.768290520,62.819934845,-2.335505457,2.333186760,-2.236568065,-128.145911,-2.335505457,2.333186760,-128.145911,-0.212662841,-0.109352024
wheel,1780715216.788248777,62.839893103,-2.331190990,2.338599771,-2.250909569,-128.967618,-2.331190990,2.338599771,-128.967618,-0.219371321,-0.115444339
wheel,1780715216.808271646,62.859915972,-2.329072307,2.341196962,-2.259236894,-129.444739,-2.329072307,2.341196962,-129.444739,-0.216771260,-0.118448159
wheel,1780715216.828238964,62.879883289,-2.326932070,2.343776419,-2.267564218,-129.921859,-2.326932070,2.343776419,-129.921859,-0.214325182,-0.121433856
rtabmap,1780715216.831552982,63.433720350,1.445093751,-3.353642941,0.084451367,4.838707,2.366580431,2.780554472,121.132703,0.181474522,0.352932930
wheel,1780715216.848283291,62.899927616,-2.324769243,2.346336965,-2.276816802,-130.451993,-2.324769243,2.346336965,-130.451993,-0.211971752,-0.124836677
wheel,1780715216.868260622,62.919904947,-2.324769243,2.346336965,-2.276816802,-130.451993,-2.324769243,2.346336965,-130.451993,-0.201373164,-0.123588310
wheel,1780715216.888264418,62.939908743,-2.320272577,2.351503383,-2.297172485,-131.618288,-2.320272577,2.351503383,-131.618288,-0.208422891,-0.132527488
wheel,1780715216.908277273,62.959921598,-2.317936401,2.354106193,-2.307350326,-132.201436,-2.317936401,2.354106193,-132.201436,-0.206740133,-0.136288047
wheel,1780715216.928285837,62.979930162,-2.315524026,2.356738261,-2.317990797,-132.811090,-2.315524026,2.356738261,-132.811090,-0.205326327,-0.140243822
wheel,1780715216.948287725,62.999932051,-2.313285201,2.359133828,-2.326780751,-133.314717,-2.313285201,2.359133828,-133.314717,-0.203255470,-0.143235422
wheel,1780715216.968331099,63.019975424,-2.313285201,2.359133828,-2.326780751,-133.314717,-2.313285201,2.359133828,-133.314717,-0.193092697,-0.141803068
wheel,1780715216.988247633,63.039891958,-2.308744771,2.363865511,-2.344360659,-134.321971,-2.308744771,2.363865511,-134.321971,-0.199897641,-0.149209926
wheel,1780715217.008580923,63.060225248,-2.306392976,2.366253664,-2.352687983,-134.799092,-2.306392976,2.366253664,-134.799092,-0.198148841,-0.151815259
wheel,1780715217.028250694,63.079895020,-2.303970378,2.368674199,-2.360552679,-135.249706,-2.303970378,2.368674199,-135.249706,-0.196942448,-0.154293536
rtabmap,1780715217.031527996,63.633695364,1.477461219,-3.343775749,0.183301095,10.502379,2.343396118,2.805202030,126.796375,0.165442631,0.494310468
wheel,1780715217.048262835,63.099907160,-2.301529930,2.371076736,-2.367492116,-135.647306,-2.301529930,2.371076736,-135.647306,-0.195651663,-0.156218214
wheel,1780715217.068353653,63.119997978,-2.301529930,2.371076736,-2.367492116,-135.647306,-2.301529930,2.371076736,-135.647306,-0.185869080,-0.154656032
wheel,1780715217.088322163,63.139966488,-2.296445327,2.375985997,-2.379983104,-136.362987,-2.296445327,2.375985997,-136.362987,-0.194293129,-0.159371918
wheel,1780715217.108270645,63.159914970,-2.294224660,2.378091710,-2.385534654,-136.681068,-2.294224660,2.378091710,-136.681068,-0.192237518,-0.160556991
wheel,1780715217.128248453,63.179892778,-2.291886036,2.380284745,-2.391086204,-136.999148,-2.291886036,2.380284745,-136.999148,-0.190648160,-0.161729782
wheel,1780715217.148320198,63.199964523,-2.289482363,2.382514865,-2.396175124,-137.290722,-2.289482363,2.382514865,-137.290722,-0.189285021,-0.162648271
wheel,1780715217.168476105,63.220120430,-2.289482363,2.382514865,-2.396175124,-137.290722,-2.289482363,2.382514865,-137.290722,-0.179820770,-0.161021788
wheel,1780715217.188419104,63.240063429,-2.284961951,2.386641295,-2.407278224,-137.926882,-2.284961951,2.386641295,-137.926882,-0.186175659,-0.164979254
wheel,1780715217.208271742,63.259916067,-2.282956168,2.388442710,-2.412367145,-138.218456,-2.282956168,2.388442710,-138.218456,-0.183657323,-0.165892993
wheel,1780715217.228238344,63.279882669,-2.280832328,2.390330714,-2.417456066,-138.510030,-2.280832328,2.390330714,-138.510030,-0.181589145,-0.166782263
rtabmap,1780715217.231438160,63.833605528,1.511241436,-3.337103844,0.244030044,13.981892,2.322450668,2.832531602,130.275887,0.172229588,0.303781152
wheel,1780715217.248264551,63.299908876,-2.278863418,2.392063944,-2.422082357,-138.775097,-2.278863418,2.392063944,-138.775097,-0.179059186,-0.167424669
wheel,1780715217.268238544,63.319882870,-2.278863418,2.392063944,-2.422082357,-138.775097,-2.278863418,2.392063944,-138.775097,-0.170106227,-0.165750422
wheel,1780715217.288285732,63.339930058,-2.274901638,2.395502994,-2.431334940,-139.305231,-2.274901638,2.395502994,-139.305231,-0.174685269,-0.168708210
wheel,1780715217.308287621,63.359931946,-2.272908863,2.397208732,-2.435961232,-139.570298,-2.272908863,2.397208732,-139.570298,-0.172508233,-0.169334083
wheel,1780715217.328556299,63.380200624,-2.270908218,2.398905232,-2.440587523,-139.835365,-2.270908218,2.398905232,-139.835365,-0.170358993,-0.169925106
wheel,1780715217.348717928,63.400362253,-2.268955158,2.400545139,-2.445676444,-140.126938,-2.268955158,2.400545139,-140.126938,-0.168188133,-0.170758934
wheel,1780715217.368777990,63.420422316,-2.268955158,2.400545139,-2.445676444,-140.126938,-2.268955158,2.400545139,-140.126938,-0.159778726,-0.169051344
wheel,1780715217.388760328,63.440404654,-2.265304206,2.403562062,-2.456316915,-140.736592,-2.265304206,2.403562062,-140.736592,-0.163640105,-0.172685515
rtabmap,1780715217.398337364,64.000504732,1.529833198,-3.329769611,0.285628096,16.365284,2.307639561,2.845950829,132.659280,0.118712373,0.249240667
wheel,1780715217.408255577,63.459899902,-2.263437956,2.405078242,-2.462331094,-141.081179,-2.263437956,2.405078242,-141.081179,-0.161625553,-0.174043870
wheel,1780715217.428410769,63.480055094,-2.261505434,2.406628327,-2.468807902,-141.452273,-2.261505434,2.406628327,-141.452273,-0.159690108,-0.175516938
wheel,1780715217.448275089,63.499919415,-2.259562202,2.408164965,-2.476209969,-141.876380,-2.259562202,2.408164965,-141.876380,-0.157940081,-0.177487321
wheel,1780715217.468265295,63.519909620,-2.259562202,2.408164965,-2.476209969,-141.876380,-2.259562202,2.408164965,-141.876380,-0.150043077,-0.175712448
wheel,1780715217.488266230,63.539910555,-2.255526550,2.411284016,-2.491014102,-142.724595,-2.255526550,2.411284016,-142.724595,-0.155291087,-0.181356779
rtabmap,1780715217.498208761,64.100376129,1.542913437,-3.326307058,0.322584716,18.482743,2.298741020,2.856143861,134.776738,0.135433197,0.370041758
wheel,1780715217.508438826,63.560083151,-2.253374871,2.412908374,-2.498878797,-143.175209,-2.253374871,2.412908374,-143.175209,-0.154208637,-0.183441822
wheel,1780715217.528282642,63.579926968,-2.251269342,2.414472804,-2.506280864,-143.599316,-2.251269342,2.414472804,-143.599316,-0.153107746,-0.185337656
wheel,1780715217.548259497,63.599903822,-2.249153008,2.416022585,-2.512757672,-143.970410,-2.249153008,2.416022585,-143.970410,-0.152018352,-0.186726745
wheel,1780715217.569015980,63.620660305,-2.249153008,2.416022585,-2.512757672,-143.970410,-2.249153008,2.416022585,-143.970410,-0.144417434,-0.184859478
wheel,1780715217.588248014,63.639892340,-2.245781268,2.418447637,-2.523398143,-144.580064,-2.245781268,2.418447637,-144.580064,-0.147994712,-0.188543769
wheel,1780715217.608719826,63.660364151,-2.244592519,2.419290578,-2.526173918,-144.739104,-2.244592519,2.419290578,-144.739104,-0.144154424,-0.188014312
wheel,1780715217.628255367,63.679899693,-2.243580594,2.420004972,-2.527561805,-144.818624,-2.243580594,2.420004972,-144.818624,-0.140116742,-0.186844542
wheel,1780715217.648499250,63.700143576,-2.242746836,2.420592718,-2.527561805,-144.818624,-2.242746836,2.420592718,-144.818624,-0.135630929,-0.184976096
wheel,1780715217.668343544,63.719987869,-2.242746836,2.420592718,-2.527561805,-144.818624,-2.242746836,2.420592718,-144.818624,-0.128849383,-0.183126335
wheel,1780715217.688248634,63.739892960,-2.242746836,2.420592718,-2.527561805,-144.818624,-2.242746836,2.420592718,-144.818624,-0.122406914,-0.181295072
rtabmap,1780715217.698407173,64.300574541,1.561976671,-3.311829567,0.357057409,20.457883,2.277316894,2.866821478,136.751878,0.113235429,0.172192574
wheel,1780715217.708371639,63.760015965,-2.241676611,2.421350869,-2.522935513,-144.553557,-2.241676611,2.421350869,-144.553557,-0.119548114,-0.177181206
wheel,1780715217.728645563,63.780289888,-2.241676611,2.421350869,-2.517383964,-144.235477,-2.241676611,2.421350869,-144.235477,-0.113570709,-0.172672893
wheel,1780715217.748265743,63.799910069,-2.241971984,2.421137598,-2.515070818,-144.102943,-2.241971984,2.421137598,-144.102943,-0.106963831,-0.169767316
wheel,1780715217.768269300,63.819913626,-2.241971984,2.421137598,-2.515070818,-144.102943,-2.241971984,2.421137598,-144.102943,-0.101615639,-0.168069643
wheel,1780715217.788246393,63.839890718,-2.242797228,2.420537955,-2.511369785,-143.890889,-2.242797228,2.420537955,-143.890889,-0.093981811,-0.164536397
wheel,1780715217.808266163,63.859910488,-2.243326938,2.420151367,-2.510907155,-143.864383,-2.243326938,2.420151367,-143.864383,-0.087644722,-0.162659922
wheel,1780715217.828260899,63.879905224,-2.244091816,2.419592608,-2.510444526,-143.837876,-2.244091816,2.419592608,-143.837876,-0.080893780,-0.160801947
wheel,1780715217.849019766,63.900664091,-2.244738803,2.419119513,-2.509981897,-143.811369,-2.244738803,2.419119513,-143.811369,-0.074918290,-0.158971036
rtabmap,1780715217.865181923,64.467349291,1.553412676,-3.317124128,0.341785629,19.582874,2.285857297,2.861488945,135.876870,-0.059207845,-0.091571122
wheel,1780715217.868843555,63.920487881,-2.244738803,2.419119513,-2.509981897,-143.811369,-2.244738803,2.419119513,-143.811369,-0.071172375,-0.157381325
wheel,1780715217.888302565,63.939946890,-2.246267266,2.418000226,-2.509056639,-143.758356,-2.246267266,2.418000226,-143.758356,-0.062743412,-0.155331776
wheel,1780715217.908275843,63.959920168,-2.246972472,2.417483306,-2.509056639,-143.758356,-2.246972472,2.417483306,-143.758356,-0.057419873,-0.153778459
wheel,1780715217.928256512,63.979900837,-2.247560143,2.417052540,-2.509056639,-143.758356,-2.247560143,2.417052540,-143.758356,-0.052725319,-0.152240674
wheel,1780715217.948228121,63.999872446,-2.247560143,2.417052540,-2.509056639,-143.758356,-2.247560143,2.417052540,-143.758356,-0.050089053,-0.150718267
wheel,1780715217.968270063,64.019914389,-2.248030280,2.416707926,-2.509056639,-143.758356,-2.248030280,2.416707926,-143.758356,-0.046130022,-0.149211085
wheel,1780715217.988289356,64.039933681,-2.248676609,2.416233933,-2.508594010,-143.731849,-2.248676609,2.416233933,-143.731849,-0.041821880,-0.147487904
rtabmap,1780715217.998401403,64.600568771,1.551164865,-3.322266817,0.341908361,19.589906,2.291463616,2.861751803,135.883902,-0.028835176,0.000920786
wheel,1780715218.008260489,64.059904814,-2.248970295,2.416018346,-2.508131380,-143.705343,-2.248970295,2.416018346,-143.705343,-0.038817698,-0.145781130
wheel,1780715218.028290749,64.079935074,-2.249087750,2.415932084,-2.508131380,-143.705343,-2.249087750,2.415932084,-143.705343,-0.036513433,-0.144323318
wheel,1780715218.048928261,64.100572586,-2.249205164,2.415845768,-2.507206122,-143.652329,-2.249205164,2.415845768,-143.652329,-0.034334703,-0.142431758
wheel,1780715218.068381071,64.120025396,-2.249205164,2.415845768,-2.507206122,-143.652329,-2.249205164,2.415845768,-143.652329,-0.032617968,-0.141007440
wheel,1780715218.088422298,64.140066624,-2.249146507,2.415888994,-2.505818235,-143.572809,-2.249146507,2.415888994,-143.572809,-0.031168835,-0.138904923
wheel,1780715218.108430624,64.160074949,-2.249087890,2.415932274,-2.505355605,-143.546302,-2.249087890,2.415932274,-143.546302,-0.029792485,-0.137284648
wheel,1780715218.128260374,64.179904699,-2.249087890,2.415932274,-2.505355605,-143.546302,-2.249087890,2.415932274,-143.546302,-0.028302860,-0.135911801
rtabmap,1780715218.131556273,64.733723640,1.550996184,-3.322645187,0.338267811,19.381318,2.291877559,2.861768184,135.675314,-0.002145953,-0.027340822
wheel,1780715218.148302078,64.199946404,-2.248970675,2.416018862,-2.505355605,-143.546302,-2.248970675,2.416018862,-143.546302,-0.027251388,-0.134552683
wheel,1780715218.170230389,64.221874714,-2.248970675,2.416018862,-2.505355605,-143.546302,-2.248970675,2.416018862,-143.546302,-0.025888818,-0.133207156
wheel,1780715218.188266516,64.239910841,-2.248970675,2.416018862,-2.505355605,-143.546302,-2.248970675,2.416018862,-143.546302,-0.024594378,-0.131875085
wheel,1780715218.208243608,64.259887934,-2.248677588,2.416235264,-2.505818235,-143.572809,-2.248677588,2.416235264,-143.572809,-0.024276504,-0.130787914
wheel,1780715218.228234529,64.279878855,-2.248677588,2.416235264,-2.505818235,-143.572809,-2.248677588,2.416235264,-143.572809,-0.023062679,-0.129480035
wheel,1780715218.248278618,64.299922943,-2.248677588,2.416235264,-2.505818235,-143.572809,-2.248677588,2.416235264,-143.572809,-0.021909545,-0.128185234
rtabmap,1780715218.264953852,64.867121220,1.551662564,-3.321937084,0.339205204,19.435027,2.290947530,2.862051942,135.729022,0.006473522,0.007026908
wheel,1780715218.268256426,64.319900751,-2.248677588,2.416235264,-2.505818235,-143.572809,-2.248677588,2.416235264,-143.572809,-0.020814068,-0.126903382
wheel,1780715218.288300991,64.339945316,-2.248736226,2.416192010,-2.506280864,-143.599316,-2.248736226,2.416192010,-143.599316,-0.019591585,-0.125865179
wheel,1780715218.308613539,64.360257864,-2.248736226,2.416192010,-2.506280864,-143.599316,-2.248736226,2.416192010,-143.599316,-0.018612006,-0.124606527
wheel,1780715218.328794479,64.380438805,-2.248794863,2.416148757,-2.505818235,-143.572809,-2.248794863,2.416148757,-143.572809,-0.017500996,-0.123131370
wheel,1780715218.350866795,64.402511120,-2.248794863,2.416148757,-2.505818235,-143.572809,-2.248794863,2.416148757,-143.572809,-0.016625946,-0.121900056
wheel,1780715218.369086742,64.420731068,-2.248912118,2.416062224,-2.505818235,-143.572809,-2.248912118,2.416062224,-143.572809,-0.015394688,-0.120681056
wheel,1780715218.388248682,64.439893007,-2.248853500,2.416105504,-2.505355605,-143.546302,-2.248853500,2.416105504,-143.546302,-0.014815062,-0.119232838
wheel,1780715218.408824682,64.460469007,-2.248853500,2.416105504,-2.505355605,-143.546302,-2.248853500,2.416105504,-143.546302,-0.014074309,-0.118040509
wheel,1780715218.428297997,64.479942322,-2.248853500,2.416105504,-2.505355605,-143.546302,-2.248853500,2.416105504,-143.546302,-0.013370593,-0.116860104
wheel,1780715218.448277473,64.499921799,-2.248853500,2.416105504,-2.505355605,-143.546302,-2.248853500,2.416105504,-143.546302,-0.012702064,-0.115691503
wheel,1780715218.468317509,64.519961834,-2.248794883,2.416148784,-2.505818235,-143.572809,-2.248794883,2.416148784,-143.572809,-0.012248772,-0.114765460
wheel,1780715218.488306761,64.539951086,-2.248794883,2.416148784,-2.505818235,-143.572809,-2.248794883,2.416148784,-143.572809,-0.011636333,-0.113617805
wheel,1780715218.508247614,64.559891939,-2.248794883,2.416148784,-2.505818235,-143.572809,-2.248794883,2.416148784,-143.572809,-0.011054517,-0.112481627
wheel,1780715218.528244972,64.579889297,-2.248794883,2.416148784,-2.505818235,-143.572809,-2.248794883,2.416148784,-143.572809,-0.010501791,-0.111356811
rtabmap,1780715218.531638622,65.133805990,1.551851869,-3.322911263,0.338955702,19.420731,2.291737055,2.862653199,135.714727,-0.000545904,-0.000935581
wheel,1780715218.548244953,64.599889278,-2.248794883,2.416148784,-2.505818235,-143.572809,-2.248794883,2.416148784,-143.572809,-0.009976701,-0.110243243
wheel,1780715218.568290949,64.619935274,-2.248794883,2.416148784,-2.505818235,-143.572809,-2.248794883,2.416148784,-143.572809,-0.009477866,-0.109140810
wheel,1780715218.588363409,64.640007734,-2.248794883,2.416148784,-2.505818235,-143.572809,-2.248794883,2.416148784,-143.572809,-0.009003973,-0.108049402
wheel,1780715218.608275652,64.659919977,-2.248794883,2.416148784,-2.505818235,-143.572809,-2.248794883,2.416148784,-143.572809,-0.008553774,-0.106968908
wheel,1780715218.628243446,64.679887772,-2.248794883,2.416148784,-2.505818235,-143.572809,-2.248794883,2.416148784,-143.572809,-0.008126086,-0.105899219
wheel,1780715218.648368835,64.700013161,-2.248794883,2.416148784,-2.505818235,-143.572809,-2.248794883,2.416148784,-143.572809,-0.007719781,-0.104840227
wheel,1780715218.668267488,64.719911814,-2.248794883,2.416148784,-2.505818235,-143.572809,-2.248794883,2.416148784,-143.572809,-0.007333792,-0.103791825
wheel,1780715218.688441753,64.740086079,-2.248794883,2.416148784,-2.505818235,-143.572809,-2.248794883,2.416148784,-143.572809,-0.006967103,-0.102753906
rtabmap,1780715218.698208332,65.300375700,1.550698996,-3.321285248,0.337766422,19.352590,2.290789976,2.860899323,135.646586,-0.003281357,-0.007139725
wheel,1780715218.708262444,64.759906769,-2.248794883,2.416148784,-2.505818235,-143.572809,-2.248794883,2.416148784,-143.572809,-0.006618747,-0.101726367
wheel,1780715218.728256226,64.779900551,-2.248794883,2.416148784,-2.505818235,-143.572809,-2.248794883,2.416148784,-143.572809,-0.006287810,-0.100709104
wheel,1780715218.748471022,64.800115347,-2.248794883,2.416148784,-2.505818235,-143.572809,-2.248794883,2.416148784,-143.572809,-0.005973420,-0.099702013
wheel,1780715218.768249512,64.819893837,-2.248794883,2.416148784,-2.505818235,-143.572809,-2.248794883,2.416148784,-143.572809,-0.005674749,-0.098704993
wheel,1780715218.788526535,64.840170860,-2.248794883,2.416148784,-2.505818235,-143.572809,-2.248794883,2.416148784,-143.572809,-0.005391011,-0.097717943
rtabmap,1780715218.798172235,65.400339603,1.551385283,-3.321926117,0.338080858,19.370606,2.291060527,2.861798493,135.664602,0.004352710,0.003145579
wheel,1780715218.808254957,64.859899282,-2.248794883,2.416148784,-2.505818235,-143.572809,-2.248794883,2.416148784,-143.572809,-0.005121461,-0.096740763
wheel,1780715218.828253984,64.879898310,-2.248794883,2.416148784,-2.505818235,-143.572809,-2.248794883,2.416148784,-143.572809,-0.004865388,-0.095773356
wheel,1780715218.848254204,64.899898529,-2.248794883,2.416148784,-2.505818235,-143.572809,-2.248794883,2.416148784,-143.572809,-0.004622118,-0.094815622
wheel,1780715218.868778944,64.920423269,-2.248794883,2.416148784,-2.505818235,-143.572809,-2.248794883,2.416148784,-143.572809,-0.004391012,-0.093867466
wheel,1780715218.888318300,64.939962626,-2.248853500,2.416105504,-2.505355605,-143.546302,-2.248853500,2.416105504,-143.546302,-0.003985014,-0.092692032
wheel,1780715218.908248186,64.959892511,-2.248853500,2.416105504,-2.505355605,-143.546302,-2.248853500,2.416105504,-143.546302,-0.003785763,-0.091765112
wheel,1780715218.928265810,64.979910135,-2.248853500,2.416105504,-2.505355605,-143.546302,-2.248853500,2.416105504,-143.546302,-0.003596475,-0.090847461
wheel,1780715218.948300600,64.999944925,-2.248853500,2.416105504,-2.505355605,-143.546302,-2.248853500,2.416105504,-143.546302,-0.003416651,-0.089938986
rtabmap,1780715218.964834452,65.567001820,1.551560402,-3.322075605,0.338161760,19.375242,2.291116974,2.862021712,135.669237,0.000693817,0.000485135
wheel,1780715218.968442202,65.020086527,-2.248853500,2.416105504,-2.505355605,-143.546302,-2.248853500,2.416105504,-143.546302,-0.003245819,-0.089039596
wheel,1780715218.988309145,65.039953470,-2.248794883,2.416148784,-2.505818235,-143.572809,-2.248794883,2.416148784,-143.572809,-0.003266941,-0.088382106
wheel,1780715219.008526802,65.060171127,-2.248794883,2.416148784,-2.505818235,-143.572809,-2.248794883,2.416148784,-143.572809,-0.003103594,-0.087498285
wheel,1780715219.031443357,65.083087683,-2.248794883,2.416148784,-2.505818235,-143.572809,-2.248794883,2.416148784,-143.572809,-0.002948414,-0.086623302
wheel,1780715219.048301935,65.099946260,-2.248794883,2.416148784,-2.505818235,-143.572809,-2.248794883,2.416148784,-143.572809,-0.002800994,-0.085757069
wheel,1780715219.068387032,65.120031357,-2.248794883,2.416148784,-2.505818235,-143.572809,-2.248794883,2.416148784,-143.572809,-0.002660944,-0.084899498
wheel,1780715219.088378429,65.140022755,-2.248794883,2.416148784,-2.505818235,-143.572809,-2.248794883,2.416148784,-143.572809,-0.002527897,-0.084050503
wheel,1780715219.108259916,65.159904242,-2.248853500,2.416105504,-2.505355605,-143.546302,-2.248853500,2.416105504,-143.546302,-0.002218442,-0.082977542
wheel,1780715219.128303051,65.179947376,-2.248853500,2.416105504,-2.505355605,-143.546302,-2.248853500,2.416105504,-143.546302,-0.002107520,-0.082147766
wheel,1780715219.148360491,65.200004816,-2.248853500,2.416105504,-2.505355605,-143.546302,-2.248853500,2.416105504,-143.546302,-0.002002144,-0.081326289
wheel,1780715219.168266535,65.219910860,-2.248853500,2.416105504,-2.505355605,-143.546302,-2.248853500,2.416105504,-143.546302,-0.001902037,-0.080513026
wheel,1780715219.188238859,65.239883184,-2.248853500,2.416105504,-2.505355605,-143.546302,-2.248853500,2.416105504,-143.546302,-0.001806935,-0.079707895
wheel,1780715219.208634615,65.260278940,-2.248853500,2.416105504,-2.505355605,-143.546302,-2.248853500,2.416105504,-143.546302,-0.001716588,-0.078910817
wheel,1780715219.228266954,65.279911280,-2.248853500,2.416105504,-2.505355605,-143.546302,-2.248853500,2.416105504,-143.546302,-0.001630759,-0.078121708
rtabmap,1780715219.231595755,65.833763123,1.551463366,-3.322360992,0.338486415,19.393843,2.291415818,2.862061136,135.687839,-0.000698021,0.001217179
wheel,1780715219.248299360,65.299943686,-2.248794883,2.416148784,-2.505818235,-143.572809,-2.248794883,2.416148784,-143.572809,-0.001731093,-0.077571440
wheel,1780715219.268295527,65.319939852,-2.248794883,2.416148784,-2.505818235,-143.572809,-2.248794883,2.416148784,-143.572809,-0.001644538,-0.076795725
wheel,1780715219.288242817,65.339887142,-2.248736246,2.416192037,-2.506280864,-143.599316,-2.248736246,2.416192037,-143.599316,-0.001744942,-0.076259680
wheel,1780715219.308256626,65.359900951,-2.248736246,2.416192037,-2.506280864,-143.599316,-2.248736246,2.416192037,-143.599316,-0.001657695,-0.075497083
wheel,1780715219.328473806,65.380118132,-2.248677588,2.416235264,-2.506743493,-143.625822,-2.248677588,2.416235264,-143.625822,-0.001755101,-0.074971053
wheel,1780715219.348261595,65.399905920,-2.248618911,2.416278462,-2.507206122,-143.652329,-2.248618911,2.416278462,-143.652329,-0.001851355,-0.074455005
rtabmap,1780715219.364944696,65.967112064,1.550526261,-3.321094036,0.339284739,19.439584,2.290695066,2.860659758,135.733579,-0.003473948,0.005986214
wheel,1780715219.368286371,65.419930696,-2.248618911,2.416278462,-2.507206122,-143.652329,-2.248618911,2.416278462,-143.652329,-0.001758788,-0.073710455
wheel,1780715219.388256073,65.439900398,-2.248442819,2.416407978,-2.507668751,-143.678836,-2.248442819,2.416407978,-143.678836,-0.002218086,-0.073204986
wheel,1780715219.408254862,65.459899187,-2.248325365,2.416494240,-2.508594010,-143.731849,-2.248325365,2.416494240,-143.731849,-0.002471529,-0.072935599
wheel,1780715219.428275108,65.479919434,-2.248266607,2.416537330,-2.509056639,-143.758356,-2.248266607,2.416537330,-143.758356,-0.002529954,-0.072437356
wheel,1780715219.448254824,65.499899149,-2.248090216,2.416666438,-2.510444526,-143.837876,-2.248090216,2.416666438,-143.837876,-0.002950446,-0.072407573
wheel,1780715219.468256235,65.519900560,-2.248090216,2.416666438,-2.510444526,-143.837876,-2.248090216,2.416666438,-143.837876,-0.002802924,-0.071683497
wheel,1780715219.488260269,65.539904594,-2.247737017,2.416924081,-2.512295043,-143.943903,-2.247737017,2.416924081,-143.943903,-0.003755376,-0.071891613
wheel,1780715219.508282185,65.559926510,-2.247619125,2.417009745,-2.514145559,-144.049930,-2.247619125,2.417009745,-144.049930,-0.003931581,-0.072097074
wheel,1780715219.528400898,65.580045223,-2.247383024,2.417180634,-2.515996076,-144.155956,-2.247383024,2.417180634,-144.155956,-0.004459858,-0.072296557
wheel,1780715219.548540354,65.600184679,-2.247205682,2.417308433,-2.518309222,-144.288490,-2.247205682,2.417308433,-144.288490,-0.004779228,-0.072721449
rtabmap,1780715219.565010071,66.167177439,1.552325726,-3.319828033,0.351490784,20.138938,2.288762931,2.861712227,136.432934,0.010587242,0.061010189
wheel,1780715219.568319082,65.619963408,-2.247205682,2.417308433,-2.518309222,-144.288490,-2.247205682,2.417308433,-144.288490,-0.004540267,-0.071994234
wheel,1780715219.588234901,65.639879227,-2.246612872,2.417732100,-2.523860772,-144.606570,-2.246612872,2.417732100,-144.606570,-0.006142402,-0.074061566
wheel,1780715219.608247995,65.659892321,-2.246315539,2.417942629,-2.527099176,-144.792117,-2.246315539,2.417942629,-144.792117,-0.006745650,-0.074939382
wheel,1780715219.628365517,65.680009842,-2.245957981,2.418194189,-2.529874951,-144.951157,-2.245957981,2.418194189,-144.951157,-0.007495356,-0.075570292
wheel,1780715219.648319483,65.699963808,-2.245957981,2.418194189,-2.529874951,-144.951157,-2.245957981,2.418194189,-144.951157,-0.007120588,-0.074814589
wheel,1780715219.668304682,65.719949007,-2.245659290,2.418402788,-2.534038613,-145.189718,-2.245659290,2.418402788,-145.189718,-0.007676339,-0.076150512
wheel,1780715219.688334942,65.739979267,-2.244819326,2.418981629,-2.542365938,-145.666838,-2.244819326,2.418981629,-145.666838,-0.009839064,-0.079546627
rtabmap,1780715219.698315859,66.300483227,1.555702806,-3.318540812,0.375842775,21.534205,2.286112925,2.864169680,137.828200,0.027109323,0.182677373
wheel,1780715219.708279848,65.759924173,-2.244397411,2.419268226,-2.547454859,-145.958412,-2.244397411,2.419268226,-145.958412,-0.010625190,-0.081301521
wheel,1780715219.728314877,65.779959202,-2.243973912,2.419552476,-2.553469038,-146.302999,-2.243973912,2.419552476,-146.302999,-0.011367035,-0.083490838
wheel,1780715219.748255491,65.799899817,-2.243487894,2.419874304,-2.559945846,-146.674093,-2.243487894,2.419874304,-146.674093,-0.012260235,-0.085903823
wheel,1780715219.768269777,65.819914103,-2.243487894,2.419874304,-2.559945846,-146.674093,-2.243487894,2.419874304,-146.674093,-0.011647223,-0.085044785
wheel,1780715219.788240194,65.839884520,-2.242631674,2.420428818,-2.573824721,-147.469294,-2.242631674,2.420428818,-147.469294,-0.013618730,-0.091143639
wheel,1780715219.808300495,65.859944820,-2.242200575,2.420701405,-2.581689417,-147.919908,-2.242200575,2.420701405,-147.919908,-0.014210504,-0.094157115
wheel,1780715219.828270674,65.879914999,-2.241705384,2.421008933,-2.590016741,-148.397028,-2.241705384,2.421008933,-148.397028,-0.014957871,-0.097380948
rtabmap,1780715219.831476927,66.433644295,1.559527159,-3.315006971,0.422119718,24.185678,2.281250620,2.866032927,140.479674,0.036456302,0.347526461
wheel,1780715219.848248005,65.899892330,-2.241332083,2.421236478,-2.598344066,-148.874149,-2.241332083,2.421236478,-148.874149,-0.015304401,-0.100576372
wheel,1780715219.868283987,65.919928312,-2.241332083,2.421236478,-2.598344066,-148.874149,-2.241332083,2.421236478,-148.874149,-0.014539181,-0.099570608
wheel,1780715219.888261318,65.939905643,-2.240767836,2.421570645,-2.615461345,-149.854897,-2.240767836,2.421570645,-149.854897,-0.015453563,-0.107143458
wheel,1780715219.908253431,65.959897757,-2.240515190,2.421715962,-2.623788670,-150.332017,-2.240515190,2.421715962,-150.332017,-0.015409848,-0.110237527
wheel,1780715219.928249121,65.979893446,-2.240515190,2.421715962,-2.623788670,-150.332017,-2.240515190,2.421715962,-150.332017,-0.014639356,-0.109135151
wheel,1780715219.948259830,65.999904156,-2.240197097,2.421893575,-2.640905949,-151.312765,-2.240197097,2.421893575,-151.312765,-0.014817778,-0.116598572
rtabmap,1780715219.964937687,66.567105055,1.558331013,-3.308381319,0.480437207,27.527024,2.275840370,2.862025530,143.821020,0.012163837,0.436964512
wheel,1780715219.968375683,66.020020008,-2.240197097,2.421893575,-2.640905949,-151.312765,-2.240197097,2.421893575,-151.312765,-0.014076889,-0.115432586
wheel,1780715219.988287210,66.039931536,-2.240132864,2.421927973,-2.658948486,-152.346526,-2.240132864,2.421927973,-152.346526,-0.013555992,-0.123338528
wheel,1780715220.008262157,66.059906483,-2.240132864,2.421927973,-2.668201069,-152.876660,-2.240132864,2.421927973,-152.876660,-0.012878192,-0.126736574
wheel,1780715220.028274775,66.079919100,-2.240197890,2.421895100,-2.678841540,-153.486314,-2.240197890,2.421895100,-153.486314,-0.012052222,-0.130786532
wheel,1780715220.048262596,66.099906921,-2.240263248,2.421862889,-2.688556752,-154.042955,-2.240263248,2.421862889,-154.042955,-0.011267351,-0.134338943
wheel,1780715220.068295956,66.119940281,-2.240263248,2.421862889,-2.688556752,-154.042955,-2.240263248,2.421862889,-154.042955,-0.010703983,-0.132995554
wheel,1780715220.088253498,66.139897823,-2.240329076,2.421831650,-2.708449806,-155.182743,-2.240329076,2.421831650,-155.182743,-0.009986306,-0.141629476
rtabmap,1780715220.098211527,66.700378895,1.556398392,-3.304980993,0.547802600,31.386777,2.273647974,2.858786605,147.680773,-0.001067994,0.505465746
wheel,1780715220.108294010,66.159938335,-2.240262807,2.421861942,-2.717239760,-155.686370,-2.240262807,2.421861942,-155.686370,-0.009668811,-0.144599952
wheel,1780715220.128338814,66.179983139,-2.240262807,2.421861942,-2.726492343,-156.216504,-2.240262807,2.421861942,-156.216504,-0.009185370,-0.147774575
wheel,1780715220.148355246,66.199999571,-2.240396403,2.421803728,-2.734819668,-156.693625,-2.240396403,2.421803728,-156.693625,-0.008362514,-0.150452125
wheel,1780715220.168282747,66.219927073,-2.240396403,2.421803728,-2.734819668,-156.693625,-2.240396403,2.421803728,-156.693625,-0.007944388,-0.148947603
wheel,1780715220.189677000,66.241321325,-2.240396403,2.421803728,-2.734819668,-156.693625,-2.240396403,2.421803728,-156.693625,-0.007547168,-0.147458127
wheel,1780715220.208271503,66.259915829,-2.240329149,2.421831765,-2.758413755,-158.045466,-2.240329149,2.421831765,-158.045466,-0.007365732,-0.158671801
wheel,1780715220.228867769,66.280512094,-2.240396836,2.421804790,-2.766278450,-158.496080,-2.240396836,2.421804790,-158.496080,-0.006820534,-0.160904119
rtabmap,1780715220.231546640,66.833714008,1.555490971,-3.302492380,0.604498383,34.635206,2.271818817,2.856870673,150.929202,0.003911503,0.425213158
wheel,1780715220.248302460,66.299946785,-2.240261055,2.421857706,-2.773680517,-158.920187,-2.240261055,2.421857706,-158.920187,-0.006854388,-0.163103392
wheel,1780715220.268272638,66.319916964,-2.240261055,2.421857706,-2.773680517,-158.920187,-2.240261055,2.421857706,-158.920187,-0.006511669,-0.161472358
wheel,1780715220.288322449,66.339966774,-2.239374481,2.422191229,-2.789872537,-159.847922,-2.239374481,2.422191229,-159.847922,-0.008548173,-0.167933147
wheel,1780715220.308314800,66.359959126,-2.238757863,2.422414445,-2.798662491,-160.351549,-2.238757863,2.422414445,-160.351549,-0.009761264,-0.170651628
wheel,1780715220.328240633,66.379884958,-2.237932920,2.422704256,-2.808840333,-160.934696,-2.237932920,2.422704256,-160.934696,-0.011466656,-0.174051569
wheel,1780715220.348300219,66.399944544,-2.236898188,2.423056245,-2.818555545,-161.491337,-2.236898188,2.423056245,-161.491337,-0.013617675,-0.177154345
wheel,1780715220.368332148,66.419976473,-2.236898188,2.423056245,-2.818555545,-161.491337,-2.236898188,2.423056245,-161.491337,-0.012936791,-0.175382802
wheel,1780715220.388259888,66.439904213,-2.233428735,2.424167925,-2.844462778,-162.975712,-2.233428735,2.424167925,-162.975712,-0.021428475,-0.186625985
wheel,1780715220.408273220,66.459917545,-2.232032963,2.424586842,-2.855565878,-163.611873,-2.232032963,2.424586842,-163.611873,-0.023998176,-0.190308105
wheel,1780715220.428659916,66.480304241,-2.232032963,2.424586842,-2.855565878,-163.611873,-2.232032963,2.424586842,-163.611873,-0.022798267,-0.188405024
rtabmap,1780715220.431465149,67.033632517,1.553663731,-3.294144154,0.707184360,40.518679,2.265143783,2.851534418,156.812675,0.016213110,0.513638556
wheel,1780715220.448465586,66.500109911,-2.230071709,2.425148871,-2.869444753,-164.407074,-2.230071709,2.425148871,-164.407074,-0.026809382,-0.193529175
wheel,1780715220.468249321,66.519893646,-2.227891484,2.425739410,-2.884711515,-165.281795,-2.227891484,2.425739410,-165.281795,-0.031177953,-0.199311173
wheel,1780715220.488565207,66.540209532,-2.223506135,2.426824390,-2.913394523,-166.925210,-2.223506135,2.426824390,-166.925210,-0.040735818,-0.211434586
wheel,1780715220.508410931,66.560055256,-2.221160115,2.427351537,-2.927736026,-167.746918,-2.221160115,2.427351537,-167.746918,-0.044756900,-0.216546562
wheel,1780715220.528301716,66.579946041,-2.221160115,2.427351537,-2.927736026,-167.746918,-2.221160115,2.427351537,-167.746918,-0.042519055,-0.214381096
wheel,1780715220.548261881,66.599906206,-2.216446924,2.428306839,-2.955493776,-169.337320,-2.216446924,2.428306839,-169.337320,-0.052436219,-0.226139873
wheel,1780715220.571028233,66.622672558,-2.216446924,2.428306839,-2.955493776,-169.337320,-2.216446924,2.428306839,-169.337320,-0.049814408,-0.223878474
wheel,1780715220.588248014,66.639892340,-2.212141146,2.429064011,-2.979550492,-170.715668,-2.212141146,2.429064011,-170.715668,-0.060012846,-0.235604478
wheel,1780715220.608288527,66.659932852,-2.209981777,2.429403694,-2.991578850,-171.404842,-2.209981777,2.429403694,-171.404842,-0.062465509,-0.239249954
wheel,1780715220.628726006,66.680370331,-2.207818624,2.429718380,-3.002681950,-172.041003,-2.207818624,2.429718380,-172.041003,-0.064690125,-0.242290233
rtabmap,1780715220.631474495,67.233641863,1.562909365,-3.269195557,0.847244414,48.543529,2.238680941,2.848771772,164.837525,0.116181903,0.700267553
wheel,1780715220.649970055,66.701614380,-2.207818624,2.429718380,-3.002681950,-172.041003,-2.207818624,2.429718380,-172.041003,-0.061455619,-0.239867331
wheel,1780715220.668257713,66.719902039,-2.205724393,2.429999826,-3.013322421,-172.650657,-2.205724393,2.429999826,-172.650657,-0.064159968,-0.243286894
wheel,1780715220.688245058,66.739889383,-2.201382521,2.430510891,-3.035528620,-173.922979,-2.201382521,2.430510891,-173.922979,-0.071887460,-0.251963095
wheel,1780715220.708281755,66.759926081,-2.199497617,2.430700988,-3.046631720,-174.559139,-2.199497617,2.430700988,-174.559139,-0.073020803,-0.254985110
wheel,1780715220.728238821,66.779883146,-2.197320425,2.430896170,-3.057734820,-175.195300,-2.197320425,2.430896170,-175.195300,-0.074846196,-0.257998619
wheel,1780715220.748694658,66.800338984,-2.197320425,2.430896170,-3.057734820,-175.195300,-2.197320425,2.430896170,-175.195300,-0.071103886,-0.255418633
wheel,1780715220.768270254,66.819914579,-2.195068438,2.431071304,-3.070225807,-175.910981,-2.195068438,2.431071304,-175.910981,-0.073318508,-0.259245811
wheel,1780715220.789033651,66.840677977,-2.190413216,2.431345701,-3.095207782,-177.342343,-2.190413216,2.431345701,-177.342343,-0.080880400,-0.268683156
wheel,1780715220.808263302,66.859907627,-2.188520401,2.431424788,-3.104460365,-177.872477,-2.188520401,2.431424788,-177.872477,-0.081762523,-0.270808187
wheel,1780715220.828261375,66.879905701,-2.186117068,2.431500156,-3.116026094,-178.535144,-2.186117068,2.431500156,-178.535144,-0.083687196,-0.273884423
rtabmap,1780715220.831452370,67.433619738,1.571214557,-3.251616240,0.964027696,55.234718,2.219241495,2.848430412,171.528714,0.093377426,0.583981335
wheel,1780715220.848936081,66.900580406,-2.185825714,2.431507876,-3.114175577,-178.429117,-2.185825714,2.431507876,-178.429117,-0.080207649,-0.270250577
wheel,1780715220.868339777,66.919984102,-2.183713108,2.431551632,-3.127591823,-179.197811,-2.183713108,2.431551632,-179.197811,-0.081643863,-0.274464384
wheel,1780715220.888250589,66.939894915,-2.178539770,2.431563033,3.131999398,179.450347,-2.178539770,2.431563033,179.450347,-0.090548936,-0.283565939
wheel,1780715220.908288956,66.959933281,-2.175844137,2.431520334,3.119508410,178.734666,-2.175844137,2.431520334,178.734666,-0.092755644,-0.286970423
wheel,1780715220.931267738,66.982912064,-2.175844137,2.431520334,3.119508410,178.734666,-2.175844137,2.431520334,178.734666,-0.088117862,-0.284100719
wheel,1780715220.948256731,66.999901056,-2.168635811,2.431245962,3.087586998,176.905704,-2.168635811,2.431245962,176.905704,-0.104937259,-0.300044961
wheel,1780715220.969360828,67.021005154,-2.168635811,2.431245962,3.087586998,176.905704,-2.168635811,2.431245962,176.905704,-0.099690396,-0.297044511
wheel,1780715220.988268137,67.039912462,-2.153726194,2.430339628,3.074170753,176.137010,-2.153726194,2.430339628,176.137010,-0.134186430,-0.301166198
wheel,1780715221.008274078,67.059918404,-2.142820736,2.429613381,3.076021269,176.243036,-2.142820736,2.429613381,176.243036,-0.154792703,-0.297229564
wheel,1780715221.028271914,67.079916239,-2.142820736,2.429613381,3.076021269,176.243036,-2.142820736,2.429613381,176.243036,-0.147053068,-0.294257268
wheel,1780715221.048277140,67.099921465,-2.122101975,2.428209548,3.071857607,176.004476,-2.122101975,2.428209548,176.004476,-0.191605611,-0.293396107
wheel,1780715221.068267345,67.119911671,-2.122101975,2.428209548,3.071857607,176.004476,-2.122101975,2.428209548,176.004476,-0.182025330,-0.290462146
wheel,1780715221.088355541,67.139999866,-2.102556038,2.426748855,3.062142395,175.447835,-2.102556038,2.426748855,175.447835,-0.221708293,-0.292393631
wheel,1780715221.108871698,67.160516024,-2.092027045,2.425873784,3.055202957,175.050235,-2.092027045,2.425873784,175.050235,-0.236375184,-0.292852592
wheel,1780715221.130273581,67.181917906,-2.092027045,2.425873784,3.055202957,175.050235,-2.092027045,2.425873784,175.050235,-0.224556425,-0.289924066
rtabmap,1780715221.131533384,67.733700752,1.590012670,-3.189136982,1.147209532,65.730264,2.154899651,2.837606649,-177.975740,0.206761956,0.610441267
wheel,1780715221.148834944,67.200479269,-2.081066704,2.424911788,3.052889812,174.917702,-2.081066704,2.424911788,174.917702,-0.242961774,-0.288270833
wheel,1780715221.170498610,67.222142935,-2.070180961,2.423933499,3.051039295,174.811675,-2.070180961,2.423933499,174.811675,-0.256037145,-0.286242252
wheel,1780715221.188292265,67.239936590,-2.070180961,2.423933499,3.051039295,174.811675,-2.070180961,2.423933499,174.811675,-0.243235287,-0.283379830
wheel,1780715221.208259821,67.259904146,-2.041944236,2.421468307,3.057978732,175.209275,-2.041944236,2.421468307,175.209275,-0.302045599,-0.277070841
wheel,1780715221.228305578,67.279949903,-2.032503907,2.420690312,3.060754507,175.368315,-2.032503907,2.420690312,175.368315,-0.310570376,-0.272915397
wheel,1780715221.248298883,67.299943209,-2.022915835,2.419931394,3.064455541,175.580369,-2.022915835,2.419931394,175.580369,-0.319103954,-0.268334422
wheel,1780715221.268266916,67.319911242,-2.022915835,2.419931394,3.064455541,175.580369,-2.022915835,2.419931394,175.580369,-0.303148756,-0.265651078
wheel,1780715221.288372278,67.340016603,-2.014292457,2.419025531,3.009402671,172.426072,-2.014292457,2.419025531,172.426072,-0.309554787,-0.290376750
wheel,1780715221.309246540,67.360890865,-2.014292457,2.419025531,3.009402671,172.426072,-2.014292457,2.419025531,172.426072,-0.294077048,-0.287472982
wheel,1780715221.328263521,67.379907846,-1.993097195,2.417170150,3.099152727,177.568371,-1.993097195,2.417170150,177.568371,-0.335307892,-0.237408294
wheel,1780715221.348259211,67.399903536,-1.981602033,2.416538074,3.074170753,176.137010,-1.981602033,2.416538074,176.137010,-0.347325214,-0.247525806
rtabmap,1780715221.364793062,67.966960430,1.650769830,-3.047437906,1.123176392,64.353267,2.000947735,2.829307974,-179.352737,0.660847425,-0.103031479
wheel,1780715221.368234158,67.419878483,-1.981602033,2.416538074,3.074170753,176.137010,-1.981602033,2.416538074,176.137010,-0.329958953,-0.245050548
wheel,1780715221.388369560,67.440013885,-1.966698599,2.415535194,3.074633382,176.163516,-1.966698599,2.415535194,176.163516,-0.350587466,-0.242370068
wheel,1780715221.408533335,67.460177660,-1.966698599,2.415535194,3.074633382,176.163516,-1.966698599,2.415535194,176.163516,-0.333058092,-0.239946367
wheel,1780715221.428282499,67.479926825,-1.952958789,2.414604231,3.073245495,176.083996,-1.952958789,2.414604231,176.083996,-0.351264855,-0.238249542
wheel,1780715221.448282957,67.499927282,-1.946634715,2.414166915,3.071857607,176.004476,-1.946634715,2.414166915,176.004476,-0.349545790,-0.236560826
wheel,1780715221.468247414,67.519891739,-1.946634715,2.414166915,3.071857607,176.004476,-1.946634715,2.414166915,176.004476,-0.332068501,-0.234195218
wheel,1780715221.488241673,67.539885998,-1.935224541,2.413346060,3.067693945,175.765916,-1.935224541,2.413346060,175.765916,-0.344071421,-0.233935620
wheel,1780715221.508256674,67.559900999,-1.929993005,2.412953884,3.065843428,175.659889,-1.929993005,2.412953884,175.659889,-0.339975430,-0.232520961
wheel,1780715221.528238297,67.579882622,-1.924253756,2.412511630,3.063530282,175.527356,-1.924253756,2.412511630,175.527356,-0.337378833,-0.231353250
wheel,1780715221.548359156,67.600003481,-1.918733351,2.412074677,3.061679766,175.421329,-1.918733351,2.412074677,175.421329,-0.334270749,-0.229959407
wheel,1780715221.568311930,67.619956255,-1.918733351,2.412074677,3.061679766,175.421329,-1.918733351,2.412074677,175.421329,-0.317557211,-0.227659813
wheel,1780715221.588259935,67.639904261,-1.907767009,2.411183689,3.059366620,175.288795,-1.907767009,2.411183689,175.288795,-0.329256581,-0.226542774
wheel,1780715221.608270645,67.659914970,-1.902611039,2.410759977,3.059829249,175.315302,-1.902611039,2.410759977,175.315302,-0.325720669,-0.224046148
wheel,1780715221.628273487,67.679917812,-1.897672833,2.410355310,3.059829249,175.315302,-1.897672833,2.410355310,175.315302,-0.321820066,-0.221805686
rtabmap,1780715221.631397247,68.233564615,1.674907923,-2.985440016,1.138191193,65.213552,1.934671963,2.823484913,-178.492453,0.248823136,0.056318738
wheel,1780715221.648275852,67.699920177,-1.892298904,2.409914938,3.059829249,175.315302,-1.892298904,2.409914938,175.315302,-0.319209093,-0.219587629
wheel,1780715221.668251991,67.719896317,-1.892298904,2.409914938,3.059829249,175.315302,-1.892298904,2.409914938,175.315302,-0.303248639,-0.217391753
wheel,1780715221.688727379,67.740371704,-1.881332975,2.409018876,3.060291878,175.341809,-1.881332975,2.409018876,175.341809,-0.314955654,-0.214991876
wheel,1780715221.708292007,67.759936333,-1.881332975,2.409018876,3.060291878,175.341809,-1.881332975,2.409018876,175.341809,-0.299207871,-0.212841957
wheel,1780715221.729394674,67.781039000,-1.870221802,2.408110946,3.059829249,175.315302,-1.870221802,2.408110946,175.315302,-0.310638134,-0.210932570
wheel,1780715221.748258114,67.799902439,-1.865066029,2.407684849,3.058441361,175.235782,-1.865066029,2.407684849,175.235782,-0.308817826,-0.209558943
wheel,1780715221.768257856,67.819902182,-1.865066029,2.407684849,3.058441361,175.235782,-1.865066029,2.407684849,175.235782,-0.293376935,-0.207463354
wheel,1780715221.788242579,67.839886904,-1.853449409,2.406700443,3.055665587,175.076742,-1.853449409,2.406700443,175.076742,-0.307873570,-0.206777553
wheel,1780715221.808242321,67.859886646,-1.847351407,2.406175166,3.055665587,175.076742,-1.847351407,2.406175166,175.076742,-0.307781731,-0.204709777
wheel,1780715221.828323364,67.879967690,-1.847351407,2.406175166,3.055665587,175.076742,-1.847351407,2.406175166,175.076742,-0.292392644,-0.202662680
wheel,1780715221.848291874,67.899936199,-1.835519566,2.405142194,3.053352441,174.944208,-1.835519566,2.405142194,174.944208,-0.307505564,-0.201794201
rtabmap,1780715221.864619255,68.466786623,1.701547027,-2.924872160,1.143922905,65.541955,1.868570373,2.820537563,-178.164050,0.283662498,0.024576321
wheel,1780715221.868254662,67.919898987,-1.835519566,2.405142194,3.053352441,174.944208,-1.835519566,2.405142194,174.944208,-0.292130286,-0.199776259
wheel,1780715221.888246059,67.939890385,-1.823472177,2.404065127,3.051501924,174.838181,-1.823472177,2.404065127,174.838181,-0.307775021,-0.198704142
wheel,1780715221.908200502,67.959844828,-1.817376670,2.403511644,3.050576666,174.785168,-1.817376670,2.403511644,174.785168,-0.307722846,-0.197180791
wheel,1780715221.928474426,67.980118752,-1.817376670,2.403511644,3.050576666,174.785168,-1.817376670,2.403511644,174.785168,-0.292336704,-0.195208983
wheel,1780715221.948283911,67.999928236,-1.805477430,2.402414520,3.048726149,174.679141,-1.805477430,2.402414520,174.679141,-0.307865132,-0.194190544
wheel,1780715221.968299150,68.019943476,-1.805477430,2.402414520,3.048726149,174.679141,-1.805477430,2.402414520,174.679141,-0.292471876,-0.192248639
wheel,1780715221.988205671,68.039849997,-1.805477430,2.402414520,3.048726149,174.679141,-1.805477430,2.402414520,174.679141,-0.277848282,-0.190326153
wheel,1780715222.008238316,68.059882641,-1.788502172,2.400817696,3.046875633,174.573114,-1.788502172,2.400817696,174.573114,-0.306510888,-0.189346620
wheel,1780715222.028299570,68.079943895,-1.782916908,2.400285785,3.046413003,174.546608,-1.782916908,2.400285785,174.546608,-0.305171514,-0.187683806
wheel,1780715222.048234701,68.099879026,-1.777549608,2.399770873,3.045487745,174.493594,-1.777549608,2.399770873,174.493594,-0.303432940,-0.186270975
rtabmap,1780715222.065023184,68.667190552,1.725869298,-2.874895811,1.152042858,66.007194,1.812990722,2.820204893,-177.698811,0.277248949,0.040517867
wheel,1780715222.068285465,68.119929790,-1.777549608,2.399770873,3.045487745,174.493594,-1.777549608,2.399770873,174.493594,-0.288261293,-0.184408265
wheel,1780715222.088255644,68.139899969,-1.766380817,2.398688965,3.044562487,174.440581,-1.766380817,2.398688965,174.440581,-0.301941788,-0.183027486
wheel,1780715222.108277082,68.159921408,-1.760579108,2.398124251,3.044562487,174.440581,-1.760579108,2.398124251,174.440581,-0.301419442,-0.181197211
wheel,1780715222.128273010,68.179917336,-1.754705276,2.397548402,3.043174599,174.361061,-1.754705276,2.397548402,174.361061,-0.301089405,-0.180078522
wheel,1780715222.148247957,68.199892282,-1.748904622,2.396972953,3.042249341,174.308047,-1.748904622,2.396972953,174.308047,-0.300626553,-0.178740963
wheel,1780715222.168264866,68.219909191,-1.748904622,2.396972953,3.042249341,174.308047,-1.748904622,2.396972953,174.308047,-0.285595226,-0.176953553
wheel,1780715222.188296556,68.239940882,-1.737159382,2.395796800,3.041324083,174.255034,-1.737159382,2.395796800,174.255034,-0.300788558,-0.175646069
wheel,1780715222.208278418,68.259922743,-1.731359532,2.395213301,3.041324083,174.255034,-1.731359532,2.395213301,174.255034,-0.300330828,-0.173889608
wheel,1780715222.228270769,68.279915094,-1.725705208,2.394639157,3.039473566,174.149007,-1.725705208,2.394639157,174.149007,-0.299529577,-0.173076413
wheel,1780715222.248308420,68.299952745,-1.725705208,2.394639157,3.039473566,174.149007,-1.725705208,2.394639157,174.149007,-0.284553098,-0.171345648
wheel,1780715222.270304441,68.321948767,-1.719906723,2.394042243,3.038548308,174.095994,-1.719906723,2.394042243,174.095994,-0.283577436,-0.170052890
wheel,1780715222.289812565,68.341456890,-1.714048443,2.393325269,3.001075346,171.948951,-1.714048443,2.393325269,171.948951,-0.284521877,-0.187556568
wheel,1780715222.309589148,68.361233473,-1.702985327,2.391950509,3.034847274,173.883940,-1.702985327,2.391950509,173.883940,-0.298485912,-0.168601394
wheel,1780715222.328279495,68.379923820,-1.702985327,2.391950509,3.034847274,173.883940,-1.702985327,2.391950509,173.883940,-0.283561616,-0.166915380
wheel,1780715222.348266840,68.399911165,-1.691177553,2.390671460,3.032534129,173.751407,-1.691177553,2.390671460,173.751407,-0.299095162,-0.166403559
rtabmap,1780715222.365242481,68.967409849,1.761700392,-2.797513485,1.165777092,66.794107,1.727742565,2.818050037,-176.911897,0.284011960,0.045747351
wheel,1780715222.368292809,68.419937134,-1.691177553,2.390671460,3.032534129,173.751407,-1.691177553,2.390671460,173.751407,-0.284140404,-0.164739524
wheel,1780715222.388241291,68.439885616,-1.680459373,2.389482838,3.029758354,173.592367,-1.680459373,2.389482838,173.592367,-0.296960784,-0.164483500
wheel,1780715222.408252239,68.459896564,-1.675029129,2.388869190,3.028370466,173.512847,-1.675029129,2.388869190,173.512847,-0.295768589,-0.163532295
wheel,1780715222.428318262,68.479962587,-1.675029129,2.388869190,3.028370466,173.512847,-1.675029129,2.388869190,173.512847,-0.280980159,-0.161896972
wheel,1780715222.448272705,68.499917030,-1.666840543,2.388009000,3.045487745,174.493594,-1.666840543,2.388009000,174.493594,-0.287561513,-0.151700131
wheel,1780715222.468327999,68.519972324,-1.663942141,2.387702497,3.026982579,173.433326,-1.663942141,2.387702497,173.433326,-0.280452349,-0.159413495
wheel,1780715222.488466024,68.540110350,-1.663942141,2.387702497,3.026982579,173.433326,-1.663942141,2.387702497,173.433326,-0.266429732,-0.157819360
wheel,1780715222.508344412,68.559988737,-1.646933692,2.385724642,3.024669433,173.300793,-1.646933692,2.385724642,173.300793,-0.296196911,-0.157405331
wheel,1780715222.528223038,68.579867363,-1.646933692,2.385724642,3.024669433,173.300793,-1.646933692,2.385724642,173.300793,-0.281387065,-0.155831278
wheel,1780715222.549381256,68.601025581,-1.635863723,2.384406200,3.021431029,173.115246,-1.635863723,2.384406200,173.115246,-0.293659901,-0.155803376
wheel,1780715222.568253756,68.619898081,-1.635863723,2.384406200,3.021431029,173.115246,-1.635863723,2.384406200,173.115246,-0.278976906,-0.154245342
wheel,1780715222.588297844,68.639942169,-1.635863723,2.384406200,3.021431029,173.115246,-1.635863723,2.384406200,173.115246,-0.265028061,-0.152702888
rtabmap,1780715222.598838329,69.201005697,1.783049941,-2.734872818,1.179408586,67.575134,1.662125784,2.809442219,-176.130870,0.282475919,0.058354795
wheel,1780715222.609244347,68.660888672,-1.624653433,2.383034212,3.018192625,172.929699,-1.624653433,2.383034212,172.929699,-0.278735655,-0.152721895
wheel,1780715222.628297329,68.679941654,-1.613230427,2.381601314,3.015416850,172.770659,-1.613230427,2.381601314,172.770659,-0.295029662,-0.152652460
wheel,1780715222.648268223,68.699912548,-1.608243212,2.380965170,3.014028962,172.691139,-1.608243212,2.380965170,172.691139,-0.292857895,-0.151820468
wheel,1780715222.668337107,68.719981432,-1.608243212,2.380965170,3.014028962,172.691139,-1.608243212,2.380965170,172.691139,-0.278215000,-0.150302263
wheel,1780715222.689260960,68.740905285,-1.608243212,2.380965170,3.014028962,172.691139,-1.608243212,2.380965170,172.691139,-0.264304250,-0.148799240
wheel,1780715222.708287716,68.759932041,-1.591771114,2.378805965,3.008477412,172.373058,-1.591771114,2.378805965,172.373058,-0.294733982,-0.150228203
wheel,1780715222.728264332,68.779908657,-1.586643689,2.378118159,3.008014783,172.346552,-1.586643689,2.378118159,172.346552,-0.292945953,-0.148957509
wheel,1780715222.748400688,68.800045013,-1.581372817,2.377403662,3.005701638,172.214018,-1.581372817,2.377403662,172.214018,-0.291506462,-0.148616689
wheel,1780715222.769601583,68.821245909,-1.581372817,2.377403662,3.005701638,172.214018,-1.581372817,2.377403662,172.214018,-0.276931138,-0.147130522
wheel,1780715222.788244724,68.839889050,-1.570474199,2.375895473,3.002463233,172.028471,-1.570474199,2.375895473,172.028471,-0.292591939,-0.147396221
wheel,1780715222.808285952,68.859930277,-1.570474199,2.375895473,3.002463233,172.028471,-1.570474199,2.375895473,172.028471,-0.277962342,-0.145922259
wheel,1780715222.828257322,68.879901648,-1.559220173,2.374298285,2.998762200,171.816418,-1.559220173,2.374298285,171.816418,-0.292527054,-0.146316537
wheel,1780715222.849197865,68.900842190,-1.559220173,2.374298285,2.998762200,171.816418,-1.559220173,2.374298285,171.816418,-0.277900702,-0.144853372
wheel,1780715222.868306398,68.919950724,-1.554100357,2.373555961,2.996449054,171.683884,-1.554100357,2.373555961,171.683884,-0.277541239,-0.144615263
wheel,1780715222.888322830,68.939967155,-1.543287871,2.371960154,2.993673279,171.524844,-1.543287871,2.371960154,171.524844,-0.290967081,-0.144555924
rtabmap,1780715222.898802996,69.500970364,1.810952187,-2.657876015,1.205859550,69.090663,1.580735561,2.800349667,-174.615341,0.272759944,0.088179916
wheel,1780715222.908279181,68.959923506,-1.537739179,2.371129419,2.992285392,171.445324,-1.537739179,2.371129419,171.445324,-0.290476248,-0.143805852
wheel,1780715222.934355259,68.985999584,-1.537739179,2.371129419,2.992285392,171.445324,-1.537739179,2.371129419,171.445324,-0.275952436,-0.142367793
wheel,1780715222.948297977,68.999942303,-1.532335737,2.370312762,2.990897504,171.365804,-1.532335737,2.370312762,171.365804,-0.281750489,-0.141939451
wheel,1780715222.968298674,69.019942999,-1.524917098,2.369177489,2.988584359,171.233270,-1.524917098,2.369177489,171.233270,-0.286423697,-0.141676520
wheel,1780715222.988331079,69.039975405,-1.524917098,2.369177489,2.988584359,171.233270,-1.524917098,2.369177489,171.233270,-0.272102513,-0.140259755
wheel,1780715223.008249044,69.059893370,-1.510735157,2.366960204,2.984420696,170.994710,-1.510735157,2.366960204,170.994710,-0.294525577,-0.140947263
wheel,1780715223.028278589,69.079922915,-1.510735157,2.366960204,2.984420696,170.994710,-1.510735157,2.366960204,170.994710,-0.279799298,-0.139537790
wheel,1780715223.050754070,69.102398396,-1.505410459,2.366111300,2.982570180,170.888683,-1.505410459,2.366111300,170.888683,-0.277804246,-0.138965744
wheel,1780715223.068288326,69.119932652,-1.499511869,2.365159705,2.980719663,170.782657,-1.499511869,2.365159705,170.782657,-0.280953320,-0.138631559
wheel,1780715223.088279724,69.139924049,-1.493990662,2.364162517,2.945097218,168.741641,-1.493990662,2.364162517,168.741641,-0.280937693,-0.155063705
wheel,1780715223.108325005,69.159969330,-1.493990662,2.364162517,2.945097218,168.741641,-1.493990662,2.364162517,168.741641,-0.266890808,-0.153513068
wheel,1780715223.128251314,69.179895639,-1.478154784,2.361241830,2.973317596,170.358549,-1.478154784,2.361241830,170.358549,-0.293946272,-0.137817769
wheel,1780715223.148250341,69.199894667,-1.473127134,2.360382938,2.971467080,170.252523,-1.473127134,2.360382938,170.252523,-0.292000187,-0.137364851
rtabmap,1780715223.165548086,69.767715454,1.832881808,-2.594336748,1.229981949,70.472775,1.514056197,2.791863845,-173.233230,0.251856208,0.090432204
wheel,1780715223.168305874,69.219950199,-1.473127134,2.360382938,2.971467080,170.252523,-1.473127134,2.360382938,170.252523,-0.277400178,-0.135991202
wheel,1780715223.189603090,69.241247416,-1.462071591,2.358462680,2.967766047,170.040469,-1.462071591,2.358462680,170.040469,-0.289881822,-0.136369597
wheel,1780715223.208298206,69.259942532,-1.456832883,2.357541520,2.967303417,170.013962,-1.456832883,2.357541520,170.013962,-0.289609955,-0.135253298
wheel,1780715223.228334427,69.279978752,-1.451308023,2.356564773,2.965915530,169.934442,-1.451308023,2.356564773,169.934442,-0.289133105,-0.134593586
wheel,1780715223.248250723,69.299895048,-1.445713022,2.355566280,2.964065013,169.828415,-1.445713022,2.355566280,169.828415,-0.288942272,-0.134176642
wheel,1780715223.268310785,69.319955111,-1.445713022,2.355566280,2.964065013,169.828415,-1.445713022,2.355566280,169.828415,-0.274495158,-0.132834875
wheel,1780715223.288417101,69.340061426,-1.434599835,2.353553813,2.960826609,169.642869,-1.434599835,2.353553813,169.642869,-0.288871601,-0.133118065
wheel,1780715223.308886290,69.360530615,-1.429081418,2.352541303,2.959438722,169.563348,-1.429081418,2.352541303,169.563348,-0.288124077,-0.132464488
wheel,1780715223.328447104,69.380091429,-1.423421112,2.351494638,2.958050834,169.483828,-1.423421112,2.351494638,169.483828,-0.288433429,-0.131849454
wheel,1780715223.348818541,69.400462866,-1.423421112,2.351494638,2.958050834,169.483828,-1.423421112,2.351494638,169.483828,-0.274011758,-0.130530959
wheel,1780715223.368245840,69.419890165,-1.417690881,2.350425444,2.956200318,169.377802,-1.417690881,2.350425444,169.377802,-0.275314503,-0.130178242
wheel,1780715223.388234615,69.439878941,-1.406592895,2.348330771,2.953887172,169.245268,-1.406592895,2.348330771,169.245268,-0.289796100,-0.130033544
wheel,1780715223.408255100,69.459899426,-1.400866660,2.347240377,2.952961914,169.192255,-1.400866660,2.347240377,169.192255,-0.289864723,-0.129195381
wheel,1780715223.428255320,69.479899645,-1.395285062,2.346169494,2.951111397,169.086228,-1.395285062,2.346169494,169.086228,-0.289580676,-0.128828731
rtabmap,1780715223.432029247,70.034196615,1.855114698,-2.520618916,1.252318932,71.752589,1.438117074,2.779141039,-171.953415,0.288610220,0.083821602
wheel,1780715223.448324442,69.499968767,-1.389704955,2.345090866,2.950186139,169.033215,-1.389704955,2.345090866,169.033215,-0.289289688,-0.128002406
wheel,1780715223.468265057,69.519909382,-1.389704955,2.345090866,2.950186139,169.033215,-1.389704955,2.345090866,169.033215,-0.274825204,-0.126722382
wheel,1780715223.488266945,69.539911270,-1.378405725,2.342885040,2.947410364,168.874174,-1.378405725,2.342885040,168.874174,-0.289849856,-0.126842303
wheel,1780715223.508377552,69.560021877,-1.378405725,2.342885040,2.947410364,168.874174,-1.378405725,2.342885040,168.874174,-0.275357363,-0.125573880
wheel,1780715223.528303623,69.579947948,-1.367040666,2.340636328,2.945097218,168.741641,-1.367040666,2.340636328,168.741641,-0.290667737,-0.125479297
wheel,1780715223.548441887,69.600086212,-1.361324237,2.339495643,2.944171960,168.688627,-1.361324237,2.339495643,168.688627,-0.290616375,-0.124684251
wheel,1780715223.568346500,69.619990826,-1.361324237,2.339495643,2.944171960,168.688627,-1.361324237,2.339495643,168.688627,-0.276085556,-0.123437408
wheel,1780715223.588258743,69.639903069,-1.349389541,2.337122744,2.946485105,168.821161,-1.349389541,2.337122744,168.821161,-0.292839766,-0.121041225
wheel,1780715223.608251333,69.659895658,-1.343888241,2.336021017,2.941396185,168.529587,-1.343888241,2.336021017,168.529587,-0.292230987,-0.122376520
wheel,1780715223.628255129,69.679899454,-1.338318877,2.334888229,2.940470926,168.476574,-1.338318877,2.334888229,168.476574,-0.291823209,-0.121615230
wheel,1780715223.648390532,69.700034857,-1.332393901,2.333675972,2.939083039,168.397054,-1.332393901,2.333675972,168.397054,-0.292250565,-0.121088396
wheel,1780715223.668239594,69.719883919,-1.332393901,2.333675972,2.939083039,168.397054,-1.332393901,2.333675972,168.397054,-0.277638037,-0.119877512
wheel,1780715223.688246250,69.739890575,-1.320619812,2.331244273,2.936769893,168.264520,-1.320619812,2.331244273,168.264520,-0.293804363,-0.119834994
wheel,1780715223.708370686,69.760015011,-1.314913630,2.330053385,2.934919376,168.158493,-1.314913630,2.330053385,168.158493,-0.293596855,-0.119556181
wheel,1780715223.728248596,69.779892921,-1.308852279,2.328781056,2.934456747,168.131987,-1.308852279,2.328781056,168.131987,-0.294494798,-0.118593340
rtabmap,1780715223.731878996,70.334046364,1.883683443,-2.426495075,1.269838641,72.756395,1.341076654,2.763059138,-170.949609,0.327951908,0.058428079
wheel,1780715223.748294115,69.799938440,-1.308852279,2.328781056,2.934456747,168.131987,-1.308852279,2.328781056,168.131987,-0.279770058,-0.117407407
wheel,1780715223.771680355,69.823324680,-1.303220987,2.327588116,2.931218343,167.946440,-1.303220987,2.327588116,167.946440,-0.278086242,-0.117617826
wheel,1780715223.789426327,69.841070652,-1.291824288,2.325132475,2.927517310,167.734386,-1.291824288,2.325132475,167.734386,-0.297028215,-0.118527127
wheel,1780715223.808858156,69.860502481,-1.286343205,2.323934211,2.925204164,167.601853,-1.286343205,2.323934211,167.601853,-0.296614146,-0.118532319
wheel,1780715223.829133511,69.880777836,-1.280793479,2.322708828,2.923353647,167.495826,-1.280793479,2.322708828,167.495826,-0.295798480,-0.118259656
wheel,1780715223.848237991,69.899882317,-1.280793479,2.322708828,2.923353647,167.495826,-1.280793479,2.322708828,167.495826,-0.281008556,-0.117077059
wheel,1780715223.868350029,69.919994354,-1.275245459,2.321475744,2.922428389,167.442813,-1.275245459,2.321475744,167.442813,-0.281091999,-0.116366488
wheel,1780715223.888256550,69.939900875,-1.264295064,2.319025994,2.920577872,167.336786,-1.264295064,2.319025994,167.336786,-0.295210673,-0.116132059
wheel,1780715223.908749342,69.960393667,-1.258608912,2.317742872,2.918727356,167.230759,-1.258608912,2.317742872,167.230759,-0.294678980,-0.115874157
wheel,1780715223.928239822,69.979884148,-1.253279539,2.316533781,2.918264727,167.204252,-1.253279539,2.316533781,167.204252,-0.293958543,-0.114952681
wheel,1780715223.948294640,69.999938965,-1.247809201,2.315287385,2.916876839,167.124732,-1.247809201,2.315287385,167.124732,-0.293248781,-0.114495209
wheel,1780715223.969206333,70.020850658,-1.247809201,2.315287385,2.916876839,167.124732,-1.247809201,2.315287385,167.124732,-0.278586342,-0.113350257
wheel,1780715223.989199162,70.040843487,-1.247809201,2.315287385,2.916876839,167.124732,-1.247809201,2.315287385,167.124732,-0.264657025,-0.112216755
wheel,1780715224.008248329,70.059892654,-1.230700476,2.311330902,2.911787919,166.833159,-1.230700476,2.311330902,166.833159,-0.297516073,-0.113766053
wheel,1780715224.028848886,70.080493212,-1.225591076,2.310140607,2.913638435,166.939185,-1.225591076,2.310140607,166.939185,-0.295373603,-0.111730098
wheel,1780715224.048236847,70.099881172,-1.219913965,2.308818057,2.911787919,166.833159,-1.219913965,2.308818057,166.833159,-0.295637776,-0.111567264
rtabmap,1780715224.064965963,70.667133331,1.911802411,-2.329457045,1.293439846,74.108644,1.241622809,2.745283078,-169.597360,0.303260118,0.070855148
wheel,1780715224.068254471,70.119898796,-1.219913965,2.308818057,2.911787919,166.833159,-1.219913965,2.308818057,166.833159,-0.280855887,-0.110451591
wheel,1780715224.088228226,70.139872551,-1.219913965,2.308818057,2.911787919,166.833159,-1.219913965,2.308818057,166.833159,-0.266813093,-0.109347075
wheel,1780715224.108252287,70.159896612,-1.203177382,2.304870064,2.908086885,166.621105,-1.203177382,2.304870064,166.621105,-0.296397818,-0.110101347
wheel,1780715224.128259182,70.179903507,-1.197577645,2.303536830,2.907624256,166.594598,-1.197577645,2.303536830,166.594598,-0.295964655,-0.109231585
wheel,1780715224.148443222,70.200087547,-1.197577645,2.303536830,2.907624256,166.594598,-1.197577645,2.303536830,166.594598,-0.281166422,-0.108139269
wheel,1780715224.168359995,70.220004320,-1.191766221,2.302148933,2.906698998,166.541585,-1.191766221,2.302148933,166.541585,-0.282094741,-0.107522039
wheel,1780715224.189296484,70.240940809,-1.180002934,2.299333845,2.906698998,166.541585,-1.180002934,2.299333845,166.541585,-0.296874057,-0.106446819
wheel,1780715224.208371162,70.260015488,-1.174759640,2.298076501,2.905773739,166.488571,-1.174759640,2.298076501,166.488571,-0.296163418,-0.105867398
wheel,1780715224.228271961,70.279916286,-1.174759640,2.298076501,2.905773739,166.488571,-1.174759640,2.298076501,166.488571,-0.281355247,-0.104808724
wheel,1780715224.248245239,70.299889565,-1.164136075,2.295508167,2.902997965,166.329531,-1.164136075,2.295508167,166.329531,-0.294647750,-0.105150364
wheel,1780715224.269650698,70.321295023,-1.164136075,2.295508167,2.902997965,166.329531,-1.164136075,2.295508167,166.329531,-0.279915362,-0.104098861
wheel,1780715224.288321018,70.339965343,-1.164136075,2.295508167,2.902997965,166.329531,-1.164136075,2.295508167,166.329531,-0.265919594,-0.103057872
wheel,1780715224.308269262,70.359913588,-1.148006491,2.291529636,2.896521156,165.958438,-1.148006491,2.291529636,165.958438,-0.294222140,-0.105270843
wheel,1780715224.328293324,70.379937649,-1.142847842,2.290233124,2.894208011,165.825904,-1.142847842,2.290233124,165.825904,-0.292793226,-0.105373359
rtabmap,1780715224.331802845,70.933970213,1.929377794,-2.249137163,1.309048528,75.002956,1.161827901,2.725460107,-168.703048,0.307538450,0.058495037
wheel,1780715224.348273993,70.399918318,-1.140370264,2.289628687,2.910400031,166.753638,-1.140370264,2.289628687,166.753638,-0.284536407,-0.096214428
wheel,1780715224.368580818,70.420225143,-1.137610158,2.288952617,2.892357494,165.719877,-1.137610158,2.288952617,165.719877,-0.277305098,-0.104135473
wheel,1780715224.388261080,70.439905405,-1.125399213,2.285823536,2.889119090,165.534330,-1.125399213,2.285823536,165.534330,-0.295465944,-0.104739647
wheel,1780715224.409647226,70.461291552,-1.125399213,2.285823536,2.889119090,165.534330,-1.125399213,2.285823536,165.534330,-0.280692646,-0.103692250
wheel,1780715224.430899858,70.482544184,-1.121872350,2.284910200,2.887268573,165.428304,-1.121872350,2.284910200,165.428304,-0.275229776,-0.103526110
wheel,1780715224.448287010,70.499931335,-1.116725297,2.283568394,2.885880686,165.348783,-1.116725297,2.283568394,165.348783,-0.276763032,-0.103289009
wheel,1780715224.468249083,70.519893408,-1.111580736,2.282217066,2.883567540,165.216250,-1.111580736,2.282217066,165.216250,-0.276246729,-0.103414793
wheel,1780715224.488384724,70.540029049,-1.101018117,2.279408588,2.879866507,165.004196,-1.101018117,2.279408588,165.004196,-0.289587544,-0.104219588
wheel,1780715224.508355141,70.559999466,-1.095670361,2.277970777,2.878015990,164.898170,-1.095670361,2.277970777,164.898170,-0.288995899,-0.104105562
wheel,1780715224.528657913,70.580302238,-1.089903294,2.276408779,2.876165473,164.792143,-1.089903294,2.276408779,164.792143,-0.289230310,-0.103974097
wheel,1780715224.548248291,70.599892616,-1.084982664,2.275066258,2.874314957,164.686116,-1.084982664,2.275066258,164.686116,-0.287785997,-0.103878915
wheel,1780715224.568435431,70.620079756,-1.084982664,2.275066258,2.874314957,164.686116,-1.084982664,2.275066258,164.686116,-0.273396697,-0.102840126
wheel,1780715224.588259935,70.639904261,-1.074095971,2.272060783,2.870151294,164.447556,-1.074095971,2.272060783,164.447556,-0.288087493,-0.103902831
wheel,1780715224.608261824,70.659906149,-1.068762436,2.270571085,2.868300778,164.341529,-1.068762436,2.270571085,164.341529,-0.287526319,-0.103788995
wheel,1780715224.628278017,70.679922342,-1.063431666,2.269071520,2.866450261,164.235502,-1.063431666,2.269071520,164.235502,-0.286985287,-0.103675769
wheel,1780715224.648271799,70.699916124,-1.058173441,2.267583171,2.865062374,164.155982,-1.058173441,2.267583171,164.155982,-0.286299194,-0.103333014
wheel,1780715224.670514584,70.722158909,-1.058173441,2.267583171,2.865062374,164.155982,-1.058173441,2.267583171,164.155982,-0.271984234,-0.102299684
wheel,1780715224.688267708,70.739912033,-1.046823892,2.264339446,2.861361340,163.943928,-1.046823892,2.264339446,163.943928,-0.291632506,-0.103361577
wheel,1780715224.708279371,70.759923697,-1.042133371,2.262985967,2.859973453,163.864408,-1.042133371,2.262985967,163.864408,-0.289247486,-0.103021443
wheel,1780715224.728254318,70.779898643,-1.036955224,2.261482692,2.858122936,163.758382,-1.036955224,2.261482692,163.758382,-0.288281553,-0.102917625
rtabmap,1780715224.731624603,71.333791971,1.955678105,-2.131873131,1.346016939,77.121090,1.045046404,2.697093902,-166.584915,0.300323069,0.092461929
wheel,1780715224.748335838,70.799980164,-1.031639992,2.259928950,2.856272420,163.652355,-1.031639992,2.259928950,163.652355,-0.287661840,-0.102810378
wheel,1780715224.769436359,70.821080685,-1.031639992,2.259928950,2.856272420,163.652355,-1.031639992,2.259928950,163.652355,-0.273278748,-0.101782274
wheel,1780715224.789635658,70.841279984,-1.031639992,2.259928950,2.856272420,163.652355,-1.031639992,2.259928950,163.652355,-0.259614811,-0.100764452
wheel,1780715224.808293104,70.859937429,-1.020598914,2.256668143,2.852571386,163.440301,-1.020598914,2.256668143,163.440301,-0.277488407,-0.101740610
wheel,1780715224.828266144,70.879910469,-1.013826581,2.254645880,2.850258241,163.307768,-1.013826581,2.254645880,163.307768,-0.281306957,-0.101881310
wheel,1780715224.848258972,70.899903297,-1.004760987,2.251899962,2.844706691,162.989687,-1.004760987,2.251899962,162.989687,-0.290930086,-0.103639169
wheel,1780715224.868259430,70.919903755,-1.004760987,2.251899962,2.844706691,162.989687,-1.004760987,2.251899962,162.989687,-0.276383582,-0.102602777
wheel,1780715224.888356447,70.940000772,-0.994312484,2.248692902,2.842856174,162.883661,-0.994312484,2.248692902,162.883661,-0.289761695,-0.102497716
wheel,1780715224.909014702,70.960659027,-0.994312484,2.248692902,2.842856174,162.883661,-0.994312484,2.248692902,162.883661,-0.275273610,-0.101472738
wheel,1780715224.928331375,70.979975700,-0.983527260,2.245341498,2.837767253,162.592087,-0.983527260,2.245341498,162.592087,-0.289779166,-0.103005572
rtabmap,1780715224.931641102,71.533808470,1.963739991,-2.071695566,1.365166083,78.218255,0.987524008,2.677664356,-165.487749,0.302277893,0.095737256
wheel,1780715224.948294878,70.999939203,-0.978174859,2.243659265,2.836379366,162.512567,-0.978174859,2.243659265,162.512567,-0.289340510,-0.102670645
wheel,1780715224.968308926,71.019953251,-0.978174859,2.243659265,2.836379366,162.512567,-0.978174859,2.243659265,162.512567,-0.274873485,-0.101643939
wheel,1780715224.988246441,71.039890766,-0.967408407,2.240248038,2.833140962,162.327020,-0.967408407,2.240248038,162.327020,-0.289447717,-0.102251465
wheel,1780715225.008253574,71.059897900,-0.962273215,2.238604003,2.830365187,162.167980,-0.962273215,2.238604003,162.167980,-0.288451667,-0.102616476
wheel,1780715225.028246880,71.079891205,-0.957003941,2.236900902,2.827589412,162.008939,-0.957003941,2.236900902,162.008939,-0.287876741,-0.102978547
wheel,1780715225.049169779,71.100814104,-0.951738621,2.235185617,2.825738895,161.902913,-0.951738621,2.235185617,161.902913,-0.286717024,-0.102833248
wheel,1780715225.068243027,71.119887352,-0.951738621,2.235185617,2.825738895,161.902913,-0.951738621,2.235185617,161.902913,-0.272381173,-0.101804915
wheel,1780715225.088249683,71.139894009,-0.941219146,2.231720962,2.821112604,161.637846,-0.941219146,2.231720962,161.637846,-0.286440597,-0.103099187
wheel,1780715225.108280897,71.159925222,-0.935896322,2.229947361,2.818799458,161.505312,-0.935896322,2.229947361,161.505312,-0.286123382,-0.103222993
wheel,1780715225.128347158,71.179991484,-0.930508124,2.228139506,2.816948941,161.399285,-0.930508124,2.228139506,161.399285,-0.285983337,-0.103113262
wheel,1780715225.148343086,71.199987411,-0.930508124,2.228139506,2.816948941,161.399285,-0.930508124,2.228139506,161.399285,-0.271684170,-0.102082130
wheel,1780715225.168348074,71.219992399,-0.925261353,2.226368293,2.815098425,161.293259,-0.925261353,2.226368293,161.293259,-0.271942667,-0.101986468
wheel,1780715225.188228130,71.239872456,-0.925261353,2.226368293,2.815098425,161.293259,-0.925261353,2.226368293,161.293259,-0.258345534,-0.100966604
rtabmap,1780715225.198219776,71.800387144,1.977919221,-1.996670485,1.395625214,79.963435,0.913980481,2.657142098,-163.742570,0.286368459,0.114259019
wheel,1780715225.208619356,71.260263681,-0.914779338,2.222791905,2.810472133,161.028192,-0.914779338,2.222791905,161.028192,-0.272567297,-0.102224192
wheel,1780715225.228260279,71.279904604,-0.904312304,2.219171903,2.806771100,160.816138,-0.904312304,2.219171903,160.816138,-0.287137254,-0.103086550
wheel,1780715225.248271942,71.299916267,-0.898877883,2.217274105,2.804457954,160.683605,-0.898877883,2.217274105,160.683605,-0.287159407,-0.103211322
wheel,1780715225.268299103,71.319943428,-0.898877883,2.217274105,2.804457954,160.683605,-0.898877883,2.217274105,160.683605,-0.272801437,-0.102179209
wheel,1780715225.288762093,71.340406418,-0.898877883,2.217274105,2.804457954,160.683605,-0.898877883,2.217274105,160.683605,-0.259161365,-0.101157416
wheel,1780715225.308279991,71.359924316,-0.883630059,2.211873986,2.797981146,160.312511,-0.883630059,2.211873986,160.312511,-0.287643770,-0.103464399
wheel,1780715225.329814672,71.381458998,-0.878555833,2.210050451,2.795205371,160.153471,-0.878555833,2.210050451,160.153471,-0.285780511,-0.103718705
wheel,1780715225.348303556,71.399947882,-0.878555833,2.210050451,2.795205371,160.153471,-0.878555833,2.210050451,160.153471,-0.271491486,-0.102681518
wheel,1780715225.369164944,71.420809269,-0.873417756,2.208189195,2.792892225,160.020937,-0.873417756,2.208189195,160.020937,-0.271015260,-0.102763558
wheel,1780715225.389389038,71.441033363,-0.862880894,2.204330833,2.788265933,159.755870,-0.862880894,2.204330833,159.755870,-0.285212548,-0.104023949
wheel,1780715225.408326149,71.459970474,-0.862880894,2.204330833,2.788265933,159.755870,-0.862880894,2.204330833,159.755870,-0.270951921,-0.102983710
wheel,1780715225.428249121,71.479893446,-0.853249126,2.200755811,2.784102271,159.517310,-0.853249126,2.200755811,159.517310,-0.283186062,-0.104043578
rtabmap,1780715225.431633234,72.033800602,1.985086083,-1.933852673,1.423209545,81.543900,0.854487492,2.635740565,-162.162104,0.270359159,0.118178554
wheel,1780715225.448256254,71.499900579,-0.848270216,2.198884166,2.779938609,159.278750,-0.848270216,2.198884166,159.278750,-0.282319556,-0.105084206
wheel,1780715225.468510389,71.520154715,-0.848270216,2.198884166,2.779938609,159.278750,-0.848270216,2.198884166,159.278750,-0.268203578,-0.104033364
wheel,1780715225.488347292,71.539991617,-0.848270216,2.198884166,2.779938609,159.278750,-0.848270216,2.198884166,159.278750,-0.254793399,-0.102993031
wheel,1780715225.508269310,71.559913635,-0.833228766,2.193134363,2.772999171,158.881149,-0.833228766,2.193134363,158.881149,-0.282455184,-0.105445234
wheel,1780715225.528260708,71.579905033,-0.828269163,2.191212142,2.770686025,158.748616,-0.828269163,2.191212142,158.748616,-0.281635368,-0.105547811
wheel,1780715225.548813105,71.600457430,-0.823178262,2.189225475,2.768372880,158.616082,-0.823178262,2.189225475,158.616082,-0.280849804,-0.105617937
wheel,1780715225.568859339,71.620503664,-0.823178262,2.189225475,2.768372880,158.616082,-0.823178262,2.189225475,158.616082,-0.266807314,-0.104561758
wheel,1780715225.588259697,71.639904022,-0.813145881,2.185270287,2.763746588,158.351015,-0.813145881,2.185270287,158.351015,-0.281255857,-0.105900431
wheel,1780715225.608285427,71.659929752,-0.808406918,2.183384234,2.761896071,158.244988,-0.808406918,2.183384234,158.244988,-0.279926381,-0.105765386
wheel,1780715225.628248692,71.679893017,-0.803536155,2.181435276,2.760045555,158.138962,-0.803536155,2.181435276,158.138962,-0.279070204,-0.105634727
wheel,1780715225.649729490,71.701373816,-0.798398610,2.179368532,2.758195038,158.032935,-0.798398610,2.179368532,158.032935,-0.278006224,-0.105439835
rtabmap,1780715225.664922237,72.267089605,1.992729068,-1.873046875,1.452236446,83.207019,0.796587428,2.615657167,-160.498985,0.262629718,0.124424085
wheel,1780715225.668998241,71.720642567,-0.798398610,2.179368532,2.758195038,158.032935,-0.798398610,2.179368532,158.032935,-0.264105912,-0.104385437
wheel,1780715225.688260794,71.739905119,-0.788475446,2.175336560,2.753106117,157.741361,-0.788475446,2.175336560,157.741361,-0.278701602,-0.105983291
wheel,1780715225.709810972,71.761455297,-0.788475446,2.175336560,2.753106117,157.741361,-0.788475446,2.175336560,157.741361,-0.264766522,-0.104923458
wheel,1780715225.728259802,71.779904127,-0.778240998,2.171103445,2.745704051,157.317254,-0.778240998,2.171103445,157.317254,-0.281547681,-0.107886853
wheel,1780715225.748706818,71.800351143,-0.773601792,2.169165725,2.746166680,157.343761,-0.773601792,2.169165725,157.343761,-0.279766430,-0.106581693
wheel,1780715225.768474102,71.820118427,-0.773601792,2.169165725,2.746166680,157.343761,-0.773601792,2.169165725,157.343761,-0.265778109,-0.105515876
wheel,1780715225.788296700,71.839941025,-0.763657775,2.164993349,2.742465647,157.131707,-0.763657775,2.164993349,157.131707,-0.279672865,-0.106326606
wheel,1780715225.808279753,71.859924078,-0.758825798,2.162950124,2.740615130,157.025680,-0.758825798,2.162950124,157.025680,-0.278814941,-0.106189316
wheel,1780715225.828250885,71.879895210,-0.753796931,2.160811291,2.738301984,156.893147,-0.753796931,2.160811291,156.893147,-0.278556613,-0.106285723
wheel,1780715225.848473549,71.900117874,-0.749174022,2.158835007,2.736914097,156.813627,-0.749174022,2.158835007,156.813627,-0.277060618,-0.105909234
wheel,1780715225.868572474,71.920216799,-0.749174022,2.158835007,2.736914097,156.813627,-0.749174022,2.158835007,156.813627,-0.263207587,-0.104850141
wheel,1780715225.888622999,71.940267324,-0.749174022,2.158835007,2.736914097,156.813627,-0.749174022,2.158835007,156.813627,-0.250047208,-0.103801640
rtabmap,1780715225.898447990,72.500615358,1.995802045,-1.808937550,1.477670813,84.664301,0.737750053,2.590013220,-159.041703,0.274157256,0.108915046
wheel,1780715225.908255816,71.959900141,-0.735395602,2.152880567,2.730437289,156.442533,-0.735395602,2.152880567,156.442533,-0.275768419,-0.106062314
wheel,1780715225.928445339,71.980089664,-0.731256197,2.151071204,2.728586772,156.336506,-0.731256197,2.151071204,156.336506,-0.273172143,-0.105918610
wheel,1780715225.949371576,72.001015902,-0.731256197,2.151071204,2.728586772,156.336506,-0.731256197,2.151071204,156.336506,-0.259513536,-0.104859423
wheel,1780715225.968253613,72.019897938,-0.726854201,2.149134920,2.725810997,156.177466,-0.726854201,2.149134920,156.177466,-0.259270014,-0.105280631
wheel,1780715225.988246202,72.039890528,-0.717933259,2.145166498,2.720259447,155.859386,-0.717933259,2.145166498,155.859386,-0.270725322,-0.107004661
wheel,1780715226.008205891,72.059850216,-0.717933259,2.145166498,2.720259447,155.859386,-0.717933259,2.145166498,155.859386,-0.257189056,-0.105934615
wheel,1780715226.028271914,72.079916239,-0.709236441,2.141232529,2.713320010,155.461785,-0.709236441,2.141232529,155.461785,-0.268115773,-0.108333817
wheel,1780715226.048250675,72.099895000,-0.705129482,2.139350679,2.710544235,155.302745,-0.705129482,2.139350679,155.302745,-0.266014171,-0.108639627
wheel,1780715226.068262100,72.119906425,-0.705129482,2.139350679,2.710544235,155.302745,-0.705129482,2.139350679,155.302745,-0.252713463,-0.107553230
wheel,1780715226.088262320,72.139906645,-0.696277773,2.135230143,2.701291652,154.772611,-0.696277773,2.135230143,154.772611,-0.264488448,-0.111104215
wheel,1780715226.108293533,72.159937859,-0.691867774,2.133136152,2.695277473,154.428024,-0.691867774,2.133136152,154.428024,-0.263448727,-0.112995326
wheel,1780715226.128273964,72.179918289,-0.687339185,2.130952378,2.689263294,154.083437,-0.687339185,2.130952378,154.083437,-0.262859159,-0.114875767
wheel,1780715226.148780107,72.200424433,-0.682889755,2.128772422,2.682786485,153.712343,-0.682889755,2.128772422,153.712343,-0.261796093,-0.116885151
rtabmap,1780715226.165270090,72.767437458,1.996698380,-1.744865179,1.531643570,87.756712,0.679910011,2.562434211,-155.949292,0.239403188,0.202280492
wheel,1780715226.169868708,72.221513033,-0.682889755,2.128772422,2.682786485,153.712343,-0.682889755,2.128772422,153.712343,-0.248706288,-0.115716299
wheel,1780715226.188334942,72.239979267,-0.672620260,2.123568988,2.662430803,152.546048,-0.672620260,2.123568988,152.546048,-0.267442805,-0.125582327
wheel,1780715226.208271027,72.259915352,-0.668933411,2.121656748,2.663818690,152.625568,-0.668933411,2.121656748,152.625568,-0.264487335,-0.123630319
wheel,1780715226.229750156,72.281394482,-0.668933411,2.121656748,2.663818690,152.625568,-0.668933411,2.121656748,152.625568,-0.251262968,-0.122394016
wheel,1780715226.248267651,72.299911976,-0.659588568,2.116727313,2.648551928,151.750847,-0.659588568,2.116727313,151.750847,-0.267229894,-0.129415220
wheel,1780715226.268591642,72.320235968,-0.659588568,2.116727313,2.648551928,151.750847,-0.659588568,2.116727313,151.750847,-0.253868399,-0.128121068
wheel,1780715226.289431572,72.341075897,-0.650627241,2.111853458,2.638374086,151.167700,-0.650627241,2.111853458,151.167700,-0.265652366,-0.131724234
wheel,1780715226.308248281,72.359892607,-0.646357630,2.109486327,2.632359907,150.823113,-0.646357630,2.109486327,150.823113,-0.265340007,-0.133602696
wheel,1780715226.328342438,72.379986763,-0.641975308,2.107022134,2.626345728,150.478526,-0.641975308,2.107022134,150.478526,-0.264586582,-0.135260485
wheel,1780715226.348258018,72.399902344,-0.637418599,2.104422293,2.619868920,150.107432,-0.637418599,2.104422293,150.107432,-0.264525862,-0.137159389
wheel,1780715226.370825052,72.422469378,-0.637418599,2.104422293,2.619868920,150.107432,-0.637418599,2.104422293,150.107432,-0.251299569,-0.135787795
wheel,1780715226.388274908,72.439919233,-0.637418599,2.104422293,2.619868920,150.107432,-0.637418599,2.104422293,150.107432,-0.238734590,-0.134429917
wheel,1780715226.408250809,72.459895134,-0.623667820,2.096326031,2.599050608,148.914631,-0.623667820,2.096326031,148.914631,-0.266736219,-0.143506585
wheel,1780715226.428272009,72.479916334,-0.623667820,2.096326031,2.599050608,148.914631,-0.623667820,2.096326031,148.914631,-0.253399408,-0.142071519
wheel,1780715226.448241472,72.499885798,-0.615087898,2.091082665,2.587022250,148.225456,-0.615087898,2.091082665,148.225456,-0.265906290,-0.146674252
wheel,1780715226.468331575,72.519975901,-0.615087898,2.091082665,2.587022250,148.225456,-0.615087898,2.091082665,148.225456,-0.252610976,-0.145207509
wheel,1780715226.488258600,72.539902925,-0.606574139,2.085732539,2.574068633,147.483269,-0.606574139,2.085732539,147.483269,-0.265205165,-0.150254562
wheel,1780715226.508537292,72.560181618,-0.606574139,2.085732539,2.574068633,147.483269,-0.606574139,2.085732539,147.483269,-0.251944907,-0.148752016
wheel,1780715226.531435490,72.583079815,-0.602159505,2.082898147,2.567591825,147.112175,-0.602159505,2.082898147,147.112175,-0.250803419,-0.150093078
rtabmap,1780715226.531804085,73.133971453,1.990807891,-1.645121455,1.653611861,94.744981,0.593095838,2.512968995,-148.961024,0.271289676,0.332761049
wheel,1780715226.548263073,72.599907398,-0.592716941,2.076702105,2.554175580,146.343481,-0.592716941,2.076702105,146.343481,-0.271819149,-0.156564466
wheel,1780715226.568273783,72.619918108,-0.592716941,2.076702105,2.554175580,146.343481,-0.592716941,2.076702105,146.343481,-0.258228191,-0.154998821
wheel,1780715226.590296268,72.641940594,-0.592716941,2.076702105,2.554175580,146.343481,-0.592716941,2.076702105,146.343481,-0.245316782,-0.153448833
wheel,1780715226.610470057,72.662114382,-0.584743312,2.071323600,2.542147222,145.654307,-0.584743312,2.071323600,145.654307,-0.256892055,-0.157877489
wheel,1780715226.628264427,72.679908752,-0.575753663,2.065107277,2.531044122,145.018146,-0.575753663,2.065107277,145.018146,-0.274752978,-0.162537298
wheel,1780715226.648253918,72.699898243,-0.572539283,2.062838066,2.522716797,144.541025,-0.572539283,2.062838066,144.541025,-0.270856684,-0.165077577
wheel,1780715226.668475866,72.720120192,-0.572539283,2.062838066,2.522716797,144.541025,-0.572539283,2.062838066,144.541025,-0.257313850,-0.163426802
wheel,1780715226.688218355,72.739862680,-0.572539283,2.062838066,2.522716797,144.541025,-0.572539283,2.062838066,144.541025,-0.244448157,-0.161792534
rtabmap,1780715226.698538065,73.300705433,1.981006861,-1.599273562,1.709815594,97.965217,0.556333329,2.483872476,-145.740787,0.278896064,0.337083310
wheel,1780715226.708261251,72.759905577,-0.560995482,2.054429859,2.501435856,143.321717,-0.560995482,2.054429859,143.321717,-0.267849351,-0.170791296
wheel,1780715226.728347301,72.779991627,-0.557091689,2.051498426,2.493571160,142.871103,-0.557091689,2.051498426,142.871103,-0.266642311,-0.173009509
wheel,1780715226.748277903,72.799922228,-0.553441463,2.048714909,2.486631723,142.473503,-0.553441463,2.048714909,142.473503,-0.264795337,-0.174751868
wheel,1780715226.768319607,72.819963932,-0.553441463,2.048714909,2.486631723,142.473503,-0.553441463,2.048714909,142.473503,-0.251555571,-0.173004350
wheel,1780715226.788253784,72.839898109,-0.546030932,2.042932692,2.471364960,141.598782,-0.546030932,2.042932692,141.598782,-0.262550953,-0.178931885
wheel,1780715226.808255196,72.859899521,-0.542443412,2.040068811,2.464425523,141.201181,-0.542443412,2.040068811,141.201181,-0.260899237,-0.180612206
wheel,1780715226.828265905,72.879910231,-0.538931822,2.037226767,2.457948715,140.830088,-0.538931822,2.037226767,140.830088,-0.259142569,-0.182042870
rtabmap,1780715226.831773043,73.433940411,1.975590348,-1.564917445,1.761895201,100.949159,0.527931333,2.463797417,-142.756845,0.261006504,0.390885860
wheel,1780715226.848257303,72.899901628,-0.538931822,2.037226767,2.457948715,140.830088,-0.538931822,2.037226767,140.830088,-0.246185440,-0.180222441
wheel,1780715226.868269682,72.919914007,-0.535383046,2.034315014,2.451009277,140.432487,-0.535383046,2.034315014,140.432487,-0.245344891,-0.181887707
wheel,1780715226.888249874,72.939894199,-0.528120299,2.028234095,2.438055661,139.690300,-0.528120299,2.028234095,139.690300,-0.256783933,-0.186552601
wheel,1780715226.908257723,72.959902048,-0.524574045,2.025205817,2.431578853,139.319206,-0.524574045,2.025205817,139.319206,-0.255597585,-0.187923977
wheel,1780715226.928258657,72.979902983,-0.521156317,2.022251564,2.426027303,139.001125,-0.521156317,2.022251564,139.001125,-0.254112593,-0.188820746
wheel,1780715226.948246241,72.999890566,-0.517484465,2.019034362,2.418162607,138.550512,-0.517484465,2.019034362,138.550512,-0.253617824,-0.190866860
wheel,1780715226.968264341,73.019908667,-0.517484465,2.019034362,2.418162607,138.550512,-0.517484465,2.019034362,138.550512,-0.240936933,-0.188958192
wheel,1780715226.988292217,73.039936543,-0.510851525,2.013116095,2.407984766,137.967364,-0.510851525,2.013116095,137.967364,-0.251079797,-0.192149782
wheel,1780715227.008270502,73.059914827,-0.507289998,2.009884640,2.401507958,137.596270,-0.507289998,2.009884640,137.596270,-0.250562743,-0.193470557
wheel,1780715227.028273582,73.079917908,-0.503803862,2.006678689,2.394568520,137.198670,-0.503803862,2.006678689,137.198670,-0.249872351,-0.195004787
wheel,1780715227.048885107,73.100529432,-0.503803862,2.006678689,2.394568520,137.198670,-0.503803862,2.006678689,137.198670,-0.237378733,-0.193054739
rtabmap,1780715227.064906597,73.667073965,1.957637310,-1.512663603,1.838193620,105.320736,0.489036834,2.424554665,-138.385268,0.234683737,0.327272773
wheel,1780715227.068283796,73.119928122,-0.500392610,2.003499106,2.388091712,136.827576,-0.500392610,2.003499106,136.827576,-0.237526917,-0.194462281
wheel,1780715227.088251591,73.139895916,-0.493424013,1.996869949,2.374212837,136.032375,-0.493424013,1.996869949,136.032375,-0.249734504,-0.199468288
wheel,1780715227.108292580,73.159936905,-0.490026671,1.993570050,2.367273400,135.634775,-0.490026671,1.993570050,135.634775,-0.249063415,-0.200936063
wheel,1780715227.128237247,73.179881573,-0.486497374,1.990092450,2.359871333,135.210668,-0.486497374,1.990092450,135.210668,-0.249031653,-0.202638047
wheel,1780715227.148324728,73.199969053,-0.483095386,1.986693444,2.353394525,134.839574,-0.483095386,1.986693444,134.839574,-0.248550429,-0.203836006
wheel,1780715227.169012308,73.220656633,-0.483095386,1.986693444,2.353394525,134.839574,-0.483095386,1.986693444,134.839574,-0.236122908,-0.201797646
wheel,1780715227.188269854,73.239914179,-0.476258913,1.979722490,2.339515650,134.044373,-0.476258913,1.979722490,134.044373,-0.249664491,-0.206985847
wheel,1780715227.208242416,73.259886742,-0.473079038,1.976411823,2.332576213,133.646772,-0.473079038,1.976411823,133.646772,-0.248670932,-0.208389810
wheel,1780715227.228275061,73.279919386,-0.469821998,1.972973370,2.325636776,133.249172,-0.469821998,1.972973370,133.249172,-0.248059350,-0.209770224
wheel,1780715227.248324633,73.299968958,-0.466539969,1.969458394,2.318234709,132.825065,-0.466539969,1.969458394,132.825065,-0.247648661,-0.211364229
wheel,1780715227.268237829,73.319882154,-0.466539969,1.969458394,2.318234709,132.825065,-0.466539969,1.969458394,132.825065,-0.235266228,-0.209250586
wheel,1780715227.288311481,73.339955807,-0.460149401,1.962466562,2.304355834,132.029864,-0.460149401,1.962466562,132.029864,-0.247098261,-0.214072467
wheel,1780715227.308311701,73.359956026,-0.457040078,1.958991149,2.296953768,131.605757,-0.457040078,1.958991149,131.605757,-0.246407871,-0.215634765
wheel,1780715227.328249454,73.379893780,-0.453907564,1.955438879,2.290014331,131.208156,-0.453907564,1.955438879,131.208156,-0.245957336,-0.216956765
wheel,1780715227.348582268,73.400226593,-0.450848402,1.951919232,2.282612264,130.784049,-0.450848402,1.951919232,130.784049,-0.245126764,-0.218427608
rtabmap,1780715227.364794016,73.966961384,1.926436543,-1.443726778,1.946970815,111.553211,0.441053935,2.366044708,-132.152794,0.249196619,0.362727523
wheel,1780715227.368254423,73.419898748,-0.450848402,1.951919232,2.282612264,130.784049,-0.450848402,1.951919232,130.784049,-0.232870425,-0.216243332
wheel,1780715227.388644695,73.440289021,-0.450848402,1.951919232,2.282612264,130.784049,-0.450848402,1.951919232,130.784049,-0.221226904,-0.214080899
wheel,1780715227.408662796,73.460307121,-0.444710902,1.944704236,2.268733389,129.988848,-0.444710902,1.944704236,129.988848,-0.233825258,-0.218873335
wheel,1780715227.428340435,73.479984760,-0.438217034,1.936837247,2.253003998,129.087620,-0.438217034,1.936837247,129.087620,-0.248049501,-0.224676685
wheel,1780715227.448301554,73.499945879,-0.438217034,1.936837247,2.253003998,129.087620,-0.438217034,1.936837247,129.087620,-0.235647026,-0.222429918
wheel,1780715227.468245745,73.519890070,-0.435514990,1.933493566,2.247915077,128.796047,-0.435514990,1.933493566,128.796047,-0.234641558,-0.222757047
wheel,1780715227.489540815,73.541185141,-0.429587946,1.926011526,2.233573573,127.974339,-0.429587946,1.926011526,127.974339,-0.245322485,-0.227264512
wheel,1780715227.508626461,73.560270786,-0.429587946,1.926011526,2.233573573,127.974339,-0.429587946,1.926011526,127.974339,-0.233056361,-0.224991867
wheel,1780715227.528259993,73.579904318,-0.423726155,1.918386142,2.218769440,127.126125,-0.423726155,1.918386142,127.126125,-0.245901374,-0.230283368
wheel,1780715227.548322678,73.599967003,-0.423726155,1.918386142,2.218769440,127.126125,-0.423726155,1.918386142,127.126125,-0.233606305,-0.227980535
wheel,1780715227.568353891,73.619998217,-0.420705552,1.914367069,2.211830003,126.728524,-0.420705552,1.914367069,126.728524,-0.234477103,-0.229165495
wheel,1780715227.588284254,73.639928579,-0.415097218,1.906733482,2.197025870,125.880310,-0.415097218,1.906733482,125.880310,-0.246513693,-0.234300792
wheel,1780715227.608266592,73.659910917,-0.412334711,1.902886427,2.190086433,125.482709,-0.412334711,1.902886427,125.482709,-0.246038041,-0.235430321
wheel,1780715227.628294230,73.679938555,-0.409557787,1.898960174,2.182684366,125.058602,-0.409557787,1.898960174,125.058602,-0.245742409,-0.236772032
wheel,1780715227.648338795,73.699983120,-0.409557787,1.898960174,2.182684366,125.058602,-0.409557787,1.898960174,125.058602,-0.233455289,-0.234404312
wheel,1780715227.669310570,73.720954895,-0.406560202,1.894654683,2.175282299,124.634495,-0.406560202,1.894654683,124.634495,-0.234291460,-0.235590127
wheel,1780715227.688269615,73.739913940,-0.399691866,1.884521957,2.157702391,123.627240,-0.399691866,1.884521957,123.627240,-0.254851143,-0.242504231
wheel,1780715227.708343506,73.759987831,-0.396516326,1.879720862,2.152613471,123.335667,-0.396516326,1.879720862,123.335667,-0.256446784,-0.242614374
wheel,1780715227.728271246,73.779915571,-0.396516326,1.879720862,2.152613471,123.335667,-0.396516326,1.879720862,123.335667,-0.243624445,-0.240188230
wheel,1780715227.748262405,73.799906731,-0.389511355,1.868892125,2.137346709,122.460946,-0.389511355,1.868892125,122.460946,-0.263704459,-0.245424197
rtabmap,1780715227.764892101,74.367059469,1.870696068,-1.353270054,2.097445775,120.174791,0.384648272,2.276001270,-123.531214,0.261457831,0.376094788
wheel,1780715227.768302441,73.819946766,-0.389511355,1.868892125,2.137346709,122.460946,-0.389511355,1.868892125,122.460946,-0.250519236,-0.242969955
wheel,1780715227.788268566,73.839912891,-0.389511355,1.868892125,2.137346709,122.460946,-0.389511355,1.868892125,122.460946,-0.237993274,-0.240540256
wheel,1780715227.808282137,73.859926462,-0.382065349,1.856962394,2.120229430,121.480198,-0.382065349,1.856962394,121.480198,-0.261227114,-0.246687791
wheel,1780715227.828956366,73.880600691,-0.378056464,1.850360671,2.112827363,121.056091,-0.378056464,1.850360671,121.056091,-0.266846330,-0.247801496
wheel,1780715227.848274708,73.899919033,-0.371299560,1.838949913,2.098023230,120.207876,-0.371299560,1.838949913,120.207876,-0.287822344,-0.252985693
wheel,1780715227.868264675,73.919909000,-0.371299560,1.838949913,2.098023230,120.207876,-0.371299560,1.838949913,120.207876,-0.273431226,-0.250455836
wheel,1780715227.888238668,73.939882994,-0.364579395,1.827264626,2.087382759,119.598222,-0.364579395,1.827264626,119.598222,-0.293499158,-0.253277805
wheel,1780715227.908296108,73.959940434,-0.361290033,1.821423653,2.079980693,119.174115,-0.361290033,1.821423653,119.174115,-0.295542898,-0.254437216
wheel,1780715227.929379463,73.981023788,-0.358007342,1.815495500,2.073041256,118.776515,-0.358007342,1.815495500,118.776515,-0.296833431,-0.255183715
wheel,1780715227.948640585,74.000284910,-0.358007342,1.815495500,2.073041256,118.776515,-0.358007342,1.815495500,118.776515,-0.281991760,-0.252631878
wheel,1780715227.968314171,74.019958496,-0.354768621,1.809543210,2.065176560,118.325901,-0.354768621,1.809543210,118.325901,-0.285113731,-0.254103054
wheel,1780715227.988285542,74.039929867,-0.348688699,1.798086750,2.052222944,117.583713,-0.348688699,1.798086750,117.583713,-0.303322458,-0.258046800
wheel,1780715228.008321762,74.059966087,-0.345673696,1.792263170,2.044820877,117.159606,-0.345673696,1.792263170,117.159606,-0.304521703,-0.259160807
wheel,1780715228.028352499,74.079996824,-0.342667494,1.786353176,2.037881440,116.762006,-0.342667494,1.786353176,116.762006,-0.305845777,-0.260033387
rtabmap,1780715228.031680822,74.633848190,1.819384575,-1.278076649,2.195276901,125.780101,0.339964737,2.196689864,-117.925903,0.340327412,0.366699189
wheel,1780715228.048982143,74.100626469,-0.339832711,1.780683153,2.030942002,116.364405,-0.339832711,1.780683153,116.364405,-0.305924834,-0.260798427
wheel,1780715228.068259478,74.119903803,-0.339832711,1.780683153,2.030942002,116.364405,-0.339832711,1.780683153,116.364405,-0.290628592,-0.258190443
wheel,1780715228.089657068,74.141301394,-0.339832711,1.780683153,2.030942002,116.364405,-0.339832711,1.780683153,116.364405,-0.276097163,-0.255608538
wheel,1780715228.108247519,74.159891844,-0.331138489,1.762629984,2.008273174,115.065577,-0.331138489,1.762629984,115.065577,-0.316181794,-0.265245630
wheel,1780715228.128253460,74.179897785,-0.328747371,1.757474057,2.001796365,114.694483,-0.328747371,1.757474057,114.694483,-0.314578168,-0.265830887
wheel,1780715228.148762226,74.200406551,-0.328747371,1.757474057,2.001796365,114.694483,-0.328747371,1.757474057,114.694483,-0.298849259,-0.263172578
wheel,1780715228.168242455,74.219886780,-0.326210915,1.751903784,1.994394299,114.270376,-0.326210915,1.751903784,114.270376,-0.299614415,-0.264340125
wheel,1780715228.189226389,74.240870714,-0.326210915,1.751903784,1.994394299,114.270376,-0.326210915,1.751903784,114.270376,-0.284633694,-0.261696723
wheel,1780715228.208928347,74.260572672,-0.320386479,1.738784342,1.982828570,113.607709,-0.320386479,1.738784342,113.607709,-0.306831317,-0.264950243
wheel,1780715228.228332281,74.279976606,-0.318900660,1.735378243,1.981440682,113.528188,-0.318900660,1.735378243,113.528188,-0.301067542,-0.263016169
wheel,1780715228.248349667,74.299993992,-0.318900660,1.735378243,1.981440682,113.528188,-0.318900660,1.735378243,113.528188,-0.286014165,-0.260386007
wheel,1780715228.268305540,74.319949865,-0.317303405,1.731702780,1.980052795,113.448668,-0.317303405,1.731702780,113.448668,-0.281745075,-0.258476978
wheel,1780715228.288251162,74.339895487,-0.313022408,1.721725702,1.972188099,112.998054,-0.313022408,1.721725702,112.998054,-0.294873042,-0.259835182
rtabmap,1780715228.298290491,74.900457859,1.768589735,-1.218932629,2.263856712,129.709435,0.309441138,2.124951166,-113.996569,0.291362703,0.257229239
wheel,1780715228.309135437,74.360779762,-0.310423350,1.715546563,1.965711291,112.626961,-0.310423350,1.715546563,112.626961,-0.296179821,-0.260338363
wheel,1780715228.328273535,74.379917860,-0.308086887,1.709889489,1.959234483,112.255867,-0.308086887,1.709889489,112.255867,-0.297359811,-0.261118891
wheel,1780715228.348475695,74.400120020,-0.308086887,1.709889489,1.959234483,112.255867,-0.308086887,1.709889489,112.255867,-0.282491821,-0.258507702
wheel,1780715228.368228197,74.419872522,-0.305711774,1.704012075,1.950444529,111.752240,-0.305711774,1.704012075,111.752240,-0.284411613,-0.260372080
wheel,1780715228.388262987,74.439907312,-0.300600054,1.690911243,1.935177767,110.877519,-0.300600054,1.690911243,110.877519,-0.305283984,-0.265387850
wheel,1780715228.408278704,74.459923029,-0.297977171,1.683957312,1.927775700,110.453411,-0.297977171,1.683957312,110.453411,-0.308584655,-0.266431923
wheel,1780715228.428258419,74.479902744,-0.295335188,1.676777229,1.918985746,109.949784,-0.295335188,1.676777229,109.949784,-0.312304864,-0.268167778
wheel,1780715228.449441433,74.501085758,-0.292723450,1.669508617,1.912508938,109.578690,-0.292723450,1.669508617,109.578690,-0.314918610,-0.268543373
wheel,1780715228.468549490,74.520193815,-0.292723450,1.669508617,1.912508938,109.578690,-0.292723450,1.669508617,109.578690,-0.299172679,-0.265857939
wheel,1780715228.490096807,74.541741133,-0.292723450,1.669508617,1.912508938,109.578690,-0.292723450,1.669508617,109.578690,-0.284214045,-0.263199360
rtabmap,1780715228.498467684,75.100635052,1.715343952,-1.167099714,2.340515135,134.101639,0.286557897,2.054253771,-109.604365,0.369138896,0.382952511
wheel,1780715228.508268595,74.559912920,-0.285362374,1.648076786,1.890765367,108.332876,-0.285362374,1.648076786,108.332876,-0.332363757,-0.272534658
wheel,1780715228.528266668,74.579910994,-0.283517646,1.642470496,1.886601705,108.094315,-0.283517646,1.642470496,108.094315,-0.330501793,-0.271891319
wheel,1780715228.548258066,74.599902391,-0.281432408,1.636022951,1.880587526,107.749728,-0.281432408,1.636022951,107.749728,-0.330924086,-0.272180645
wheel,1780715228.568281889,74.619926214,-0.281432408,1.636022951,1.880587526,107.749728,-0.281432408,1.636022951,107.749728,-0.314377882,-0.269458839
wheel,1780715228.590006828,74.641651154,-0.281432408,1.636022951,1.880587526,107.749728,-0.281432408,1.636022951,107.749728,-0.298658988,-0.266764250
wheel,1780715228.608244419,74.659888744,-0.275251601,1.616274165,1.867633910,107.007541,-0.275251601,1.616274165,107.007541,-0.340449227,-0.271198103
wheel,1780715228.628275633,74.679919958,-0.273576823,1.610766926,1.864395505,106.821994,-0.273576823,1.610766926,106.821994,-0.337796026,-0.270102916
wheel,1780715228.648249388,74.699893713,-0.271732544,1.604625843,1.860694472,106.609940,-0.271732544,1.604625843,106.609940,-0.336956622,-0.269254747
wheel,1780715228.671130419,74.722774744,-0.271732544,1.604625843,1.860694472,106.609940,-0.271732544,1.604625843,106.609940,-0.320108791,-0.266562199
wheel,1780715228.688439131,74.740083456,-0.271732544,1.604625843,1.860694472,106.609940,-0.271732544,1.604625843,106.609940,-0.304103351,-0.263896577
wheel,1780715228.712296247,74.763940573,-0.266378953,1.586149713,1.844965081,105.708712,-0.266378953,1.586149713,105.708712,-0.329213047,-0.267850711
wheel,1780715228.728278160,74.779922485,-0.264917635,1.580883912,1.838025644,105.311112,-0.264917635,1.580883912,105.311112,-0.329850519,-0.269514584
rtabmap,1780715228.731542110,75.333709478,1.658313155,-1.118973970,2.400945327,137.564034,0.268674931,1.981805178,-106.141970,0.318563610,0.259273767
wheel,1780715228.751306772,74.802951097,-0.264917635,1.580883912,1.838025644,105.311112,-0.264917635,1.580883912,105.311112,-0.313357993,-0.266819439
wheel,1780715228.768290281,74.819934607,-0.261598879,1.568270539,1.818132590,104.171324,-0.261598879,1.568270539,104.171324,-0.336087604,-0.275864238
wheel,1780715228.789017916,74.840662241,-0.261598879,1.568270539,1.818132590,104.171324,-0.261598879,1.568270539,104.171324,-0.319283224,-0.273105596
wheel,1780715228.808319092,74.859963417,-0.259209364,1.558503341,1.803328457,103.323110,-0.259209364,1.558503341,103.323110,-0.329359612,-0.278042335
wheel,1780715228.828239202,74.879883528,-0.259209364,1.558503341,1.803328457,103.323110,-0.259209364,1.558503341,103.323110,-0.312891632,-0.275261911
wheel,1780715228.848261118,74.899905443,-0.256511974,1.546787266,1.790837469,102.607429,-0.256511974,1.546787266,102.607429,-0.327266300,-0.278747058
wheel,1780715228.868272543,74.919916868,-0.256511974,1.546787266,1.790837469,102.607429,-0.256511974,1.546787266,102.607429,-0.310902985,-0.275959588
wheel,1780715228.889913797,74.941558123,-0.256511974,1.546787266,1.790837469,102.607429,-0.256511974,1.546787266,102.607429,-0.295357836,-0.273199992
wheel,1780715228.908244610,74.959888935,-0.252443680,1.527986274,1.776958595,101.812228,-0.252443680,1.527986274,101.812228,-0.333057258,-0.278039033
wheel,1780715228.928841591,74.980485916,-0.252443680,1.527986274,1.776958595,101.812228,-0.252443680,1.527986274,101.812228,-0.316404395,-0.275258643
wheel,1780715228.948457956,75.000102282,-0.249666154,1.514423583,1.768631270,101.335107,-0.249666154,1.514423583,101.335107,-0.335818389,-0.276744759
wheel,1780715228.968254805,75.019899130,-0.249666154,1.514423583,1.768631270,101.335107,-0.249666154,1.514423583,101.335107,-0.319027470,-0.273977311
wheel,1780715228.988273621,75.039917946,-0.249666154,1.514423583,1.768631270,101.335107,-0.249666154,1.514423583,101.335107,-0.303076096,-0.271237538
rtabmap,1780715228.998476505,75.600643873,1.588498831,-1.067918062,2.483121981,142.272409,0.253827789,1.896597737,-101.433595,0.322086662,0.307853699
wheel,1780715229.008320332,75.059964657,-0.246035306,1.495681651,1.755677653,100.592920,-0.246035306,1.495681651,100.592920,-0.335545561,-0.274988032
wheel,1780715229.028729677,75.080374002,-0.244926864,1.489662273,1.750126104,100.274839,-0.244926864,1.489662273,100.274839,-0.333762844,-0.274958254
wheel,1780715229.048253775,75.099898100,-0.243814906,1.483421384,1.744111924,99.930252,-0.243814906,1.483421384,99.930252,-0.333304380,-0.275288194
wheel,1780715229.068367481,75.120011806,-0.243814906,1.483421384,1.744111924,99.930252,-0.243814906,1.483421384,99.930252,-0.316639161,-0.272535312
wheel,1780715229.088239908,75.139884233,-0.243814906,1.483421384,1.744111924,99.930252,-0.243814906,1.483421384,99.930252,-0.300807203,-0.269809959
wheel,1780715229.108242989,75.159887314,-0.240550769,1.463872996,1.728382533,99.029025,-0.240550769,1.463872996,99.029025,-0.335303843,-0.274974875
wheel,1780715229.128254414,75.179898739,-0.239719371,1.458545536,1.722830983,98.710944,-0.239719371,1.458545536,98.710944,-0.332011775,-0.274999515
wheel,1780715229.148274422,75.199918747,-0.238775251,1.452277060,1.717742063,98.419370,-0.238775251,1.452277060,98.419370,-0.331244608,-0.274791649
wheel,1780715229.168296337,75.219940662,-0.238775251,1.452277060,1.717742063,98.419370,-0.238775251,1.452277060,98.419370,-0.314682377,-0.272043733
wheel,1780715229.188395262,75.240039587,-0.237059641,1.440303910,1.708489479,97.889237,-0.237059641,1.440303910,97.889237,-0.329063747,-0.273930752
wheel,1780715229.208249331,75.259893656,-0.236250494,1.434384097,1.704788446,97.677183,-0.236250494,1.434384097,97.677183,-0.327645212,-0.273054042
wheel,1780715229.229197979,75.280842304,-0.236250494,1.434384097,1.704788446,97.677183,-0.236250494,1.434384097,97.677183,-0.311262952,-0.270323501
wheel,1780715229.248271465,75.299915791,-0.234715594,1.422606849,1.695998492,97.173556,-0.234715594,1.422606849,97.173556,-0.326838917,-0.272229425
rtabmap,1780715229.265154600,75.867321968,1.516758204,-1.020114899,2.550564978,146.136609,0.242750147,1.811104194,-97.569396,0.322458953,0.252900362
wheel,1780715229.268439293,75.320083618,-0.234715594,1.422606849,1.695998492,97.173556,-0.234715594,1.422606849,97.173556,-0.310496971,-0.269507131
wheel,1780715229.288255930,75.339900255,-0.233296448,1.410961885,1.688133796,96.722942,-0.233296448,1.410961885,96.722942,-0.324572002,-0.270780889
wheel,1780715229.308553219,75.360197544,-0.232617715,1.405099051,1.683970134,96.484382,-0.232617715,1.405099051,96.484382,-0.322887393,-0.270125142
wheel,1780715229.328640938,75.380285263,-0.232617715,1.405099051,1.683970134,96.484382,-0.232617715,1.405099051,96.484382,-0.306743024,-0.267423891
wheel,1780715229.350539923,75.402184248,-0.231937758,1.399016354,1.680269101,96.272328,-0.231937758,1.399016354,96.272328,-0.305368750,-0.266438284
wheel,1780715229.368299007,75.419943333,-0.231230106,1.392423592,1.675180180,95.980754,-0.231230106,1.392423592,95.980754,-0.308767092,-0.266639202
wheel,1780715229.389153957,75.440798283,-0.231230106,1.392423592,1.675180180,95.980754,-0.231230106,1.392423592,95.980754,-0.293328738,-0.263972810
wheel,1780715229.408288956,75.459933281,-0.229467657,1.374732326,1.665002339,95.397607,-0.229467657,1.374732326,95.397607,-0.325099544,-0.266649862
wheel,1780715229.428240299,75.479884624,-0.228911303,1.368710252,1.660838676,95.159047,-0.228911303,1.368710252,95.159047,-0.323999651,-0.266070122
wheel,1780715229.448241949,75.499886274,-0.228911303,1.368710252,1.660838676,95.159047,-0.228911303,1.368710252,95.159047,-0.307799669,-0.263409421
wheel,1780715229.468386173,75.520030499,-0.228359382,1.362468293,1.657137643,94.946993,-0.228359382,1.362468293,94.946993,-0.307967724,-0.262613116
wheel,1780715229.488330364,75.539974689,-0.227345743,1.350196051,1.649272947,94.496379,-0.227345743,1.350196051,94.496379,-0.323432445,-0.263929300
wheel,1780715229.508239985,75.559884310,-0.226868941,1.343947906,1.644646656,94.231312,-0.226868941,1.343947906,94.231312,-0.322995645,-0.263613347
wheel,1780715229.528476238,75.580120564,-0.226868941,1.343947906,1.644646656,94.231312,-0.226868941,1.343947906,94.231312,-0.306845862,-0.260977214
wheel,1780715229.548294067,75.599938393,-0.226008670,1.331663961,1.636781960,93.780698,-0.226008670,1.331663961,93.780698,-0.322562665,-0.262334791
rtabmap,1780715229.565210104,76.167377472,1.436241150,-0.973260701,2.609712655,149.525521,0.236411042,1.718162666,-94.180483,0.309831828,0.197122365
wheel,1780715229.568339825,75.619984150,-0.226008670,1.331663961,1.636781960,93.780698,-0.226008670,1.331663961,93.780698,-0.306434532,-0.259711443
wheel,1780715229.588241816,75.639886141,-0.225273939,1.319882866,1.629379893,93.356591,-0.225273939,1.319882866,93.356591,-0.320753529,-0.260831762
wheel,1780715229.608270884,75.659915209,-0.224940643,1.313990293,1.625216231,93.118031,-0.224940643,1.313990293,93.118031,-0.319451698,-0.260302576
wheel,1780715229.629322767,75.680967093,-0.224626693,1.308023692,1.621515198,92.905977,-0.224626693,1.308023692,92.905977,-0.317667810,-0.259457345
wheel,1780715229.648306131,75.699950457,-0.224626693,1.308023692,1.621515198,92.905977,-0.224626693,1.308023692,92.905977,-0.301784419,-0.256862771
wheel,1780715229.669211626,75.720855951,-0.224332666,1.301983124,1.617351535,92.667417,-0.224332666,1.301983124,92.667417,-0.301161274,-0.256286030
wheel,1780715229.688254118,75.739898443,-0.223813899,1.289752953,1.609024210,92.190296,-0.223813899,1.289752953,92.190296,-0.318242513,-0.258095864
wheel,1780715229.708296061,75.759940386,-0.223586958,1.283709493,1.607636323,92.110776,-0.223586958,1.283709493,92.110776,-0.317420559,-0.256207512
wheel,1780715229.728303671,75.779947996,-0.223376793,1.277665426,1.603472661,91.872216,-0.223376793,1.277665426,91.872216,-0.316663259,-0.255726501
wheel,1780715229.748262405,75.799906731,-0.223190981,1.271547664,1.598846369,91.607149,-0.223190981,1.271547664,91.607149,-0.316160994,-0.255486832
wheel,1780715229.768267870,75.819912195,-0.223190981,1.271547664,1.598846369,91.607149,-0.223190981,1.271547664,91.607149,-0.300352944,-0.252931964
wheel,1780715229.788244247,75.839888573,-0.222891650,1.259018615,1.590519044,91.130028,-0.222891650,1.259018615,91.130028,-0.316699789,-0.254570683
wheel,1780715229.808261633,75.859905958,-0.222782108,1.253044764,1.587743269,90.970988,-0.222782108,1.253044764,90.970988,-0.315789677,-0.253411725
wheel,1780715229.828685284,75.880329609,-0.222689713,1.246924877,1.584042236,90.758935,-0.222689713,1.246924877,90.758935,-0.314984777,-0.252689802
rtabmap,1780715229.831848860,76.434016228,1.359639049,-0.930050611,2.663080253,152.583259,0.231604764,1.630345280,-91.122745,0.329787821,0.200149581
wheel,1780715229.848274231,75.899918556,-0.222620570,1.240731816,1.579878574,90.520374,-0.222620570,1.240731816,90.520374,-0.315042718,-0.252288239
wheel,1780715229.869210958,75.920855284,-0.222620570,1.240731816,1.579878574,90.520374,-0.222620570,1.240731816,90.520374,-0.299290582,-0.249765357
wheel,1780715229.888264418,75.939908743,-0.222553914,1.228345099,1.572476507,90.096267,-0.222553914,1.228345099,90.096267,-0.316824774,-0.251151771
wheel,1780715229.908211231,75.959855556,-0.222553914,1.228345099,1.572476507,90.096267,-0.222553914,1.228345099,90.096267,-0.300983535,-0.248640253
wheel,1780715229.928261757,75.979906082,-0.222573216,1.215958219,1.565999699,89.725173,-0.222573216,1.215958219,89.725173,-0.316822094,-0.249383940
wheel,1780715229.948951721,76.000596046,-0.222573216,1.215958219,1.565999699,89.725173,-0.222573216,1.215958219,89.725173,-0.300980989,-0.246890101
wheel,1780715229.968844175,76.020488501,-0.222611068,1.209837752,1.563223924,89.566133,-0.222611068,1.209837752,89.566133,-0.301324611,-0.245817360
wheel,1780715229.991536379,76.043180704,-0.222808129,1.203064257,1.520199412,87.101010,-0.222808129,1.203064257,87.101010,-0.301184865,-0.262313453
wheel,1780715230.008514404,76.060158730,-0.223213924,1.191194344,1.553046082,88.982986,-0.223213924,1.191194344,88.982986,-0.321102246,-0.240344012
wheel,1780715230.028328896,76.079973221,-0.223331053,1.185074882,1.550270307,88.823946,-0.223331053,1.185074882,88.823946,-0.320489434,-0.239341234
rtabmap,1780715230.031781912,76.633949280,1.300346971,-0.902617812,2.699066660,154.645128,0.233275400,1.565035878,-89.060876,0.326429397,0.179992110
wheel,1780715230.048249245,76.099893570,-0.223468492,1.178737196,1.547957162,88.691412,-0.223468492,1.178737196,88.691412,-0.320378365,-0.238109172
wheel,1780715230.070222139,76.121866465,-0.223468492,1.178737196,1.547957162,88.691412,-0.223468492,1.178737196,88.691412,-0.304359446,-0.235728080
wheel,1780715230.088244438,76.139888763,-0.223781034,1.166427131,1.542868241,88.399839,-0.223781034,1.166427131,88.399839,-0.323287178,-0.236193023
wheel,1780715230.108297586,76.159941912,-0.223956905,1.160381969,1.540555095,88.267305,-0.223956905,1.160381969,88.267305,-0.322204019,-0.234984751
wheel,1780715230.128243446,76.179887772,-0.224151333,1.154191574,1.538241949,88.134772,-0.224151333,1.154191574,88.134772,-0.321618538,-0.233794547
wheel,1780715230.148282051,76.199926376,-0.224356210,1.148074420,1.536391433,88.028745,-0.224356210,1.148074420,88.028745,-0.320810500,-0.232380132
wheel,1780715230.168296099,76.219940424,-0.224356210,1.148074420,1.536391433,88.028745,-0.224356210,1.148074420,88.028745,-0.304769975,-0.230056331
wheel,1780715230.188242674,76.239886999,-0.224832329,1.135113354,1.531765141,87.763678,-0.224832329,1.135113354,87.763678,-0.322038569,-0.230074804
wheel,1780715230.208253622,76.259897947,-0.225078300,1.128924792,1.530377254,87.684158,-0.225078300,1.128924792,87.684158,-0.321412342,-0.228467645
wheel,1780715230.228893280,76.280537605,-0.225341779,1.122591094,1.528064108,87.551624,-0.225341779,1.122591094,87.551624,-0.320710583,-0.227304578
wheel,1780715230.248414516,76.300058842,-0.225635958,1.115821122,1.526676220,87.472104,-0.225635958,1.115821122,87.472104,-0.322018303,-0.225741957
wheel,1780715230.268284798,76.319929123,-0.225635958,1.115821122,1.526676220,87.472104,-0.225635958,1.115821122,87.472104,-0.305917388,-0.223484538
wheel,1780715230.288250208,76.339894533,-0.226219990,1.102864470,1.524825704,87.366077,-0.226219990,1.102864470,87.366077,-0.323095234,-0.222176354
rtabmap,1780715230.298282623,76.900449991,1.221418500,-0.869437814,2.729885659,156.410927,0.238491957,1.479575926,-87.295077,0.320952445,0.115643196
wheel,1780715230.308279514,76.359923840,-0.226527410,1.096313911,1.522975187,87.260051,-0.226527410,1.096313911,87.260051,-0.323310516,-0.220878473
wheel,1780715230.328274727,76.379919052,-0.226843921,1.089763785,1.522049929,87.207037,-0.226843921,1.089763785,87.207037,-0.323545683,-0.219132495
wheel,1780715230.348658323,76.400302649,-0.226843921,1.089763785,1.522049929,87.207037,-0.226843921,1.089763785,87.207037,-0.307368399,-0.216941170
wheel,1780715230.368892670,76.420536995,-0.227176757,1.083068557,1.520199412,87.101010,-0.227176757,1.083068557,87.101010,-0.308573219,-0.215686775
wheel,1780715230.389503956,76.441148281,-0.227904230,1.069024616,1.517886266,86.968477,-0.227904230,1.069024616,86.968477,-0.327239479,-0.214651543
wheel,1780715230.409399509,76.461043835,-0.227904230,1.069024616,1.517886266,86.968477,-0.227904230,1.069024616,86.968477,-0.310877505,-0.212505027
wheel,1780715230.428318739,76.479963064,-0.228662740,1.055128260,1.514647862,86.782930,-0.228662740,1.055128260,86.782930,-0.332123515,-0.212092130
wheel,1780715230.448284864,76.499929190,-0.229022880,1.048799322,1.513259975,86.703410,-0.229022880,1.048799322,86.703410,-0.331390082,-0.210666238
rtabmap,1780715230.465297222,77.067464590,1.166189790,-0.845092475,2.744363286,157.240434,0.241130623,1.419277142,-86.465571,0.361381918,0.086684935
wheel,1780715230.468260050,76.519904375,-0.229022880,1.048799322,1.513259975,86.703410,-0.229022880,1.048799322,86.703410,-0.314820578,-0.208559576
wheel,1780715230.488491058,76.540135384,-0.229022880,1.048799322,1.513259975,86.703410,-0.229022880,1.048799322,86.703410,-0.299079549,-0.206473980
wheel,1780715230.508242607,76.559886932,-0.230267835,1.027778433,1.510021571,86.517863,-0.230267835,1.027778433,86.517863,-0.337426935,-0.206048652
wheel,1780715230.528244257,76.579888582,-0.230702011,1.020723965,1.508633683,86.438343,-0.230702011,1.020723965,86.438343,-0.338225147,-0.204682110
wheel,1780715230.549416065,76.601060390,-0.230702011,1.020723965,1.508633683,86.438343,-0.230702011,1.020723965,86.438343,-0.321313890,-0.202635289
wheel,1780715230.568283081,76.619927406,-0.231152203,1.013597489,1.506783167,86.332316,-0.231152203,1.013597489,86.332316,-0.324173107,-0.201589819
wheel,1780715230.588299513,76.639943838,-0.232122301,0.998837925,1.503544762,86.146769,-0.232122301,0.998837925,86.146769,-0.344909102,-0.201191639
wheel,1780715230.608282328,76.659926653,-0.232589139,0.991858567,1.504470021,86.199783,-0.232589139,0.991858567,86.199783,-0.345170246,-0.198716585
wheel,1780715230.628257275,76.679901600,-0.233075429,0.984588404,1.503544762,86.146769,-0.233075429,0.984588404,86.146769,-0.346145380,-0.197192496
wheel,1780715230.648313046,76.699957371,-0.233575074,0.977246111,1.502156875,86.067249,-0.233575074,0.977246111,86.067249,-0.347185787,-0.195912610
wheel,1780715230.668287277,76.719931602,-0.233575074,0.977246111,1.502156875,86.067249,-0.233575074,0.977246111,86.067249,-0.329826498,-0.193953484
wheel,1780715230.688264370,76.739908695,-0.234582936,0.962635148,1.501694246,86.040742,-0.234582936,0.962635148,86.040742,-0.349993552,-0.192245543
wheel,1780715230.708385944,76.760030270,-0.235072374,0.955657340,1.499843729,85.934716,-0.235072374,0.955657340,85.934716,-0.349872715,-0.191242603
wheel,1780715230.728260517,76.779904842,-0.235592292,0.948389503,1.498918471,85.881702,-0.235592292,0.948389503,85.881702,-0.350711822,-0.189795770
wheel,1780715230.748258829,76.799903154,-0.236115573,0.941121908,1.498918471,85.881702,-0.236115573,0.941121908,85.881702,-0.351392705,-0.187897812
rtabmap,1780715230.765209913,77.367377281,1.060453892,-0.797535956,2.762106340,158.257036,0.245333237,1.303414980,-85.448968,0.386448711,0.059160758
wheel,1780715230.768262863,76.819907188,-0.236115573,0.941121908,1.498918471,85.881702,-0.236115573,0.941121908,85.881702,-0.333823070,-0.186018834
wheel,1780715230.788327456,76.839971781,-0.236115573,0.941121908,1.498918471,85.881702,-0.236115573,0.941121908,85.881702,-0.317131917,-0.184158646
wheel,1780715230.808272123,76.859916449,-0.237769226,0.918375478,1.497530583,85.802182,-0.237769226,0.918375478,85.802182,-0.358433254,-0.183012729
wheel,1780715230.828211308,76.879855633,-0.237769226,0.918375478,1.497530583,85.802182,-0.237769226,0.918375478,85.802182,-0.340511591,-0.181182601
wheel,1780715230.848280907,76.899925232,-0.238867962,0.903405743,1.497530583,85.802182,-0.238867962,0.903405743,85.802182,-0.360877777,-0.179370775
wheel,1780715230.868303537,76.919947863,-0.238867962,0.903405743,1.497530583,85.802182,-0.238867962,0.903405743,85.802182,-0.342833888,-0.177577068
wheel,1780715230.888393879,76.940038204,-0.238867962,0.903405743,1.497530583,85.802182,-0.238867962,0.903405743,85.802182,-0.325692194,-0.175801297
wheel,1780715230.908265829,76.959910154,-0.240510871,0.880950759,1.497993213,85.828689,-0.240510871,0.880950759,85.828689,-0.366059157,-0.173810473
wheel,1780715230.928275585,76.979919910,-0.241051476,0.873538310,1.497993213,85.828689,-0.241051476,0.873538310,85.828689,-0.366329476,-0.172072369
wheel,1780715230.948251009,76.999895334,-0.241602681,0.865980518,1.497993213,85.828689,-0.241602681,0.865980518,85.828689,-0.366978937,-0.170351645
wheel,1780715230.968347311,77.019991636,-0.241602681,0.865980518,1.497993213,85.828689,-0.241602681,0.865980518,85.828689,-0.348629990,-0.168648129
wheel,1780715230.988374949,77.040019274,-0.242694491,0.851010276,1.497993213,85.828689,-0.242694491,0.851010276,85.828689,-0.368657891,-0.166961647
rtabmap,1780715230.998549700,77.600717068,0.974802077,-0.763616323,2.762202472,158.262544,0.252864977,1.211599688,-85.443460,0.394803613,0.000412027
wheel,1780715231.008277416,77.059921741,-0.243245696,0.843452484,1.497993213,85.828689,-0.243245696,0.843452484,85.828689,-0.369268202,-0.165292031
wheel,1780715231.028240919,77.079885244,-0.243786300,0.836040034,1.497993213,85.828689,-0.243786300,0.836040034,85.828689,-0.369411993,-0.163639110
wheel,1780715231.048329115,77.099973440,-0.243786300,0.836040034,1.497993213,85.828689,-0.243786300,0.836040034,85.828689,-0.350941393,-0.162002719
wheel,1780715231.068261385,77.119905710,-0.244319907,0.828700131,1.498455842,85.855196,-0.244319907,0.828700131,85.855196,-0.351852595,-0.160150622
wheel,1780715231.088918924,77.140563250,-0.244319907,0.828700131,1.498455842,85.855196,-0.244319907,0.828700131,85.855196,-0.334259965,-0.158549116
wheel,1780715231.110040426,77.161684752,-0.245402971,0.813802310,1.497993213,85.828689,-0.245402971,0.813802310,85.828689,-0.352910989,-0.157182682
wheel,1780715231.128260374,77.179904699,-0.246482293,0.799050330,1.497530583,85.802182,-0.246482293,0.799050330,85.802182,-0.375848728,-0.155864719
wheel,1780715231.148265600,77.199909925,-0.246710571,0.795341280,1.521124670,87.154024,-0.246710571,0.795341280,87.154024,-0.366345033,-0.142510845
wheel,1780715231.168260336,77.219904661,-0.246933532,0.791704904,1.497993213,85.828689,-0.246933532,0.791704904,85.828689,-0.357138191,-0.152654510
wheel,1780715231.188265085,77.239909410,-0.248032268,0.776735169,1.497067954,85.775675,-0.248032268,0.776735169,85.775675,-0.376795145,-0.151590457
wheel,1780715231.208236933,77.259881258,-0.248579731,0.769323222,1.497067954,85.775675,-0.248579731,0.769323222,85.775675,-0.376560811,-0.150074552
wheel,1780715231.228346825,77.279991150,-0.249120129,0.761983817,1.497530583,85.802182,-0.249120129,0.761983817,85.802182,-0.376032152,-0.148343734
wheel,1780715231.248365164,77.300009489,-0.249671228,0.754499077,1.497067954,85.775675,-0.249671228,0.754499077,85.775675,-0.375975189,-0.147091391
rtabmap,1780715231.265038729,77.867206097,0.878392041,-0.729274809,2.761015659,158.194544,0.264784133,1.109952414,-85.511460,0.383779258,-0.004453539
wheel,1780715231.268271685,77.319916010,-0.249671228,0.754499077,1.497067954,85.775675,-0.249671228,0.754499077,85.775675,-0.357176430,-0.145620478
wheel,1780715231.288303137,77.339947462,-0.249671228,0.754499077,1.497067954,85.775675,-0.249671228,0.754499077,85.775675,-0.339317608,-0.144164273
wheel,1780715231.311226130,77.362870455,-0.251324145,0.732190953,1.496605325,85.749169,-0.251324145,0.732190953,85.749169,-0.371143446,-0.142924447
wheel,1780715231.330331564,77.381975889,-0.251324145,0.732190953,1.496605325,85.749169,-0.251324145,0.732190953,85.749169,-0.352586273,-0.141495202
wheel,1780715231.348312855,77.399957180,-0.251885839,0.724633933,1.496605325,85.749169,-0.251885839,0.724633933,85.749169,-0.356025136,-0.140080250
wheel,1780715231.373231888,77.424876213,-0.252490740,0.716495604,1.496605325,85.749169,-0.252490740,0.716495604,85.749169,-0.354599564,-0.138679448
wheel,1780715231.389084101,77.440728426,-0.252490740,0.716495604,1.496605325,85.749169,-0.252490740,0.716495604,85.749169,-0.336869586,-0.137292653
wheel,1780715231.408635378,77.460279703,-0.254132614,0.694405854,1.496605325,85.749169,-0.254132614,0.694405854,85.749169,-0.376644774,-0.135919727
wheel,1780715231.428384066,77.480028391,-0.254644103,0.687502689,1.497067954,85.775675,-0.254644103,0.687502689,85.775675,-0.375339879,-0.134326246
wheel,1780715231.448772907,77.500417233,-0.254644103,0.687502689,1.497067954,85.775675,-0.254644103,0.687502689,85.775675,-0.356572885,-0.132982983
wheel,1780715231.468390465,77.520034790,-0.255191566,0.680090742,1.497067954,85.775675,-0.255191566,0.680090742,85.775675,-0.357678983,-0.131653154
wheel,1780715231.488297701,77.539942026,-0.256343638,0.664394321,1.497993213,85.828689,-0.256343638,0.664394321,85.828689,-0.379330673,-0.129871770
rtabmap,1780715231.498797417,78.100964785,0.791191280,-0.701164365,2.760197775,158.147683,0.278210148,1.019321779,-85.558321,0.391015112,-0.003498497
wheel,1780715231.508298159,77.559942484,-0.256830531,0.657781589,1.496605325,85.749169,-0.256830531,0.657781589,85.749169,-0.376942712,-0.129267080
wheel,1780715231.528318167,77.579962492,-0.257410226,0.650006712,1.496142696,85.722662,-0.257410226,0.650006712,85.722662,-0.377560288,-0.128205410
wheel,1780715231.548269510,77.599913836,-0.257939005,0.642958703,1.495680067,85.696155,-0.257939005,0.642958703,85.696155,-0.376395966,-0.127155248
wheel,1780715231.568333626,77.619977951,-0.257939005,0.642958703,1.495680067,85.696155,-0.257939005,0.642958703,85.696155,-0.357576168,-0.125883696
wheel,1780715231.588505745,77.640150070,-0.259063418,0.628063945,1.495217438,85.669649,-0.259063418,0.628063945,85.669649,-0.376716327,-0.124854167
wheel,1780715231.608319998,77.659964323,-0.259639095,0.620507978,1.494292179,85.616635,-0.259639095,0.620507978,85.616635,-0.377003000,-0.124072597
wheel,1780715231.631222010,77.682866335,-0.260214430,0.613025062,1.493829550,85.590129,-0.260214430,0.613025062,85.590129,-0.374537536,-0.123033871
wheel,1780715231.648401737,77.700046062,-0.260781987,0.605687706,1.493366921,85.563622,-0.260781987,0.605687706,85.563622,-0.377226762,-0.122072790
wheel,1780715231.670253515,77.721897840,-0.260781987,0.605687706,1.493366921,85.563622,-0.260781987,0.605687706,85.563622,-0.358365424,-0.120852062
wheel,1780715231.688295841,77.739940166,-0.262046349,0.589342113,1.493829550,85.590129,-0.262046349,0.589342113,85.590129,-0.385874974,-0.119387159
rtabmap,1780715231.698720217,78.300887585,0.717650235,-0.675969720,2.764996978,158.422657,0.288199331,0.942229162,-85.283347,0.388323814,0.024005331
wheel,1780715231.708320379,77.759964705,-0.262522611,0.583240087,1.491979034,85.484102,-0.262522611,0.583240087,85.484102,-0.381863571,-0.119117390
wheel,1780715231.728606701,77.780251026,-0.263134296,0.575540753,1.491053775,85.431088,-0.263134296,0.575540753,85.431088,-0.381810206,-0.118382396
wheel,1780715231.749294043,77.800938368,-0.263703109,0.568422764,1.491053775,85.431088,-0.263703109,0.568422764,85.431088,-0.379973499,-0.117198572
wheel,1780715231.768423796,77.820068121,-0.263703109,0.568422764,1.491053775,85.431088,-0.263703109,0.568422764,85.431088,-0.360974824,-0.116026586
wheel,1780715231.788233995,77.839878321,-0.264959591,0.552880554,1.489203259,85.325062,-0.264959591,0.552880554,85.325062,-0.382267181,-0.115800095
wheel,1780715231.808321953,77.859966278,-0.265524137,0.546054635,1.487352742,85.219035,-0.265524137,0.546054635,85.219035,-0.380205147,-0.115563476
wheel,1780715231.828230858,77.879875183,-0.266147008,0.538648645,1.486427484,85.166021,-0.266147008,0.538648645,85.166021,-0.379856896,-0.114872504
rtabmap,1780715231.832244396,78.434411764,0.674412370,-0.658860266,2.770855418,158.758321,0.292013533,0.895885897,-84.947683,0.348251283,0.043875396
wheel,1780715231.849608660,77.901252985,-0.266776731,0.531243233,1.485502225,85.113008,-0.266776731,0.531243233,85.113008,-0.378261053,-0.114156944
wheel,1780715231.868280172,77.919924498,-0.266776731,0.531243233,1.485502225,85.113008,-0.266776731,0.531243233,85.113008,-0.359348001,-0.113015374
wheel,1780715231.888260126,77.939904451,-0.266776731,0.531243233,1.485502225,85.113008,-0.266776731,0.531243233,85.113008,-0.341380601,-0.111885221
wheel,1780715231.908254147,77.959898472,-0.268698938,0.508883565,1.484576967,85.059995,-0.268698938,0.508883565,85.059995,-0.380433032,-0.111229131
wheel,1780715231.928455591,77.980099916,-0.269346942,0.501406591,1.484114338,85.033488,-0.269346942,0.501406591,85.033488,-0.379992929,-0.110345923
wheel,1780715231.948332310,77.999976635,-0.270002984,0.493857176,1.484114338,85.033488,-0.270002984,0.493857176,85.033488,-0.380056819,-0.109242464
wheel,1780715231.968303204,78.019947529,-0.270002984,0.493857176,1.484114338,85.033488,-0.270002984,0.493857176,85.033488,-0.361053978,-0.108150039
wheel,1780715231.988260746,78.039905071,-0.271299587,0.478976419,1.483651709,85.006981,-0.271299587,0.478976419,85.006981,-0.380428040,-0.107300373
wheel,1780715232.008280993,78.059925318,-0.271946438,0.471572484,1.483651709,85.006981,-0.271946438,0.471572484,85.006981,-0.379971066,-0.106227369
wheel,1780715232.028251171,78.079895496,-0.272609465,0.464023680,1.482726450,84.953968,-0.272609465,0.464023680,84.953968,-0.379941390,-0.105628316
rtabmap,1780715232.032040596,78.634207964,0.600048184,-0.626220345,2.776504978,159.082017,0.295692414,0.814757219,-84.623987,0.406100899,0.028276505
wheel,1780715232.048334360,78.099978685,-0.273288802,0.456330020,1.482726450,84.953968,-0.273288802,0.456330020,84.953968,-0.380173095,-0.104572033
wheel,1780715232.069331646,78.120975971,-0.273288802,0.456330020,1.482726450,84.953968,-0.273288802,0.456330020,84.953968,-0.361164440,-0.103526313
wheel,1780715232.088250875,78.139895201,-0.274697735,0.440581411,1.480413305,84.821434,-0.274697735,0.440581411,84.821434,-0.384881507,-0.103713353
wheel,1780715232.108254910,78.159899235,-0.275265528,0.434267715,1.481801192,84.900954,-0.275265528,0.434267715,84.900954,-0.381482553,-0.101982399
wheel,1780715232.128269434,78.179913759,-0.275926080,0.426864990,1.481801192,84.900954,-0.275926080,0.426864990,84.900954,-0.380976613,-0.100962575
wheel,1780715232.148283005,78.199927330,-0.276587919,0.419389228,1.483189080,84.980474,-0.276587919,0.419389228,84.980474,-0.380676000,-0.099259534
wheel,1780715232.168283224,78.219927549,-0.276587919,0.419389228,1.483189080,84.980474,-0.276587919,0.419389228,84.980474,-0.361642200,-0.098266939
wheel,1780715232.188277006,78.239921331,-0.277871872,0.404653648,1.484576967,85.059995,-0.277871872,0.404653648,85.059995,-0.380550999,-0.096590093
wheel,1780715232.208276510,78.259920835,-0.278503902,0.397321565,1.485039596,85.086501,-0.278503902,0.397321565,85.086501,-0.379922747,-0.095392864
wheel,1780715232.228477716,78.280122042,-0.279140477,0.389916740,1.485039596,85.086501,-0.279140477,0.389916740,85.086501,-0.379321022,-0.094438935
rtabmap,1780715232.232134342,78.834301710,0.527304947,-0.603969395,2.774378279,158.960166,0.307967304,0.739683852,-84.745838,0.379288048,-0.010628496
wheel,1780715232.248282671,78.299926996,-0.279767928,0.382657397,1.484114338,85.033488,-0.279767928,0.382657397,85.033488,-0.378749063,-0.093961697
wheel,1780715232.268268585,78.319912910,-0.279767928,0.382657397,1.484114338,85.033488,-0.279767928,0.382657397,85.033488,-0.359811610,-0.093022080
wheel,1780715232.288250446,78.339894772,-0.281143739,0.367198446,1.479950675,84.794928,-0.281143739,0.367198446,84.794928,-0.380653600,-0.094175432
wheel,1780715232.308233023,78.359877348,-0.281788257,0.360086912,1.480875934,84.847941,-0.281788257,0.360086912,84.847941,-0.379486270,-0.092770694
wheel,1780715232.328265190,78.379909515,-0.282447419,0.352757218,1.481338563,84.874448,-0.282447419,0.352757218,84.874448,-0.378882782,-0.091612017
wheel,1780715232.348267078,78.399911404,-0.283127906,0.345209968,1.480413305,84.821434,-0.283127906,0.345209968,84.821434,-0.378886714,-0.091158609
wheel,1780715232.369839668,78.421483994,-0.283127906,0.345209968,1.480413305,84.821434,-0.283127906,0.345209968,84.821434,-0.359942378,-0.090247023
wheel,1780715232.388307571,78.439951897,-0.283127906,0.345209968,1.480413305,84.821434,-0.283127906,0.345209968,84.821434,-0.341945259,-0.089344553
wheel,1780715232.408593416,78.460237741,-0.284472691,0.330333487,1.480875934,84.847941,-0.284472691,0.330333487,84.847941,-0.361606760,-0.088223411
wheel,1780715232.428278446,78.479922771,-0.285830596,0.315311871,1.480413305,84.821434,-0.285830596,0.315311871,84.821434,-0.381836922,-0.087576192
wheel,1780715232.449780703,78.501425028,-0.286514574,0.307764936,1.480413305,84.821434,-0.286514574,0.307764936,84.821434,-0.380377510,-0.086700430
wheel,1780715232.468898296,78.520542622,-0.286514574,0.307764936,1.480413305,84.821434,-0.286514574,0.307764936,84.821434,-0.361358634,-0.085833426
wheel,1780715232.488273382,78.539917707,-0.287025907,0.299985264,1.529914624,87.657651,-0.287025907,0.299985264,87.657651,-0.363406297,-0.059431480
rtabmap,1780715232.498830557,79.100997925,0.429342240,-0.560420692,2.778128096,159.175015,0.312319711,0.632565982,-84.530989,0.401454270,0.014060405
wheel,1780715232.508229017,78.559873343,-0.287987829,0.285298184,1.480875934,84.847941,-0.287987829,0.285298184,84.847941,-0.382108867,-0.083407499
wheel,1780715232.528296471,78.579940796,-0.288642143,0.278041213,1.480875934,84.847941,-0.288642143,0.278041213,84.847941,-0.381173544,-0.082573424
wheel,1780715232.548396349,78.600040674,-0.289322630,0.270493963,1.480875934,84.847941,-0.289322630,0.270493963,84.847941,-0.380952210,-0.081747690
wheel,1780715232.568322182,78.619966507,-0.289322630,0.270493963,1.480875934,84.847941,-0.289322630,0.270493963,84.847941,-0.361904599,-0.080930213
wheel,1780715232.589653254,78.641297579,-0.290690587,0.255400094,1.479950675,84.794928,-0.290690587,0.255400094,84.794928,-0.379328425,-0.080554599
wheel,1780715232.608732462,78.660376787,-0.291369717,0.247925883,1.480413305,84.821434,-0.291369717,0.247925883,84.821434,-0.380047973,-0.079506353
wheel,1780715232.628302097,78.679946423,-0.292070407,0.240234138,1.479488046,84.768421,-0.292070407,0.240234138,84.768421,-0.380757337,-0.079183569
rtabmap,1780715232.632535696,79.234703064,0.383355945,-0.535029292,2.778132873,159.175289,0.309926368,0.580089946,-84.530716,0.388983160,0.000035886
wheel,1780715232.648208618,78.699852943,-0.292070407,0.240234138,1.479488046,84.768421,-0.292070407,0.240234138,84.768421,-0.361719470,-0.078391733
wheel,1780715232.671247959,78.722892284,-0.292721505,0.233123203,1.479488046,84.768421,-0.292721505,0.233123203,84.768421,-0.359133257,-0.077607816
wheel,1780715232.689000607,78.740644932,-0.294141065,0.217814556,1.477174901,84.635887,-0.294141065,0.217814556,84.635887,-0.384488560,-0.078135039
wheel,1780715232.708235979,78.759880304,-0.294793659,0.210776931,1.479488046,84.768421,-0.294793659,0.210776931,84.768421,-0.383628092,-0.076151662
wheel,1780715232.728245258,78.779889584,-0.295493026,0.203158234,1.479025417,84.741914,-0.295493026,0.203158234,84.741914,-0.383565325,-0.075621361
wheel,1780715232.748308659,78.799952984,-0.296152429,0.195974891,1.479488046,84.768421,-0.296152429,0.195974891,84.768421,-0.382365003,-0.074634550
wheel,1780715232.768253803,78.819898129,-0.296152429,0.195974891,1.479488046,84.768421,-0.296152429,0.195974891,84.768421,-0.363246752,-0.073888205
wheel,1780715232.788249254,78.839893579,-0.297527978,0.181028050,1.478562788,84.715407,-0.297527978,0.181028050,84.715407,-0.382618855,-0.073612068
rtabmap,1780715232.799207926,79.401375294,0.314856738,-0.521664858,2.773248400,158.895429,0.328288304,0.512758015,-84.810575,0.412639260,-0.029305857
wheel,1780715232.808245897,78.859890223,-0.298215922,0.173627820,1.477637530,84.662394,-0.298215922,0.173627820,84.662394,-0.382072482,-0.073338682
wheel,1780715232.828255415,78.879899740,-0.298898817,0.166300299,1.478100159,84.688901,-0.298898817,0.166300299,84.688901,-0.381356976,-0.072374107
wheel,1780715232.848304033,78.899948359,-0.299595235,0.158827679,1.477637530,84.662394,-0.299595235,0.158827679,84.662394,-0.381007244,-0.071881134
wheel,1780715232.868245602,78.919889927,-0.299595235,0.158827679,1.477637530,84.662394,-0.299595235,0.158827679,84.662394,-0.361956882,-0.071162322
wheel,1780715232.888239622,78.939883947,-0.300961009,0.144245818,1.477174901,84.635887,-0.300961009,0.144245818,84.635887,-0.380483758,-0.070682080
wheel,1780715232.908275127,78.959919453,-0.301655800,0.136846228,1.477174901,84.635887,-0.301655800,0.136846228,84.635887,-0.380007649,-0.069975259
wheel,1780715232.928283215,78.979927540,-0.302323345,0.129736818,1.477174901,84.635887,-0.302323345,0.129736818,84.635887,-0.378853242,-0.069275507
rtabmap,1780715232.932654142,79.534821510,0.268054456,-0.504412174,2.773038345,158.883394,0.333553052,0.463155685,-84.822611,0.373747587,-0.001573795
wheel,1780715232.948262930,78.999907255,-0.303004513,0.122482318,1.477174901,84.635887,-0.303004513,0.122482318,84.635887,-0.378144880,-0.068582752
wheel,1780715232.968265772,79.019910097,-0.303004513,0.122482318,1.477174901,84.635887,-0.303004513,0.122482318,84.635887,-0.359237636,-0.067896924
wheel,1780715232.988262415,79.039906740,-0.304380472,0.107828228,1.477174901,84.635887,-0.304380472,0.107828228,84.635887,-0.378110797,-0.067217955
wheel,1780715233.008234501,79.059878826,-0.305075264,0.100428638,1.477174901,84.635887,-0.305075264,0.100428638,84.635887,-0.377793152,-0.066545775
wheel,1780715233.028242826,79.079887152,-0.305756431,0.093174138,1.477174901,84.635887,-0.305756431,0.093174138,84.635887,-0.377111938,-0.065880317
wheel,1780715233.048291922,79.099936247,-0.306413575,0.086210122,1.476249642,84.582874,-0.306413575,0.086210122,84.582874,-0.375707542,-0.065683186
rtabmap,1780715233.065872669,79.668040037,0.214445710,-0.492434889,2.770570550,158.741999,0.346562477,0.409788019,-84.964005,0.407780230,-0.018524779
wheel,1780715233.068344831,79.119989157,-0.306413575,0.086210122,1.476249642,84.582874,-0.306413575,0.086210122,84.582874,-0.356922165,-0.065026354
wheel,1780715233.088254929,79.139899254,-0.307764756,0.072066016,1.474861755,84.503354,-0.307764756,0.072066016,84.503354,-0.374763679,-0.065073285
wheel,1780715233.108265162,79.159909487,-0.308375996,0.065683176,1.475787013,84.556367,-0.308375996,0.065683176,84.556367,-0.372045680,-0.063960209
wheel,1780715233.128282309,79.179926634,-0.309051377,0.058647702,1.474399126,84.476847,-0.309051377,0.058647702,84.476847,-0.371115061,-0.064014634
wheel,1780715233.148263216,79.199907541,-0.309674043,0.052192761,1.474861755,84.503354,-0.309674043,0.052192761,84.503354,-0.368768686,-0.063143214
wheel,1780715233.168308258,79.219952583,-0.309674043,0.052192761,1.474861755,84.503354,-0.309674043,0.052192761,84.503354,-0.350330252,-0.062511782
wheel,1780715233.188288212,79.239932537,-0.309674043,0.052192761,1.474861755,84.503354,-0.309674043,0.052192761,84.503354,-0.332813739,-0.061886664
wheel,1780715233.208256721,79.259901047,-0.311656478,0.031887359,1.472085980,84.344314,-0.311656478,0.031887359,84.344314,-0.367251033,-0.062657675
wheel,1780715233.228272915,79.279917240,-0.312199666,0.026376393,1.473011238,84.397327,-0.312199666,0.026376393,84.397327,-0.362722118,-0.061568821
rtabmap,1780715233.232874870,79.835042238,0.162657663,-0.460295051,2.775364389,159.016666,0.340688982,0.349121116,-84.689338,0.358780444,0.028705265
wheel,1780715233.248504877,79.300149202,-0.312805754,0.020212672,1.472548609,84.370820,-0.312805754,0.020212672,84.370820,-0.359893192,-0.061181812
wheel,1780715233.268287659,79.319931984,-0.312805754,0.020212672,1.472548609,84.370820,-0.312805754,0.020212672,84.370820,-0.341898533,-0.060569993
wheel,1780715233.288255930,79.339900255,-0.314040846,0.007741056,1.471623351,84.317807,-0.314040846,0.007741056,84.317807,-0.356180829,-0.060427597
wheel,1780715233.308255911,79.359900236,-0.314678657,0.001360816,1.470698092,84.264794,-0.314678657,0.001360816,84.264794,-0.354402285,-0.060285962
wheel,1780715233.328353167,79.379997492,-0.315255212,-0.004366500,1.470235463,84.238287,-0.315255212,-0.004366500,84.238287,-0.351004379,-0.059913316
wheel,1780715233.348509073,79.400153399,-0.315834416,-0.010093549,1.469772834,84.211780,-0.315834416,-0.010093549,84.211780,-0.347731986,-0.059543684
wheel,1780715233.368294716,79.419939041,-0.315834416,-0.010093549,1.469772834,84.211780,-0.315834416,-0.010093549,84.211780,-0.330345386,-0.058948247
wheel,1780715233.388235807,79.439880133,-0.317099607,-0.022488907,1.468384947,84.132260,-0.317099607,-0.022488907,84.132260,-0.345062814,-0.059054609
wheel,1780715233.408292532,79.459936857,-0.317099607,-0.022488907,1.468384947,84.132260,-0.317099607,-0.022488907,84.132260,-0.327809673,-0.058464063
wheel,1780715233.428277969,79.479922295,-0.317695533,-0.028287493,1.468384947,84.132260,-0.317695533,-0.028287493,84.132260,-0.326000887,-0.057879422
rtabmap,1780715233.432878733,80.035046101,0.103688031,-0.449805498,2.779396730,159.247702,0.357406958,0.291606271,-84.458302,0.294070810,0.020161383
wheel,1780715233.448848009,79.500492334,-0.319057367,-0.041478647,1.467459688,84.079247,-0.319057367,-0.041478647,84.079247,-0.341938623,-0.057750483
wheel,1780715233.468286037,79.519930363,-0.319057367,-0.041478647,1.467459688,84.079247,-0.319057367,-0.041478647,84.079247,-0.324841691,-0.057172979
wheel,1780715233.488263607,79.539907932,-0.320230164,-0.052711523,1.466071801,83.999727,-0.320230164,-0.052711523,83.999727,-0.336863783,-0.057295914
wheel,1780715233.508252144,79.559896469,-0.320857483,-0.058653355,1.465146542,83.946713,-0.320857483,-0.058653355,83.946713,-0.334967012,-0.057185871
wheel,1780715233.528302431,79.579946756,-0.321505735,-0.064739513,1.464221284,83.893700,-0.321505735,-0.064739513,83.893700,-0.333481200,-0.057075465
wheel,1780715233.548268557,79.599912882,-0.322150443,-0.070752771,1.463758655,83.867193,-0.322150443,-0.070752771,83.867193,-0.331955708,-0.056736473
wheel,1780715233.568322659,79.619966984,-0.322150443,-0.070752771,1.463758655,83.867193,-0.322150443,-0.070752771,83.867193,-0.315357923,-0.056169108
wheel,1780715233.588227987,79.639872313,-0.322150443,-0.070752771,1.463758655,83.867193,-0.322150443,-0.070752771,83.867193,-0.299590026,-0.055607417
rtabmap,1780715233.599594355,80.201761723,0.051905859,-0.429360718,2.784413315,159.535131,0.362015864,0.236125279,-84.170873,0.333902001,0.030090462
wheel,1780715233.608672619,79.660316944,-0.324034248,-0.088284965,1.463758655,83.867193,-0.324034248,-0.088284965,83.867193,-0.327742130,-0.055051343
wheel,1780715233.628820896,79.680465221,-0.324034248,-0.088284965,1.463758655,83.867193,-0.324034248,-0.088284965,83.867193,-0.311355023,-0.054500829
wheel,1780715233.649502516,79.701146841,-0.324672562,-0.094225627,1.463758655,83.867193,-0.324672562,-0.094225627,83.867193,-0.310233282,-0.053955821
wheel,1780715233.668295622,79.719939947,-0.325308128,-0.100166582,1.464683913,83.920207,-0.325308128,-0.100166582,83.920207,-0.310619231,-0.052923886
wheel,1780715233.688435078,79.740079403,-0.326547467,-0.111905324,1.466534430,84.026233,-0.326547467,-0.111905324,84.026233,-0.324391110,-0.051475883
wheel,1780715233.708255291,79.759899616,-0.327175480,-0.117920348,1.466997059,84.052740,-0.327175480,-0.117920348,84.052740,-0.323427999,-0.050727711
wheel,1780715233.728488445,79.780132771,-0.327815777,-0.124080609,1.467459688,84.079247,-0.327815777,-0.124080609,84.079247,-0.322563238,-0.049991763
wheel,1780715233.748253822,79.799898148,-0.328462165,-0.130313493,1.467459688,84.079247,-0.328462165,-0.130313493,84.079247,-0.322286050,-0.049491846
wheel,1780715233.768285513,79.819929838,-0.328462165,-0.130313493,1.467459688,84.079247,-0.328462165,-0.130313493,84.079247,-0.306171747,-0.048996927
wheel,1780715233.788291216,79.839935541,-0.329689312,-0.142200028,1.468384947,84.132260,-0.329689312,-0.142200028,84.132260,-0.320722516,-0.048044560
rtabmap,1780715233.799749851,80.401917219,-0.008849159,-0.407332957,2.777975002,159.166243,0.369180343,0.171898613,-84.539761,0.322860271,-0.032166533
wheel,1780715233.809171200,79.860815525,-0.329689312,-0.142200028,1.468384947,84.132260,-0.329689312,-0.142200028,84.132260,-0.304686391,-0.047564114
wheel,1780715233.828754425,79.880398750,-0.330997340,-0.155103709,1.471160721,84.291300,-0.330997340,-0.155103709,84.291300,-0.322565449,-0.045671100
wheel,1780715233.848272562,79.899916887,-0.330997340,-0.155103709,1.471160721,84.291300,-0.330997340,-0.155103709,84.291300,-0.306437176,-0.045214389
wheel,1780715233.868245840,79.919890165,-0.331550726,-0.160613661,1.470235463,84.238287,-0.331550726,-0.160613661,84.238287,-0.304977355,-0.045225471
wheel,1780715233.888338566,79.939982891,-0.332721115,-0.172213018,1.470235463,84.238287,-0.332721115,-0.172213018,84.238287,-0.318745129,-0.044773217
rtabmap,1780715233.899987936,80.502155304,-0.032755479,-0.394510448,2.776799425,159.098888,0.368274499,0.144785731,-84.607117,0.268397510,-0.011727905
wheel,1780715233.911376953,79.963021278,-0.333294296,-0.177867440,1.469310205,84.185274,-0.333294296,-0.177867440,84.185274,-0.315145822,-0.044727208
wheel,1780715233.928357840,79.980002165,-0.333294296,-0.177867440,1.469310205,84.185274,-0.333294296,-0.177867440,84.185274,-0.299388531,-0.044279936
wheel,1780715233.948271036,79.999915361,-0.334466433,-0.189246894,1.466997059,84.052740,-0.334466433,-0.189246894,84.052740,-0.313128490,-0.044998168
wheel,1780715233.969155550,80.020799875,-0.334466433,-0.189246894,1.466997059,84.052740,-0.334466433,-0.189246894,84.052740,-0.297472065,-0.044548186
wheel,1780715233.988252640,80.039896965,-0.335460964,-0.198666872,1.464221284,83.893700,-0.335460964,-0.198666872,83.893700,-0.307386233,-0.045555467
wheel,1780715234.008814812,80.060459137,-0.335834612,-0.202144332,1.463296026,83.840686,-0.335834612,-0.202144332,83.840686,-0.300521954,-0.045549914
wheel,1780715234.028233767,80.079878092,-0.336209868,-0.205621619,1.463296026,83.840686,-0.336209868,-0.205621619,83.840686,-0.294499956,-0.045094415
wheel,1780715234.048239231,80.099883556,-0.336484078,-0.208157077,1.462833397,83.814180,-0.336484078,-0.208157077,83.814180,-0.286148673,-0.044874717
rtabmap,1780715234.066457272,80.668624640,-0.073686503,-0.383329093,2.783943300,159.508201,0.376381559,0.103136638,-84.197803,0.253660351,0.042914305
wheel,1780715234.069270372,80.120914698,-0.336484078,-0.208157077,1.462833397,83.814180,-0.336484078,-0.208157077,83.814180,-0.271841239,-0.044425970
wheel,1780715234.088273048,80.139917374,-0.336679943,-0.209968119,1.463296026,83.840686,-0.336679943,-0.209968119,83.840686,-0.263042674,-0.043738231
wheel,1780715234.108258486,80.159902811,-0.336695512,-0.210113013,1.464221284,83.893700,-0.336695512,-0.210113013,83.893700,-0.250255069,-0.042837954
wheel,1780715234.128264666,80.179908991,-0.336680010,-0.209968112,1.464221284,83.893700,-0.336680010,-0.209968112,83.893700,-0.237378108,-0.042409574
wheel,1780715234.148370266,80.200014591,-0.336618004,-0.209388506,1.464221284,83.893700,-0.336618004,-0.209388506,83.893700,-0.224059489,-0.041985479
wheel,1780715234.168309689,80.219954014,-0.336618004,-0.209388506,1.464221284,83.893700,-0.336618004,-0.209388506,83.893700,-0.212856514,-0.041565624
wheel,1780715234.188257694,80.239902020,-0.336355616,-0.206925062,1.465146542,83.946713,-0.336355616,-0.206925062,83.946713,-0.196005285,-0.040686221
wheel,1780715234.208250761,80.259895086,-0.336186573,-0.205330990,1.465146542,83.946713,-0.336186573,-0.205330990,83.946713,-0.182195867,-0.040279359
wheel,1780715234.228293896,80.279938221,-0.336002163,-0.203592002,1.465146542,83.946713,-0.336002163,-0.203592002,83.946713,-0.168723792,-0.039876566
wheel,1780715234.248264074,80.299908400,-0.335817753,-0.201853014,1.465146542,83.946713,-0.335817753,-0.201853014,83.946713,-0.155908863,-0.039477800
rtabmap,1780715234.266244173,80.868411541,-0.059437197,-0.388430476,2.783409987,159.477645,0.374642998,0.118171406,-84.228359,-0.075748116,-0.002669255
wheel,1780715234.268286467,80.319930792,-0.335817753,-0.201853014,1.465146542,83.946713,-0.335817753,-0.201853014,83.946713,-0.148113419,-0.039083022
wheel,1780715234.288795710,80.340440035,-0.335817753,-0.201853014,1.465146542,83.946713,-0.335817753,-0.201853014,83.946713,-0.140707748,-0.038692192
wheel,1780715234.308291674,80.359935999,-0.335286417,-0.196853547,1.464683913,83.920207,-0.335286417,-0.196853547,83.920207,-0.120780560,-0.038542524
wheel,1780715234.328260183,80.379904509,-0.335132071,-0.195404462,1.464683913,83.920207,-0.335132071,-0.195404462,83.920207,-0.111092756,-0.038157099
wheel,1780715234.348267555,80.399911880,-0.335016060,-0.194317675,1.464221284,83.893700,-0.335016060,-0.194317675,83.893700,-0.102806038,-0.038006815
wheel,1780715234.368244886,80.419889212,-0.335016060,-0.194317675,1.464221284,83.893700,-0.335016060,-0.194317675,83.893700,-0.097665736,-0.037626747
wheel,1780715234.388606548,80.440250874,-0.334845543,-0.192723760,1.464221284,83.893700,-0.334845543,-0.192723760,83.893700,-0.088846198,-0.037250479
wheel,1780715234.408620596,80.460264921,-0.334806705,-0.192361516,1.463758655,83.867193,-0.334806705,-0.192361516,83.867193,-0.083493889,-0.037109085
wheel,1780715234.428961754,80.480606079,-0.334806705,-0.192361516,1.463758655,83.867193,-0.334806705,-0.192361516,83.867193,-0.079319194,-0.036737995
wheel,1780715234.448319912,80.499964237,-0.334798937,-0.192289067,1.464221284,83.893700,-0.334798937,-0.192289067,83.893700,-0.075165037,-0.036131634
rtabmap,1780715234.466463804,81.068631172,-0.048846081,-0.394311517,2.784902089,159.563136,0.375223921,0.130271857,-84.142868,-0.059837740,0.007452533
wheel,1780715234.469195127,80.520839453,-0.334837775,-0.192651311,1.463758655,83.867193,-0.334837775,-0.192651311,83.867193,-0.072279410,-0.035991936
wheel,1780715234.488330603,80.539974928,-0.334837775,-0.192651311,1.463758655,83.867193,-0.334837775,-0.192651311,83.867193,-0.068665439,-0.035632017
wheel,1780715234.508379459,80.560023785,-0.334969824,-0.193882942,1.464221284,83.893700,-0.334969824,-0.193882942,83.893700,-0.068320280,-0.035045025
wheel,1780715234.528242588,80.579886913,-0.335086337,-0.194969676,1.463758655,83.867193,-0.335086337,-0.194969676,83.867193,-0.067655234,-0.034927461
wheel,1780715234.548267603,80.599911928,-0.335156547,-0.195621683,1.463296026,83.840686,-0.335156547,-0.195621683,83.840686,-0.065910022,-0.034809234
wheel,1780715234.568302870,80.619947195,-0.335156547,-0.195621683,1.463296026,83.840686,-0.335156547,-0.195621683,83.840686,-0.062614521,-0.034461142
wheel,1780715234.589981318,80.641625643,-0.335265996,-0.196635892,1.463296026,83.840686,-0.335265996,-0.196635892,83.840686,-0.061836767,-0.034116530
wheel,1780715234.608280659,80.659924984,-0.335313105,-0.197070531,1.462370767,83.787673,-0.335313105,-0.197070531,83.787673,-0.059939465,-0.034280989
wheel,1780715234.628256798,80.679901123,-0.335360414,-0.197505148,1.462370767,83.787673,-0.335360414,-0.197505148,83.787673,-0.058036615,-0.033938179
rtabmap,1780715234.633270025,81.235437393,-0.055413119,-0.394202143,2.784586623,159.545061,0.378034912,0.124335840,-84.160943,0.037120249,-0.001891165
wheel,1780715234.650277138,80.701921463,-0.335360414,-0.197505148,1.462370767,83.787673,-0.335360414,-0.197505148,83.787673,-0.055134785,-0.033598797
wheel,1780715234.668396235,80.720040560,-0.335391953,-0.197794893,1.462370767,83.787673,-0.335391953,-0.197794893,83.787673,-0.053182642,-0.033262809
wheel,1780715234.689686775,80.741331100,-0.335391953,-0.197794893,1.462370767,83.787673,-0.335391953,-0.197794893,83.787673,-0.050523510,-0.032930181
wheel,1780715234.708482027,80.760126352,-0.335463068,-0.198446803,1.461908138,83.761166,-0.335463068,-0.198446803,83.761166,-0.049741929,-0.032847030
wheel,1780715234.728234529,80.779878855,-0.335502576,-0.198808975,1.462370767,83.787673,-0.335502576,-0.198808975,83.787673,-0.048176990,-0.032284361
wheel,1780715234.748249531,80.799893856,-0.335502576,-0.198808975,1.462370767,83.787673,-0.335502576,-0.198808975,83.787673,-0.045768141,-0.031961518
wheel,1780715234.768249750,80.819894075,-0.335502576,-0.198808975,1.462370767,83.787673,-0.335502576,-0.198808975,83.787673,-0.043479734,-0.031641902
wheel,1780715234.788264275,80.839908600,-0.335494674,-0.198736540,1.461908138,83.761166,-0.335494674,-0.198736540,83.761166,-0.041123706,-0.031556647
wheel,1780715234.808258057,80.859902382,-0.335486772,-0.198664106,1.462370767,83.787673,-0.335486772,-0.198664106,83.787673,-0.038885315,-0.031009707
wheel,1780715234.828293324,80.879937649,-0.335486772,-0.198664106,1.462370767,83.787673,-0.335486772,-0.198664106,83.787673,-0.036941049,-0.030699610
wheel,1780715234.848249912,80.899894238,-0.335455233,-0.198374361,1.462370767,83.787673,-0.335455233,-0.198374361,83.787673,-0.034363840,-0.030392614
rtabmap,1780715234.866784096,81.468951464,-0.060384348,-0.396602362,2.784462206,159.537933,0.382388929,0.120942213,-84.168072,0.016354363,-0.000532836
wheel,1780715234.868329287,80.919973612,-0.335455233,-0.198374361,1.462370767,83.787673,-0.335455233,-0.198374361,83.787673,-0.032645648,-0.030088688
wheel,1780715234.888286591,80.939930916,-0.335455233,-0.198374361,1.462370767,83.787673,-0.335455233,-0.198374361,83.787673,-0.031013366,-0.029787801
wheel,1780715234.908279419,80.959923744,-0.335455233,-0.198374361,1.462370767,83.787673,-0.335455233,-0.198374361,83.787673,-0.029462698,-0.029489923
wheel,1780715234.928254843,80.979899168,-0.335463101,-0.198446799,1.462833397,83.814180,-0.335463101,-0.198446799,83.814180,-0.028171934,-0.028963441
wheel,1780715234.948802471,81.000446796,-0.335470969,-0.198519237,1.462370767,83.787673,-0.335470969,-0.198519237,83.787673,-0.026940655,-0.028898972
wheel,1780715234.968359947,81.020004272,-0.335470969,-0.198519237,1.462370767,83.787673,-0.335470969,-0.198519237,83.787673,-0.025593622,-0.028609983
wheel,1780715234.988298655,81.039942980,-0.335470969,-0.198519237,1.462370767,83.787673,-0.335470969,-0.198519237,83.787673,-0.024313941,-0.028323883
wheel,1780715235.008404016,81.060048342,-0.335470969,-0.198519237,1.462370767,83.787673,-0.335470969,-0.198519237,83.787673,-0.023098244,-0.028040644
wheel,1780715235.028415442,81.080059767,-0.335470969,-0.198519237,1.462370767,83.787673,-0.335470969,-0.198519237,83.787673,-0.021943332,-0.027760238
rtabmap,1780715235.033302546,81.635469913,-0.058552455,-0.392518580,2.785877237,159.619008,0.377916197,0.120775543,-84.086996,-0.001733578,0.008497647
wheel,1780715235.048903227,81.100547552,-0.335455200,-0.198374365,1.462370767,83.787673,-0.335455200,-0.198374365,83.787673,-0.020490494,-0.027482635
wheel,1780715235.068268061,81.119912386,-0.335455200,-0.198374365,1.462370767,83.787673,-0.335455200,-0.198374365,83.787673,-0.019465969,-0.027207809
wheel,1780715235.088792324,81.140436649,-0.335455200,-0.198374365,1.462370767,83.787673,-0.335455200,-0.198374365,83.787673,-0.018492671,-0.026935731
wheel,1780715235.108439207,81.160083532,-0.335463101,-0.198446799,1.461908138,83.761166,-0.335463101,-0.198446799,83.761166,-0.017753494,-0.026901874
wheel,1780715235.128289223,81.179933548,-0.335463101,-0.198446799,1.461908138,83.761166,-0.335463101,-0.198446799,83.761166,-0.016865819,-0.026632855
wheel,1780715235.148423672,81.200067997,-0.335471036,-0.198519230,1.461445509,83.734660,-0.335471036,-0.198519230,83.734660,-0.016203492,-0.026596321
wheel,1780715235.168351650,81.219995975,-0.335471036,-0.198519230,1.461445509,83.734660,-0.335471036,-0.198519230,83.734660,-0.015393317,-0.026330358
wheel,1780715235.188297272,81.239941597,-0.335479005,-0.198591657,1.460982880,83.708153,-0.335479005,-0.198591657,83.708153,-0.014806332,-0.026299030
rtabmap,1780715235.199910641,81.802078009,-0.056945305,-0.389562577,2.787369982,159.704536,0.374554112,0.120906963,-84.001468,-0.002863504,0.008959408
wheel,1780715235.208299398,81.259943724,-0.335487007,-0.198664080,1.460520251,83.681646,-0.335487007,-0.198664080,83.681646,-0.014248189,-0.026267371
wheel,1780715235.228227139,81.279871464,-0.335487007,-0.198664080,1.460520251,83.681646,-0.335487007,-0.198664080,83.681646,-0.013535779,-0.026004697
wheel,1780715235.248257637,81.299901962,-0.335487007,-0.198664080,1.459594993,83.628633,-0.335487007,-0.198664080,83.628633,-0.012858990,-0.026206553
wheel,1780715235.269437790,81.321082115,-0.335487007,-0.198664080,1.459594993,83.628633,-0.335487007,-0.198664080,83.628633,-0.012216041,-0.025944488
wheel,1780715235.288264990,81.339909315,-0.335503246,-0.198808901,1.458669734,83.575619,-0.335503246,-0.198808901,83.575619,-0.011992141,-0.026176347
wheel,1780715235.308235645,81.359879971,-0.335511415,-0.198881305,1.458207105,83.549113,-0.335511415,-0.198881305,83.549113,-0.011574964,-0.026146241
wheel,1780715235.328372955,81.380017281,-0.335511415,-0.198881305,1.458207105,83.549113,-0.335511415,-0.198881305,83.549113,-0.010996216,-0.025884779
wheel,1780715235.349565506,81.401209831,-0.335527855,-0.199026103,1.457281847,83.496099,-0.335527855,-0.199026103,83.496099,-0.010790225,-0.026062527
rtabmap,1780715235.366587162,81.968754530,-0.052716918,-0.383280993,2.794506969,160.113455,0.367049386,0.121915252,-83.592549,-0.010721586,0.042819660
wheel,1780715235.368295908,81.419940233,-0.335544429,-0.199170886,1.456356588,83.443086,-0.335544429,-0.199170886,83.443086,-0.010639842,-0.026296034
wheel,1780715235.388249397,81.439893723,-0.335561271,-0.199315638,1.453580813,83.284046,-0.335561271,-0.199315638,83.284046,-0.010472845,-0.027423531
wheel,1780715235.408969402,81.460613728,-0.335561271,-0.199315638,1.453580813,83.284046,-0.335561271,-0.199315638,83.284046,-0.009949203,-0.027149296
wheel,1780715235.428277731,81.479922056,-0.335578648,-0.199460326,1.448954522,83.018979,-0.335578648,-0.199460326,83.018979,-0.009829110,-0.029273782
wheel,1780715235.448249102,81.499893427,-0.335587587,-0.199532640,1.446641376,82.886445,-0.335587587,-0.199532640,82.886445,-0.009520056,-0.030139151
wheel,1780715235.468284369,81.519928694,-0.335587587,-0.199532640,1.446641376,82.886445,-0.335587587,-0.199532640,82.886445,-0.009044053,-0.029837759
wheel,1780715235.488257885,81.539902210,-0.335596828,-0.199604915,1.440627197,82.541858,-0.335596828,-0.199604915,82.541858,-0.008774239,-0.032550243
wheel,1780715235.508284569,81.559928894,-0.335606403,-0.199677148,1.437388793,82.356311,-0.335606403,-0.199677148,82.356311,-0.008517456,-0.033841881
wheel,1780715235.528295517,81.579939842,-0.335606403,-0.199677148,1.437388793,82.356311,-0.335606403,-0.199677148,82.356311,-0.008091583,-0.033503462
wheel,1780715235.548260689,81.599905014,-0.335616278,-0.199749339,1.432299872,82.064738,-0.335616278,-0.199749339,82.064738,-0.007869323,-0.035715107
wheel,1780715235.568275690,81.619920015,-0.335616278,-0.199749339,1.432299872,82.064738,-0.335616278,-0.199749339,82.064738,-0.007475857,-0.035357955
wheel,1780715235.588248253,81.639892578,-0.335606036,-0.199677199,1.427210951,81.773164,-0.335606036,-0.199677199,81.773164,-0.006919675,-0.037552028
rtabmap,1780715235.599843502,82.202010870,-0.056858342,-0.397028029,2.821212343,161.643560,0.381208612,0.124291954,-82.062444,-0.003351313,0.114489242
wheel,1780715235.610042810,81.661687136,-0.335606036,-0.199677199,1.427210951,81.773164,-0.335606036,-0.199677199,81.773164,-0.006573691,-0.037176507
wheel,1780715235.628251314,81.679895639,-0.335595459,-0.199605106,1.423047289,81.534604,-0.335595459,-0.199605106,81.534604,-0.006044948,-0.039091131
wheel,1780715235.648351669,81.699995995,-0.335584683,-0.199533044,1.421659402,81.455084,-0.335584683,-0.199533044,81.455084,-0.005561247,-0.039391469
wheel,1780715235.668261766,81.719906092,-0.335584683,-0.199533044,1.421659402,81.455084,-0.335584683,-0.199533044,81.455084,-0.005283185,-0.038997555
wheel,1780715235.688258171,81.739902496,-0.335562697,-0.199388984,1.417033110,81.190017,-0.335562697,-0.199388984,81.190017,-0.004654653,-0.040921058
wheel,1780715235.708280325,81.759924650,-0.335562697,-0.199388984,1.414257335,81.030976,-0.335562697,-0.199388984,81.030976,-0.004421920,-0.041898298
wheel,1780715235.728284121,81.779928446,-0.335551254,-0.199317024,1.411944189,80.898443,-0.335551254,-0.199317024,80.898443,-0.004018698,-0.042635669
wheel,1780715235.748461246,81.800105572,-0.335551254,-0.199317024,1.409168414,80.739403,-0.335551254,-0.199317024,80.739403,-0.003817763,-0.043585813
wheel,1780715235.768262386,81.819906712,-0.335551254,-0.199317024,1.409168414,80.739403,-0.335551254,-0.199317024,80.739403,-0.003626875,-0.043149955
wheel,1780715235.788745880,81.840390205,-0.335551254,-0.199317024,1.402691606,80.368309,-0.335551254,-0.199317024,80.368309,-0.003445532,-0.045879684
rtabmap,1780715235.800249338,82.402416706,-0.062589280,-0.415073097,2.842169058,162.844292,0.399925284,0.127147534,-80.861713,-0.001215368,0.104571506
wheel,1780715235.808233023,81.859877348,-0.335551254,-0.199317024,1.402691606,80.368309,-0.335551254,-0.199317024,80.368309,-0.003273255,-0.045420887
wheel,1780715235.828274250,81.879918575,-0.335551254,-0.199317024,1.396214798,79.997215,-0.335551254,-0.199317024,79.997215,-0.003109592,-0.048198844
wheel,1780715235.848819494,81.900463820,-0.335551254,-0.199317024,1.392513765,79.785162,-0.335551254,-0.199317024,79.785162,-0.002954113,-0.049518136
wheel,1780715235.868270874,81.919915199,-0.335551254,-0.199317024,1.392513765,79.785162,-0.335551254,-0.199317024,79.785162,-0.002806407,-0.049022955
wheel,1780715235.888243437,81.939887762,-0.335538050,-0.199245366,1.384649069,79.334548,-0.335538050,-0.199245366,79.334548,-0.002483704,-0.052469864
wheel,1780715235.908248663,81.959892988,-0.335524416,-0.199173789,1.380485407,79.095987,-0.335524416,-0.199173789,79.095987,-0.002177422,-0.054026279
wheel,1780715235.928282022,81.979926348,-0.335524416,-0.199173789,1.380485407,79.095987,-0.335524416,-0.199173789,79.095987,-0.002068551,-0.053486016
rtabmap,1780715235.933448792,82.535616159,-0.063850760,-0.409577489,2.869790810,164.426902,0.395557098,0.123582146,-79.279103,0.021219185,0.207370922
wheel,1780715235.948271275,81.999915600,-0.335524416,-0.199173789,1.375859115,78.830920,-0.335524416,-0.199173789,78.830920,-0.001965123,-0.055265380
wheel,1780715235.968262196,82.019906521,-0.335524416,-0.199173789,1.370307565,78.512840,-0.335524416,-0.199173789,78.512840,-0.001866867,-0.057490193
wheel,1780715235.988281965,82.039926291,-0.335494602,-0.199031143,1.359204465,77.876679,-0.335494602,-0.199031143,77.876679,-0.001409572,-0.062461226
wheel,1780715236.008312464,82.059956789,-0.335510119,-0.199102336,1.353190286,77.532092,-0.335510119,-0.199102336,77.532092,-0.001520985,-0.064839268
wheel,1780715236.028601885,82.080246210,-0.335510119,-0.199102336,1.353190286,77.532092,-0.335510119,-0.199102336,77.532092,-0.001444935,-0.064190875
wheel,1780715236.048272610,82.099916935,-0.335510119,-0.199102336,1.345788220,77.107985,-0.335510119,-0.199102336,77.107985,-0.001372689,-0.067311588
wheel,1780715236.068260908,82.119905233,-0.335493615,-0.199031365,1.338848782,76.710385,-0.335493615,-0.199031365,76.710385,-0.001121783,-0.070110305
wheel,1780715236.088246107,82.139890432,-0.335493615,-0.199031365,1.321268874,75.703130,-0.335493615,-0.199031365,75.703130,-0.001065694,-0.078205455
wheel,1780715236.108253717,82.159898043,-0.335493615,-0.199031365,1.313866808,75.279023,-0.335493615,-0.199031365,75.279023,-0.001012409,-0.081122982
wheel,1780715236.129083395,82.180727720,-0.335512441,-0.199101755,1.305076854,74.775396,-0.335512441,-0.199101755,74.775396,-0.001136691,-0.084531623
rtabmap,1780715236.133262157,82.735429525,-0.068896055,-0.418861955,2.939581410,168.425608,0.406115878,0.123171681,-75.280396,0.011848534,0.349279255
wheel,1780715236.148254633,82.199898958,-0.335531884,-0.199171977,1.296286900,74.271768,-0.335531884,-0.199171977,74.271768,-0.001269889,-0.088271219
wheel,1780715236.168525934,82.220170259,-0.335531884,-0.199171977,1.296286900,74.271768,-0.335531884,-0.199171977,74.271768,-0.001206395,-0.087388507
wheel,1780715236.188292742,82.239937067,-0.335552267,-0.199241932,1.278244363,73.238007,-0.335552267,-0.199241932,73.238007,-0.001330418,-0.095643967
wheel,1780715236.208241463,82.259885788,-0.335616228,-0.199450958,1.269454409,72.734380,-0.335616228,-0.199450958,72.734380,-0.001811625,-0.099092539
wheel,1780715236.229382277,82.281026602,-0.335616228,-0.199450958,1.269454409,72.734380,-0.335616228,-0.199450958,72.734380,-0.001721044,-0.098101613
rtabmap,1780715236.233228922,82.835396290,-0.068168975,-0.415786177,2.985390656,171.050285,0.403036261,0.122461032,-72.655720,-0.000952070,0.458243638
wheel,1780715236.248264074,82.299908400,-0.335660702,-0.199589734,1.251874501,71.727125,-0.335660702,-0.199589734,71.727125,-0.002020639,-0.106425111
wheel,1780715236.268956423,82.320600748,-0.335660702,-0.199589734,1.251874501,71.727125,-0.335660702,-0.199589734,71.727125,-0.001919607,-0.105360860
wheel,1780715236.288382769,82.340027094,-0.335684075,-0.199658747,1.236607739,70.852404,-0.335684075,-0.199658747,70.852404,-0.002011134,-0.112164693
wheel,1780715236.308251381,82.359895706,-0.335756586,-0.199864963,1.228743043,70.401790,-0.335756586,-0.199864963,70.401790,-0.002460685,-0.115001493
wheel,1780715236.328245163,82.379889488,-0.335806037,-0.200002044,1.220415718,69.924670,-0.335806037,-0.200002044,69.924670,-0.002702071,-0.118016287
wheel,1780715236.348327398,82.399971724,-0.335831286,-0.200070394,1.213476281,69.527069,-0.335831286,-0.200070394,69.527069,-0.002748421,-0.120292373
wheel,1780715236.368478537,82.420122862,-0.335831286,-0.200070394,1.213476281,69.527069,-0.335831286,-0.200070394,69.527069,-0.002611000,-0.119089449
wheel,1780715236.388273001,82.439917326,-0.335831286,-0.200070394,1.198672148,68.678855,-0.335831286,-0.200070394,68.678855,-0.002480450,-0.125372619
wheel,1780715236.408287525,82.459931850,-0.335858045,-0.200138166,1.190807452,68.228241,-0.335858045,-0.200138166,68.228241,-0.002538494,-0.128049230
wheel,1780715236.428345203,82.479989529,-0.335885306,-0.200205738,1.183868015,67.830641,-0.335885306,-0.200205738,67.830641,-0.002593182,-0.130228026
rtabmap,1780715236.433052301,83.035219669,-0.064438403,-0.422455221,3.065407518,175.634913,0.407362720,0.128759848,-68.071091,-0.023634095,0.400438368
wheel,1780715236.448279142,82.499923468,-0.335857577,-0.200138357,1.176928577,67.433040,-0.335857577,-0.200138357,67.433040,-0.002280735,-0.132407422
wheel,1780715236.468364477,82.520008802,-0.335857577,-0.200138357,1.176928577,67.433040,-0.335857577,-0.200138357,67.433040,-0.002166699,-0.131083347
wheel,1780715236.488275528,82.539919853,-0.335829226,-0.200071235,1.165362848,66.770373,-0.335829226,-0.200071235,66.770373,-0.001875398,-0.135580934
wheel,1780715236.508626699,82.560271025,-0.335800317,-0.200004351,1.160273927,66.478799,-0.335800317,-0.200004351,66.478799,-0.001602601,-0.136725825
wheel,1780715236.528279305,82.579923630,-0.335800317,-0.200004351,1.155647636,66.213732,-0.335800317,-0.200004351,66.213732,-0.001522471,-0.137712573
rtabmap,1780715236.533211708,83.135379076,-0.069384262,-0.430445373,3.094472400,177.300208,0.416717057,0.127865178,-66.405796,0.043164939,0.290186197
wheel,1780715236.548260212,82.599904537,-0.335770790,-0.199937737,1.151483973,65.975172,-0.335770790,-0.199937737,65.975172,-0.001264007,-0.138419343
wheel,1780715236.568487167,82.620131493,-0.335770790,-0.199937737,1.151483973,65.975172,-0.335770790,-0.199937737,65.975172,-0.001200806,-0.137035149
wheel,1780715236.588250637,82.639894962,-0.335710906,-0.199804882,1.143156649,65.498051,-0.335710906,-0.199804882,65.498051,-0.000772334,-0.139875447
wheel,1780715236.608246803,82.659891129,-0.335710906,-0.199804882,1.140380874,65.339011,-0.335710906,-0.199804882,65.339011,-0.000733718,-0.139864780
wheel,1780715236.630877972,82.682522297,-0.335680396,-0.199738713,1.137142470,65.153464,-0.335680396,-0.199738713,65.153464,-0.000536036,-0.139897201
wheel,1780715236.648321867,82.699966192,-0.335649672,-0.199672643,1.133904065,64.967917,-0.335649672,-0.199672643,64.967917,-0.000300408,-0.140354469
wheel,1780715236.668253422,82.719897747,-0.335649672,-0.199672643,1.133904065,64.967917,-0.335649672,-0.199672643,64.967917,-0.000285387,-0.138950924
wheel,1780715236.688244581,82.739888906,-0.335587645,-0.199540775,1.128352516,64.649837,-0.335587645,-0.199540775,64.649837,0.000093342,-0.140338252
rtabmap,1780715236.699654341,83.301821709,-0.068583362,-0.435177624,3.122878548,178.927761,0.420604895,0.130679491,-64.778244,-0.006145737,0.170666277
wheel,1780715236.708323240,82.759967566,-0.335556372,-0.199474963,1.126039370,64.517303,-0.335556372,-0.199474963,64.517303,0.000270135,-0.140086994
wheel,1780715236.728287458,82.779931784,-0.335556372,-0.199474963,1.123263595,64.358263,-0.335556372,-0.199474963,64.358263,0.000256628,-0.140078544
wheel,1780715236.748286009,82.799930334,-0.335524734,-0.199409326,1.120025191,64.172716,-0.335524734,-0.199409326,64.172716,0.000425738,-0.140295015
wheel,1780715236.768288374,82.819932699,-0.335524734,-0.199409326,1.120025191,64.172716,-0.335524734,-0.199409326,64.172716,0.000404451,-0.138892065
wheel,1780715236.788315296,82.839959621,-0.335460761,-0.199278390,1.112623124,63.748609,-0.335460761,-0.199278390,63.748609,0.000748085,-0.141199466
wheel,1780715236.808271170,82.859915495,-0.335460761,-0.199278390,1.108922091,63.536556,-0.335460761,-0.199278390,63.536556,0.000710681,-0.141644054
wheel,1780715236.828277349,82.879921675,-0.335493367,-0.199343552,1.104758429,63.297995,-0.335493367,-0.199343552,63.297995,0.000493249,-0.142306448
rtabmap,1780715236.832993507,83.435160875,-0.067870274,-0.434277117,-3.137293339,-179.753667,0.419481679,0.130919893,-63.459672,-0.005220636,0.172593072
wheel,1780715236.848243713,82.899888039,-0.335493367,-0.199343552,1.100132137,63.032928,-0.335493367,-0.199343552,63.032928,0.000468586,-0.143200177
wheel,1780715236.868256330,82.919900656,-0.335493367,-0.199343552,1.100132137,63.032928,-0.335493367,-0.199343552,63.032928,0.000445157,-0.141768175
wheel,1780715236.888265371,82.939909697,-0.335393295,-0.199149211,1.090416925,62.476288,-0.335393295,-0.199149211,62.476288,0.000969126,-0.145205847
wheel,1780715236.908542156,82.960186481,-0.335325534,-0.199020195,1.083940116,62.105194,-0.335325534,-0.199020195,62.105194,0.001280001,-0.146947837
wheel,1780715236.928243637,82.979887962,-0.335291251,-0.198955900,1.077925937,61.760607,-0.335291251,-0.198955900,61.760607,0.001400910,-0.148530828
wheel,1780715236.948304415,82.999948740,-0.335221824,-0.198827773,1.070523871,61.336500,-0.335221824,-0.198827773,61.336500,0.001694120,-0.150735734
rtabmap,1780715236.966275454,83.568442822,-0.063948929,-0.438465238,-3.099137070,-177.567474,0.421499400,0.136290750,-61.273479,-0.029285982,0.286281854
wheel,1780715236.968258142,83.019902468,-0.335221824,-0.198827773,1.070523871,61.336500,-0.335221824,-0.198827773,61.336500,0.001609414,-0.149228377
wheel,1780715236.988237143,83.039881468,-0.335186386,-0.198764107,1.055257109,60.461779,-0.335186386,-0.198764107,60.461779,0.001711262,-0.155376130
wheel,1780715237.008329391,83.059973717,-0.335114073,-0.198637586,1.047855042,60.037671,-0.335114073,-0.198637586,60.037671,0.001988441,-0.157507372
wheel,1780715237.028236151,83.079880476,-0.335077435,-0.198574604,1.039990346,59.587058,-0.335077435,-0.198574604,59.587058,0.002071978,-0.159881882
wheel,1780715237.048256636,83.099900961,-0.335040302,-0.198511911,1.032125651,59.136444,-0.335040302,-0.198511911,59.136444,0.002150362,-0.162211574
wheel,1780715237.068245173,83.119889498,-0.335040302,-0.198511911,1.032125651,59.136444,-0.335040302,-0.198511911,59.136444,0.002042844,-0.160589459
wheel,1780715237.088251114,83.139895439,-0.335040302,-0.198511911,1.016396259,58.235216,-0.335040302,-0.198511911,58.235216,0.001940701,-0.166846486
wheel,1780715237.108263493,83.159907818,-0.335040302,-0.198511911,1.008994193,57.811109,-0.335040302,-0.198511911,57.811109,0.001843666,-0.168876633
wheel,1780715237.128264666,83.179908991,-0.334962215,-0.198388870,1.001592126,57.387002,-0.334962215,-0.198388870,57.387002,0.002116104,-0.170891950
wheel,1780715237.148337364,83.199981689,-0.334962215,-0.198388870,1.001592126,57.387002,-0.334962215,-0.198388870,57.387002,0.002010299,-0.169183031
wheel,1780715237.168246269,83.219890594,-0.334883219,-0.198266411,0.994190060,56.962894,-0.334883219,-0.198266411,56.962894,0.002275727,-0.171208723
wheel,1780715237.188232422,83.239876747,-0.334883219,-0.198266411,0.994190060,56.962894,-0.334883219,-0.198266411,56.962894,0.002161941,-0.169496636
wheel,1780715237.208282471,83.259926796,-0.335004377,-0.198448354,0.972446489,55.717080,-0.335004377,-0.198448354,55.717080,0.001508701,-0.178646833
wheel,1780715237.228352785,83.279997110,-0.335004377,-0.198448354,0.965044423,55.292972,-0.335004377,-0.198448354,55.292972,0.001433266,-0.180548606
rtabmap,1780715237.232920408,83.835087776,-0.058416780,-0.446840852,-2.995861305,-171.650209,0.426557798,0.144960710,-55.356213,-0.019395392,0.387316018
wheel,1780715237.248385191,83.300029516,-0.335004377,-0.198448354,0.965044423,55.292972,-0.335004377,-0.198448354,55.292972,0.001361603,-0.178743120
wheel,1780715237.272637606,83.324281931,-0.334920959,-0.198328862,0.957642356,54.868865,-0.334920959,-0.198328862,54.868865,0.001594005,-0.180008204
wheel,1780715237.288322449,83.339966774,-0.334920959,-0.198328862,0.957642356,54.868865,-0.334920959,-0.198328862,54.868865,0.001514304,-0.178208122
wheel,1780715237.309209585,83.360853910,-0.334878384,-0.198269731,0.935898786,53.623050,-0.334878384,-0.198269731,53.623050,0.001613025,-0.186836783
wheel,1780715237.328255415,83.379899740,-0.334618604,-0.197918100,0.933123011,53.464010,-0.334618604,-0.197918100,53.464010,0.002680048,-0.186425779
wheel,1780715237.348715305,83.400359631,-0.334968223,-0.198384526,0.922019911,52.827850,-0.334968223,-0.198384526,52.827850,0.001121719,-0.189987527
wheel,1780715237.368282318,83.419926643,-0.334968223,-0.198384526,0.922019911,52.827850,-0.334968223,-0.198384526,52.827850,0.001065633,-0.188087652
wheel,1780715237.388246059,83.439890385,-0.334923836,-0.198326743,0.909528924,52.112169,-0.334923836,-0.198326743,52.112169,0.001194825,-0.192463014
rtabmap,1780715237.399531126,84.001698494,-0.062239047,-0.448770911,-2.935218574,-168.175636,0.429981336,0.142388894,-51.881641,0.024380310,0.363978058
wheel,1780715237.408457756,83.460102081,-0.334923836,-0.198326743,0.903977374,51.794088,-0.334923836,-0.198326743,51.794088,0.001135084,-0.193285766
wheel,1780715237.428440094,83.480084419,-0.334923836,-0.198326743,0.903977374,51.794088,-0.334923836,-0.198326743,51.794088,0.001078329,-0.191352909
wheel,1780715237.448251486,83.499895811,-0.334923836,-0.198326743,0.893799533,51.210941,-0.334923836,-0.198326743,51.210941,0.001024413,-0.194576748
wheel,1780715237.468274117,83.519918442,-0.334923836,-0.198326743,0.893799533,51.210941,-0.334923836,-0.198326743,51.210941,0.000973192,-0.192630980
wheel,1780715237.488266468,83.539910793,-0.334923836,-0.198326743,0.885472208,50.733820,-0.334923836,-0.198326743,50.733820,0.000924533,-0.194866005
wheel,1780715237.508294106,83.559938431,-0.334831392,-0.198214089,0.881771175,50.521767,-0.334831392,-0.198214089,50.521767,0.001242171,-0.194765550
wheel,1780715237.528297424,83.579941750,-0.334831392,-0.198214089,0.878070141,50.309713,-0.334831392,-0.198214089,50.309713,0.001180063,-0.194668568
wheel,1780715237.548245668,83.599889994,-0.334738117,-0.198102122,0.874369108,50.097660,-0.334738117,-0.198102122,50.097660,0.001486168,-0.194576402
wheel,1780715237.568233728,83.619878054,-0.334738117,-0.198102122,0.874369108,50.097660,-0.334738117,-0.198102122,50.097660,0.001411860,-0.192630638
wheel,1780715237.588708162,83.640352488,-0.334644274,-0.197990632,0.867892300,49.726566,-0.334644274,-0.197990632,49.726566,0.001697299,-0.193869059
wheel,1780715237.608257532,83.659901857,-0.334549916,-0.197879577,0.865116525,49.567526,-0.334549916,-0.197879577,49.567526,0.001985061,-0.193349901
wheel,1780715237.628437996,83.680082321,-0.334502570,-0.197824191,0.861878121,49.381979,-0.334502570,-0.197824191,49.381979,0.002066314,-0.193020897
wheel,1780715237.648305655,83.699949980,-0.334455045,-0.197768959,0.858639717,49.196432,-0.334455045,-0.197768959,49.196432,0.002146409,-0.192721009
rtabmap,1780715237.666102409,84.268269777,-0.058227461,-0.450543851,-2.882143226,-165.134643,0.429793793,0.146770785,-48.840647,-0.013366676,0.199103996
wheel,1780715237.668246984,83.719891310,-0.334455045,-0.197768959,0.858639717,49.196432,-0.334455045,-0.197768959,49.196432,0.002039089,-0.190793798
wheel,1780715237.688254595,83.739898920,-0.334311705,-0.197603925,0.852625538,48.851845,-0.334311705,-0.197603925,48.851845,0.002483401,-0.191891770
wheel,1780715237.708245039,83.759889364,-0.334263646,-0.197549158,0.848461875,48.613285,-0.334263646,-0.197549158,48.613285,0.002541474,-0.192055629
wheel,1780715237.728819370,83.780463696,-0.334215359,-0.197494591,0.844298213,48.374724,-0.334215359,-0.197494591,48.374724,0.002591483,-0.192158884
wheel,1780715237.748952627,83.800596952,-0.334118306,-0.197385882,0.839671921,48.109657,-0.334118306,-0.197385882,48.109657,0.002823835,-0.192535240
wheel,1780715237.768424034,83.820068359,-0.334118306,-0.197385882,0.839671921,48.109657,-0.334118306,-0.197385882,48.109657,0.002682644,-0.190609887
wheel,1780715237.788349390,83.839993715,-0.333873608,-0.197115972,0.829031451,47.500003,-0.333873608,-0.197115972,47.500003,0.003463151,-0.194046447
wheel,1780715237.809140444,83.860784769,-0.333824220,-0.197062399,0.823017272,47.155416,-0.333824220,-0.197062399,47.155416,0.003465159,-0.194997598
wheel,1780715237.828321457,83.879965782,-0.333774511,-0.197009124,0.817003092,46.810829,-0.333774511,-0.197009124,46.810829,0.003482083,-0.196187127
wheel,1780715237.848258495,83.899902821,-0.333674430,-0.196903197,0.810526284,46.439735,-0.333674430,-0.196903197,46.439735,0.003672939,-0.197469348
rtabmap,1780715237.866088152,84.468255520,-0.053963516,-0.454601109,-2.832212666,-162.273832,0.431542428,0.152390825,-45.979837,-0.015402845,0.249670252
wheel,1780715237.868267059,83.919911385,-0.333674430,-0.196903197,0.810526284,46.439735,-0.333674430,-0.196903197,46.439735,0.003489292,-0.195494655
wheel,1780715237.888252974,83.939897299,-0.333573276,-0.196798295,0.796647410,45.644534,-0.333573276,-0.196798295,45.644534,0.003679405,-0.200484036
wheel,1780715237.908232689,83.959877014,-0.333573276,-0.196798295,0.796647410,45.644534,-0.333573276,-0.196798295,45.644534,0.003495434,-0.198479196
wheel,1780715237.928247929,83.979892254,-0.333624612,-0.196850004,0.781380647,44.769813,-0.333624612,-0.196850004,44.769813,0.003138661,-0.204121155
wheel,1780715237.948265553,83.999909878,-0.333572681,-0.196798892,0.773515952,44.319199,-0.333572681,-0.196798892,44.319199,0.003163740,-0.206009110
wheel,1780715237.968868017,84.020512342,-0.333572681,-0.196798892,0.773515952,44.319199,-0.333572681,-0.196798892,44.319199,0.003005553,-0.203949019
wheel,1780715237.988298416,84.039942741,-0.333572681,-0.196798892,0.757786560,43.417972,-0.333572681,-0.196798892,43.417972,0.002855276,-0.210003884
wheel,1780715238.008254528,84.059898853,-0.333625803,-0.196848764,0.749921865,42.967358,-0.333625803,-0.196848764,42.967358,0.002529966,-0.211844511
wheel,1780715238.028246403,84.079890728,-0.333679316,-0.196898217,0.742057169,42.516744,-0.333679316,-0.196898217,42.516744,0.002221225,-0.213660200
rtabmap,1780715238.032851458,84.635018826,-0.054187454,-0.458852142,-2.766192660,-158.491165,0.435452819,0.154073168,-42.197169,0.009040419,0.395890534
wheel,1780715238.051311016,84.102955341,-0.333679316,-0.196898217,0.742057169,42.516744,-0.333679316,-0.196898217,42.516744,0.002110164,-0.211523598
wheel,1780715238.068527460,84.120171785,-0.333247301,-0.196506872,0.730028811,41.827570,-0.333247301,-0.196506872,41.827570,0.003698630,-0.216399367
wheel,1780715238.088240623,84.139884949,-0.333792717,-0.196990027,0.719850969,41.244422,-0.333792717,-0.196990027,41.244422,0.001666753,-0.219395096
wheel,1780715238.108264685,84.159909010,-0.333792717,-0.196990027,0.712448903,40.820315,-0.333792717,-0.196990027,40.820315,0.001583415,-0.220897819
wheel,1780715238.128252745,84.179897070,-0.333848045,-0.197037440,0.704584207,40.369701,-0.333848045,-0.197037440,40.369701,0.001321995,-0.222623115
wheel,1780715238.148362160,84.200006485,-0.333903722,-0.197084443,0.697644770,39.972101,-0.333903722,-0.197084443,39.972101,0.001074707,-0.223848092
wheel,1780715238.168354750,84.219999075,-0.333903722,-0.197084443,0.697644770,39.972101,-0.333903722,-0.197084443,39.972101,0.001020971,-0.221609612
wheel,1780715238.188290834,84.239935160,-0.334016049,-0.197177284,0.683765895,39.176900,-0.334016049,-0.197177284,39.176900,0.000603944,-0.226364538
wheel,1780715238.208287239,84.259931564,-0.334016049,-0.197177284,0.677289087,38.805806,-0.334016049,-0.197177284,38.805806,0.000573747,-0.227334250
wheel,1780715238.229030132,84.280674458,-0.334129906,-0.197268241,0.670812279,38.434712,-0.334129906,-0.197268241,38.434712,0.000193775,-0.228183438
wheel,1780715238.248272419,84.299916744,-0.334244351,-0.197358458,0.664335470,38.063619,-0.334244351,-0.197358458,38.063619,-0.000194562,-0.229267361
wheel,1780715238.268346786,84.319991112,-0.334244351,-0.197358458,0.664335470,38.063619,-0.334244351,-0.197358458,38.063619,-0.000184834,-0.226974688
wheel,1780715238.288467884,84.340112209,-0.334359625,-0.197447613,0.652307112,37.374444,-0.334359625,-0.197447613,37.374444,-0.000537668,-0.230682074
rtabmap,1780715238.299704075,84.901871443,-0.049081750,-0.463240385,-2.670562613,-153.011967,0.437125312,0.160594491,-36.717971,-0.011771383,0.358362556
wheel,1780715238.308287621,84.359931946,-0.334417641,-0.197491696,0.647218192,37.082871,-0.334417641,-0.197491696,37.082871,-0.000694589,-0.230942671
wheel,1780715238.328287125,84.379931450,-0.334417641,-0.197491696,0.641666642,36.764790,-0.334417641,-0.197491696,36.764790,-0.000659859,-0.231409617
wheel,1780715238.348401070,84.400045395,-0.334417641,-0.197491696,0.637040350,36.499723,-0.334417641,-0.197491696,36.499723,-0.000626866,-0.231396218
wheel,1780715238.368261099,84.419905424,-0.334417641,-0.197491696,0.637040350,36.499723,-0.334417641,-0.197491696,36.499723,-0.000595523,-0.229082255
wheel,1780715238.388459682,84.440104008,-0.334417641,-0.197491696,0.637040350,36.499723,-0.334417641,-0.197491696,36.499723,-0.000565747,-0.226791433
wheel,1780715238.408246756,84.459891081,-0.334064529,-0.197233932,0.624086734,35.757536,-0.334064529,-0.197233932,35.757536,0.000566678,-0.231066554
wheel,1780715238.428269625,84.479913950,-0.334301595,-0.197403480,0.617609926,35.386442,-0.334301595,-0.197403480,35.386442,-0.000189439,-0.231990478
wheel,1780715238.450151205,84.501795530,-0.334242104,-0.197361409,0.613446263,35.147882,-0.334242104,-0.197361409,35.147882,-0.000013387,-0.231574344
wheel,1780715238.468338251,84.519982576,-0.334242104,-0.197361409,0.613446263,35.147882,-0.334242104,-0.197361409,35.147882,-0.000012718,-0.229258601
wheel,1780715238.488404036,84.540048361,-0.334062817,-0.197236354,0.604656309,34.644255,-0.334062817,-0.197236354,34.644255,0.000532459,-0.231345386
wheel,1780715238.508257866,84.559902191,-0.333882723,-0.197112464,0.600492647,34.405694,-0.333882723,-0.197112464,34.405694,0.001055356,-0.231125345
wheel,1780715238.528275728,84.579920053,-0.333762299,-0.197030398,0.595866355,34.140627,-0.333762299,-0.197030398,34.140627,0.001366597,-0.231125256
wheel,1780715238.548287868,84.599932194,-0.333520693,-0.196867384,0.591240064,33.875560,-0.333520693,-0.196867384,33.875560,0.002026388,-0.231125498
wheel,1780715238.568275213,84.619919538,-0.333520693,-0.196867384,0.591240064,33.875560,-0.333520693,-0.196867384,33.875560,0.001925069,-0.228814243
wheel,1780715238.588269472,84.639913797,-0.333035083,-0.196544941,0.581062222,33.292413,-0.333035083,-0.196544941,33.292413,0.003286342,-0.231615875
rtabmap,1780715238.599882603,85.202049971,-0.045470849,-0.464828432,-2.597058754,-148.800506,0.436949501,0.164535251,-32.506510,-0.008318434,0.244866982
wheel,1780715238.608237743,84.659882069,-0.332913050,-0.196465287,0.575510672,32.974333,-0.332913050,-0.196465287,32.974333,0.003486893,-0.232079670
wheel,1780715238.629059553,84.680703878,-0.332913050,-0.196465287,0.575510672,32.974333,-0.332913050,-0.196465287,32.974333,0.003312549,-0.229758873
wheel,1780715238.649207354,84.700851679,-0.332790577,-0.196386312,0.569959122,32.656252,-0.332790577,-0.196386312,32.656252,0.003508531,-0.230216403
wheel,1780715238.669001102,84.720645428,-0.332606240,-0.196268829,0.564870202,32.364679,-0.332606240,-0.196268829,32.364679,0.003885485,-0.230486173
wheel,1780715238.688261032,84.739905357,-0.332297391,-0.196075589,0.553304473,31.702011,-0.332297391,-0.196075589,31.702011,0.004636612,-0.234183859
wheel,1780715238.709530354,84.761174679,-0.332297391,-0.196075589,0.553304473,31.702011,-0.332297391,-0.196075589,31.702011,0.004404782,-0.231842020
wheel,1780715238.728318930,84.779963255,-0.332048505,-0.195923922,0.541276114,31.012837,-0.332048505,-0.195923922,31.012837,0.004960046,-0.235924578
wheel,1780715238.748263359,84.799907684,-0.332111066,-0.195961276,0.535261935,30.668250,-0.332111066,-0.195961276,30.668250,0.004529382,-0.236580692
wheel,1780715238.768235445,84.819879770,-0.332111066,-0.195961276,0.535261935,30.668250,-0.332111066,-0.195961276,30.668250,0.004302913,-0.234214885
wheel,1780715238.788330078,84.839974403,-0.331985241,-0.195887758,0.522308319,29.926062,-0.331985241,-0.195887758,29.926062,0.004450450,-0.238320420
wheel,1780715238.808260441,84.859904766,-0.331921966,-0.195851627,0.515368882,29.528462,-0.331921966,-0.195851627,29.528462,0.004410724,-0.239419058
wheel,1780715238.828363657,84.880007982,-0.331858426,-0.195815965,0.507504186,29.077848,-0.331858426,-0.195815965,29.077848,0.004371587,-0.240940787
rtabmap,1780715238.833003044,85.435170412,-0.039301708,-0.467379153,-2.524258318,-144.629348,0.436503517,0.171196000,-28.335352,-0.016967954,0.312287003
wheel,1780715238.849515915,84.901160240,-0.331858426,-0.195815965,0.501027378,28.706754,-0.331858426,-0.195815965,28.706754,0.004153008,-0.241592027
wheel,1780715238.868760586,84.920404911,-0.331858426,-0.195815965,0.501027378,28.706754,-0.331858426,-0.195815965,28.706754,0.003945357,-0.239176107
wheel,1780715238.888244390,84.939888716,-0.332115024,-0.195954182,0.487148503,27.911553,-0.332115024,-0.195954182,27.911553,0.003000656,-0.243902756
wheel,1780715238.908348560,84.959992886,-0.332115024,-0.195954182,0.487148503,27.911553,-0.332115024,-0.195954182,27.911553,0.002850623,-0.241463728
wheel,1780715238.931340694,84.982985020,-0.332050394,-0.195920537,0.472806999,27.089846,-0.332050394,-0.195920537,27.089846,0.002866515,-0.245285432
wheel,1780715238.948781490,85.000425816,-0.332050394,-0.195920537,0.465404933,26.665738,-0.332050394,-0.195920537,26.665738,0.002723190,-0.247076630
wheel,1780715238.968260288,85.019904613,-0.332050394,-0.195920537,0.465404933,26.665738,-0.332050394,-0.195920537,26.665738,0.002587030,-0.244605864
wheel,1780715238.988336086,85.039980412,-0.332050394,-0.195920537,0.465404933,26.665738,-0.332050394,-0.195920537,26.665738,0.002457679,-0.242159805
wheel,1780715239.008347034,85.059991360,-0.332377649,-0.196080640,0.444586621,25.472937,-0.332377649,-0.196080640,25.472937,0.001424383,-0.250142908
wheel,1780715239.028328180,85.079972506,-0.332575317,-0.196173968,0.437647183,25.075337,-0.332575317,-0.196173968,25.075337,0.000806096,-0.251114927
wheel,1780715239.048979282,85.100623608,-0.332575317,-0.196173968,0.433020892,24.810270,-0.332575317,-0.196173968,24.810270,0.000765791,-0.250843761
wheel,1780715239.068258524,85.119902849,-0.332575317,-0.196173968,0.433020892,24.810270,-0.332575317,-0.196173968,24.810270,0.000727502,-0.248335323
wheel,1780715239.088318110,85.139962435,-0.332509002,-0.196143776,0.421455163,24.147602,-0.332509002,-0.196143776,24.147602,0.000872765,-0.251618274
rtabmap,1780715239.099565506,85.701732874,-0.034668777,-0.470704377,-2.432361266,-139.364035,0.437432407,0.176822573,-23.070039,-0.006951314,0.344748348
wheel,1780715239.108264208,85.159908533,-0.332642143,-0.196203023,0.415903613,23.829522,-0.332642143,-0.196203023,23.829522,0.000463861,-0.251885068
wheel,1780715239.129215717,85.180860043,-0.332642143,-0.196203023,0.415903613,23.829522,-0.332642143,-0.196203023,23.829522,0.000440668,-0.249366217
wheel,1780715239.148314238,85.199958563,-0.333176663,-0.196435565,0.404800513,23.193361,-0.333176663,-0.196435565,23.193361,-0.001107338,-0.252685784
wheel,1780715239.168270111,85.219914436,-0.333176663,-0.196435565,0.404800513,23.193361,-0.333176663,-0.196435565,23.193361,-0.001051971,-0.250158926
wheel,1780715239.188887835,85.240532160,-0.333445145,-0.196548986,0.394622672,22.610214,-0.333445145,-0.196548986,22.610214,-0.001706199,-0.252593903
wheel,1780715239.208307505,85.259951830,-0.333445145,-0.196548986,0.394622672,22.610214,-0.333445145,-0.196548986,22.610214,-0.001620889,-0.250067964
wheel,1780715239.228263617,85.279907942,-0.333445145,-0.196548986,0.384444830,22.027066,-0.333445145,-0.196548986,22.027066,-0.001539845,-0.252667031
wheel,1780715239.253539801,85.305184126,-0.333445145,-0.196548986,0.380743797,21.815013,-0.333445145,-0.196548986,21.815013,-0.001462852,-0.251604585
wheel,1780715239.268243551,85.319887877,-0.333445145,-0.196548986,0.376117505,21.549946,-0.333445145,-0.196548986,21.549946,-0.001389710,-0.252234465
wheel,1780715239.288365364,85.340009689,-0.333512983,-0.196575578,0.371028584,21.258372,-0.333512983,-0.196575578,21.258372,-0.001501370,-0.252242406
wheel,1780715239.308260441,85.359904766,-0.333580956,-0.196601824,0.365939664,20.966798,-0.333580956,-0.196601824,20.966798,-0.001609341,-0.252276728
wheel,1780715239.328299999,85.379944324,-0.333649062,-0.196627723,0.360850743,20.675225,-0.333649062,-0.196627723,20.675225,-0.001710692,-0.252293640
rtabmap,1780715239.332783937,85.934951305,-0.030387223,-0.472506970,-2.371677907,-135.887134,0.437151860,0.181459635,-19.593139,-0.008897948,0.260199785
wheel,1780715239.348539352,85.400183678,-0.333580826,-0.196602171,0.355761822,20.383651,-0.333580826,-0.196602171,20.383651,-0.001445166,-0.252284866
wheel,1780715239.368255138,85.419899464,-0.333580826,-0.196602171,0.355761822,20.383651,-0.333580826,-0.196602171,20.383651,-0.001372908,-0.249762017
wheel,1780715239.388469934,85.440114260,-0.333307107,-0.196502047,0.345583981,19.800504,-0.333307107,-0.196502047,19.800504,-0.000583330,-0.252299482
wheel,1780715239.408250093,85.459894419,-0.333032609,-0.196404078,0.340032431,19.482423,-0.333032609,-0.196404078,19.482423,0.000182540,-0.252582977
wheel,1780715239.428371906,85.480016232,-0.333032609,-0.196404078,0.340032431,19.482423,-0.333032609,-0.196404078,19.482423,0.000173413,-0.250057147
wheel,1780715239.448243856,85.499888182,-0.332826081,-0.196332462,0.327541444,18.766742,-0.332826081,-0.196332462,18.766742,0.000714514,-0.253839676
wheel,1780715239.468434334,85.520078659,-0.332826081,-0.196332462,0.327541444,18.766742,-0.332826081,-0.196332462,18.766742,0.000678788,-0.251301279
wheel,1780715239.488240242,85.539884567,-0.332618643,-0.196263528,0.314125198,17.998048,-0.332618643,-0.196263528,17.998048,0.001196565,-0.255560659
wheel,1780715239.509290695,85.560935020,-0.332618643,-0.196263528,0.314125198,17.998048,-0.332618643,-0.196263528,17.998048,0.001136737,-0.253005052
wheel,1780715239.528249741,85.579894066,-0.332201985,-0.196131140,0.301171582,17.255861,-0.332201985,-0.196131140,17.255861,0.002232813,-0.257307078
wheel,1780715239.548249006,85.599893332,-0.332062677,-0.196088362,0.294694773,16.884767,-0.332062677,-0.196088362,16.884767,0.002485493,-0.257972415
wheel,1780715239.568232298,85.619876623,-0.332062677,-0.196088362,0.294694773,16.884767,-0.332062677,-0.196088362,16.884767,0.002361219,-0.255392691
wheel,1780715239.588234663,85.639878988,-0.331992813,-0.196067667,0.281278528,16.116073,-0.331992813,-0.196067667,16.116073,0.002425283,-0.259545614
rtabmap,1780715239.599428415,86.201595783,-0.026204133,-0.473171324,-2.287373654,-131.056857,0.435894461,0.185504206,-14.762861,-0.009529117,0.316167146
wheel,1780715239.609197617,85.660841942,-0.331992813,-0.196067667,0.281278528,16.116073,-0.331992813,-0.196067667,16.116073,0.002304019,-0.256950157
wheel,1780715239.628288031,85.679932356,-0.332133110,-0.196107082,0.266474395,15.267858,-0.332133110,-0.196107082,15.267858,0.001807111,-0.262135984
wheel,1780715239.650460243,85.702104568,-0.332133110,-0.196107082,0.266474395,15.267858,-0.332133110,-0.196107082,15.267858,0.001716755,-0.259514624
wheel,1780715239.668264866,85.719909191,-0.331288232,-0.195881910,0.254446037,14.578684,-0.331288232,-0.195881910,14.578684,0.004086570,-0.263675771
wheel,1780715239.688261271,85.739905596,-0.331923689,-0.196043890,0.244730824,14.022043,-0.331923689,-0.196043890,14.022043,0.002242602,-0.265897203
wheel,1780715239.708258629,85.759902954,-0.332135975,-0.196096019,0.236866129,13.571429,-0.332135975,-0.196096019,13.571429,0.001583952,-0.267170864
wheel,1780715239.728285789,85.779930115,-0.332277759,-0.196129691,0.229464062,13.147322,-0.332277759,-0.196129691,13.147322,0.001140915,-0.268195301
wheel,1780715239.748358965,85.800003290,-0.332348771,-0.196146018,0.222524625,12.749722,-0.332348771,-0.196146018,12.749722,0.000902354,-0.268970788
wheel,1780715239.773088455,85.824732780,-0.332348771,-0.196146018,0.222524625,12.749722,-0.332348771,-0.196146018,12.749722,0.000857236,-0.266281080
wheel,1780715239.788823605,85.840467930,-0.332562357,-0.196192532,0.206332604,11.821987,-0.332562357,-0.196192532,11.821987,0.000119996,-0.273905347
wheel,1780715239.808280706,85.859925032,-0.332562357,-0.196192532,0.206332604,11.821987,-0.332562357,-0.196192532,11.821987,0.000113997,-0.271166293
wheel,1780715239.828249216,85.879893541,-0.332705198,-0.196221397,0.192453730,11.026786,-0.332705198,-0.196221397,11.026786,-0.000256576,-0.275404596
wheel,1780715239.848210096,85.899854422,-0.332705198,-0.196221397,0.192453730,11.026786,-0.332705198,-0.196221397,11.026786,-0.000243748,-0.272650550
wheel,1780715239.868283749,85.919928074,-0.332919879,-0.196262562,0.186439551,10.682199,-0.332919879,-0.196262562,10.682199,-0.000775997,-0.272919887
wheel,1780715239.888264179,85.939908504,-0.333278301,-0.196327855,0.173948563,9.966519,-0.333278301,-0.196327855,9.966519,-0.001648923,-0.276442523
rtabmap,1780715239.899294853,86.501462221,-0.020176303,-0.476764530,-2.176277981,-124.691543,0.436445697,0.192500063,-8.397548,-0.004167323,0.370483518
wheel,1780715239.908261776,85.959906101,-0.333350097,-0.196340283,0.168859643,9.674945,-0.333350097,-0.196340283,9.674945,-0.001748659,-0.276222864
wheel,1780715239.928247929,85.979892254,-0.333493820,-0.196364375,0.163308093,9.356864,-0.333493820,-0.196364375,9.356864,-0.002025803,-0.276238367
wheel,1780715239.948657751,86.000302076,-0.333637674,-0.196387669,0.157756543,9.038784,-0.333637674,-0.196387669,9.038784,-0.002281539,-0.276196180
wheel,1780715239.968411446,86.020055771,-0.333637674,-0.196387669,0.157756543,9.038784,-0.333637674,-0.196387669,9.038784,-0.002167462,-0.273434218
wheel,1780715239.988252163,86.039896488,-0.334069805,-0.196453954,0.146653443,8.402623,-0.334069805,-0.196453954,8.402623,-0.003160759,-0.276295658
wheel,1780715240.009223938,86.060868263,-0.334069805,-0.196453954,0.146653443,8.402623,-0.334069805,-0.196453954,8.402623,-0.003002721,-0.273532701
wheel,1780715240.028293610,86.079937935,-0.334286189,-0.196484946,0.137863489,7.898996,-0.334286189,-0.196484946,7.898996,-0.003425525,-0.275405151
wheel,1780715240.051787376,86.103431702,-0.334286189,-0.196484946,0.137863489,7.898996,-0.334286189,-0.196484946,7.898996,-0.003254249,-0.272651099
wheel,1780715240.068276882,86.119921207,-0.334358405,-0.196494642,0.129073535,7.395369,-0.334358405,-0.196494642,7.395369,-0.003312580,-0.275257691
wheel,1780715240.088963032,86.140607357,-0.334430678,-0.196503904,0.125835131,7.209822,-0.334430678,-0.196503904,7.209822,-0.003323099,-0.274070879
wheel,1780715240.108237267,86.159881592,-0.334430678,-0.196503904,0.122134098,6.997768,-0.334430678,-0.196503904,6.997768,-0.003156944,-0.273249133
wheel,1780715240.128256559,86.179900885,-0.334430678,-0.196503904,0.117507806,6.732701,-0.334430678,-0.196503904,6.732701,-0.002999097,-0.272827751
wheel,1780715240.148354769,86.199999094,-0.334430678,-0.196503904,0.113806773,6.520648,-0.334430678,-0.196503904,6.520648,-0.002849142,-0.271941559
rtabmap,1780715240.166183710,86.768351078,-0.017500056,-0.479322165,-2.112259259,-121.023541,0.437553184,0.196032380,-4.729545,0.002172234,0.239870384
wheel,1780715240.168265581,86.219909906,-0.334430678,-0.196503904,0.113806773,6.520648,-0.334430678,-0.196503904,6.520648,-0.002706685,-0.269222143
wheel,1780715240.188233852,86.239878178,-0.334213404,-0.196479935,0.105942077,6.070034,-0.334213404,-0.196479935,6.070034,-0.002024074,-0.270468001
wheel,1780715240.208257675,86.259902000,-0.334140932,-0.196472381,0.101778415,5.831474,-0.334140932,-0.196472381,5.831474,-0.001740920,-0.269842750
wheel,1780715240.229217291,86.280861616,-0.333923426,-0.196450624,0.097614752,5.592913,-0.333923426,-0.196450624,5.592913,-0.001131909,-0.269132761
wheel,1780715240.248253345,86.299897671,-0.333778359,-0.196436757,0.092988461,5.327846,-0.333778359,-0.196436757,5.327846,-0.000692918,-0.268869340
wheel,1780715240.268310308,86.319954634,-0.333778359,-0.196436757,0.092988461,5.327846,-0.333778359,-0.196436757,5.327846,-0.000658272,-0.266180647
wheel,1780715240.290122032,86.341766357,-0.333342862,-0.196398378,0.082810619,4.744699,-0.333342862,-0.196398378,4.744699,0.000376622,-0.268184148
wheel,1780715240.308306217,86.359950542,-0.333342862,-0.196398378,0.082810619,4.744699,-0.333342862,-0.196398378,4.744699,0.000357791,-0.265502306
wheel,1780715240.328250170,86.379894495,-0.332979622,-0.196370343,0.071244890,4.082032,-0.332979622,-0.196370343,4.082032,0.001253121,-0.268645498
wheel,1780715240.348308563,86.399952888,-0.332834230,-0.196360440,0.064768082,3.710938,-0.332834230,-0.196360440,3.710938,0.001553927,-0.269189824
wheel,1780715240.368307829,86.419952154,-0.332834230,-0.196360440,0.064768082,3.710938,-0.332834230,-0.196360440,3.710938,0.001476231,-0.266497926
wheel,1780715240.388254404,86.439898729,-0.332543269,-0.196343460,0.051814466,2.968750,-0.332543269,-0.196343460,2.968750,0.002132977,-0.270326792
wheel,1780715240.408261538,86.459905863,-0.332324937,-0.196332795,0.045800287,2.624163,-0.332324937,-0.196332795,2.624163,0.002572568,-0.270629291
wheel,1780715240.428256512,86.479900837,-0.332179341,-0.196326595,0.039323478,2.253069,-0.332179341,-0.196326595,2.253069,0.002808574,-0.271164187
rtabmap,1780715240.433023214,87.035190582,-0.011998937,-0.477715343,-2.039445930,-116.851644,0.433675745,0.200252529,-0.557649,-0.015785521,0.272873133
wheel,1780715240.448318958,86.499963284,-0.332179341,-0.196326595,0.032846670,1.881976,-0.332179341,-0.196326595,1.881976,0.002668145,-0.271679029
wheel,1780715240.468261242,86.519905567,-0.332179341,-0.196326595,0.032846670,1.881976,-0.332179341,-0.196326595,1.881976,0.002534738,-0.268962239
wheel,1780715240.488240480,86.539884806,-0.332252181,-0.196328465,0.018505166,1.060268,-0.332252181,-0.196328465,1.060268,0.002225673,-0.273449963
wheel,1780715240.508253574,86.559897900,-0.332179325,-0.196327370,0.011565729,0.662667,-0.332179325,-0.196327370,0.662667,0.002296457,-0.274183408
wheel,1780715240.528244495,86.579888821,-0.332106463,-0.196326780,0.004626292,0.265067,-0.332106463,-0.196326780,0.265067,0.002363857,-0.274912496
wheel,1780715240.548256159,86.599900484,-0.331960735,-0.196326645,-0.002775775,-0.159040,-0.331960735,-0.196326645,-0.159040,0.002609790,-0.275862423
wheel,1780715240.568268061,86.619912386,-0.331960735,-0.196326645,-0.002775775,-0.159040,-0.331960735,-0.196326645,-0.159040,0.002479300,-0.273103799
wheel,1780715240.588266134,86.639910460,-0.332252177,-0.196323679,-0.017579908,-1.007255,-0.332252177,-0.196323679,-1.007255,0.001626624,-0.277775541
wheel,1780715240.608301640,86.659945965,-0.332252177,-0.196323679,-0.024056716,-1.378348,-0.332252177,-0.196323679,-1.378348,0.001545293,-0.278230297
wheel,1780715240.628451109,86.680095434,-0.332252177,-0.196323679,-0.024056716,-1.378348,-0.332252177,-0.196323679,-1.378348,0.001468028,-0.275447994
wheel,1780715240.648250103,86.699894428,-0.331960869,-0.196332981,-0.039786108,-2.279576,-0.331960869,-0.196332981,-2.279576,0.002130231,-0.280633369
wheel,1780715240.668252230,86.719896555,-0.331960869,-0.196332981,-0.039786108,-2.279576,-0.331960869,-0.196332981,-2.279576,0.002023720,-0.277827036
wheel,1780715240.688374519,86.740018845,-0.331888087,-0.196336435,-0.055052870,-3.154297,-0.331888087,-0.196336435,-3.154297,0.002103615,-0.282636925
wheel,1780715240.709329367,86.760973692,-0.331888087,-0.196336435,-0.055052870,-3.154297,-0.331888087,-0.196336435,-3.154297,0.001998434,-0.279810555
wheel,1780715240.728250742,86.779895067,-0.332324393,-0.196308745,-0.071707519,-4.108538,-0.332324393,-0.196308745,-4.108538,0.000743362,-0.285813592
rtabmap,1780715240.732890844,87.335058212,-0.005455761,-0.475679070,-1.925399160,-110.317246,0.428951681,0.205216678,5.976750,-0.015914211,0.380323738
wheel,1780715240.748248577,86.799892902,-0.332251732,-0.196314184,-0.077721698,-4.453125,-0.332251732,-0.196314184,-4.453125,0.000888383,-0.285963014
wheel,1780715240.768309355,86.819953680,-0.332251732,-0.196314184,-0.077721698,-4.453125,-0.332251732,-0.196314184,-4.453125,0.000843964,-0.283103384
wheel,1780715240.788298845,86.839943171,-0.332324334,-0.196308005,-0.092063202,-5.274833,-0.332324334,-0.196308005,-5.274833,0.000619553,-0.287445161
wheel,1780715240.808307409,86.859951735,-0.332541939,-0.196287255,-0.098077381,-5.619420,-0.332541939,-0.196287255,-5.619420,0.000042303,-0.287576656
wheel,1780715240.828321457,86.879965782,-0.332541939,-0.196287255,-0.098077381,-5.619420,-0.332541939,-0.196287255,-5.619420,0.000040187,-0.284700889
wheel,1780715240.848340988,86.899985313,-0.332831901,-0.196257776,-0.104554190,-5.990514,-0.332831901,-0.196257776,-5.990514,-0.000689639,-0.285088624
wheel,1780715240.868301153,86.919945478,-0.333049230,-0.196234310,-0.110568369,-6.335101,-0.333049230,-0.196234310,-6.335101,-0.001202768,-0.285251045
wheel,1780715240.888286352,86.939930677,-0.332904460,-0.196250993,-0.118895694,-6.812221,-0.332904460,-0.196250993,-6.812221,-0.000778044,-0.286565230
wheel,1780715240.908236027,86.959880352,-0.332904460,-0.196250993,-0.118895694,-6.812221,-0.332904460,-0.196250993,-6.812221,-0.000739141,-0.283699578
wheel,1780715240.928250551,86.979894876,-0.332832133,-0.196259820,-0.123984614,-7.103795,-0.332832133,-0.196259820,-7.103795,-0.000520226,-0.283404227
wheel,1780715240.949799299,87.001443624,-0.332832133,-0.196259820,-0.125835131,-7.209822,-0.332832133,-0.196259820,-7.209822,-0.000494214,-0.281428867
wheel,1780715240.968928814,87.020573139,-0.332832133,-0.196259820,-0.125835131,-7.209822,-0.332832133,-0.196259820,-7.209822,-0.000469504,-0.278614579
wheel,1780715240.988256216,87.039900541,-0.332543015,-0.196296666,-0.127685648,-7.315849,-0.332543015,-0.196296666,-7.315849,0.000307867,-0.276785760
wheel,1780715241.008293152,87.059937477,-0.332326208,-0.196324551,-0.128148277,-7.342355,-0.332326208,-0.196324551,-7.342355,0.000837947,-0.274248791
wheel,1780715241.028254271,87.079898596,-0.332109415,-0.196352537,-0.128610906,-7.368862,-0.332109415,-0.196352537,-7.368862,0.001343575,-0.271738060
wheel,1780715241.048387527,87.100031853,-0.331964890,-0.196371228,-0.128610906,-7.368862,-0.331964890,-0.196371228,-7.368862,0.001638327,-0.269020679
wheel,1780715241.068292856,87.119937181,-0.331964890,-0.196371228,-0.128610906,-7.368862,-0.331964890,-0.196371228,-7.368862,0.001556411,-0.266330473
wheel,1780715241.088279963,87.139924288,-0.331531342,-0.196427500,-0.129536164,-7.421876,-0.331531342,-0.196427500,-7.421876,0.002572413,-0.264130162
rtabmap,1780715241.099704981,87.701872349,-0.001404483,-0.476537436,-1.861850657,-106.676185,0.427926611,0.209229019,9.617811,-0.001640365,0.173244521
wheel,1780715241.108264446,87.159908772,-0.331386835,-0.196446324,-0.129536164,-7.421876,-0.331386835,-0.196446324,-7.421876,0.002808344,-0.261488860
wheel,1780715241.129321575,87.180965900,-0.331386835,-0.196446324,-0.129536164,-7.421876,-0.331386835,-0.196446324,-7.421876,0.002667926,-0.258873972
wheel,1780715241.148255825,87.199900150,-0.331025622,-0.196493803,-0.131849310,-7.554409,-0.331025622,-0.196493803,-7.554409,0.003496174,-0.257506366
wheel,1780715241.168339729,87.219984055,-0.331025622,-0.196493803,-0.131849310,-7.554409,-0.331025622,-0.196493803,-7.554409,0.003321365,-0.254931303
wheel,1780715241.188324928,87.239969254,-0.330736748,-0.196532521,-0.134625085,-7.713449,-0.330736748,-0.196532521,-7.713449,0.003884460,-0.253770872
wheel,1780715241.208841324,87.260485649,-0.330736748,-0.196532521,-0.134625085,-7.713449,-0.330736748,-0.196532521,-7.713449,0.003690237,-0.251233163
wheel,1780715241.228987932,87.280632257,-0.330375827,-0.196582171,-0.138788747,-7.952009,-0.330375827,-0.196582171,-7.952009,0.004393364,-0.250749721
wheel,1780715241.249133825,87.300778151,-0.330159372,-0.196612662,-0.141101893,-8.084543,-0.330159372,-0.196612662,-8.084543,0.004716129,-0.249390231
wheel,1780715241.268268585,87.319912910,-0.330159372,-0.196612662,-0.141101893,-8.084543,-0.330159372,-0.196612662,-8.084543,0.004480323,-0.246896328
wheel,1780715241.289623499,87.341267824,-0.329510349,-0.196706539,-0.146190814,-8.376117,-0.329510349,-0.196706539,-8.376117,0.005791748,-0.246810413
wheel,1780715241.308320284,87.359964609,-0.329149976,-0.196760026,-0.148503960,-8.508650,-0.329149976,-0.196760026,-8.508650,0.006476372,-0.245579403
wheel,1780715241.329397678,87.381042004,-0.328861788,-0.196803550,-0.151279735,-8.667690,-0.328861788,-0.196803550,-8.667690,0.006843941,-0.244440538
wheel,1780715241.348347425,87.399991751,-0.328573722,-0.196847873,-0.154055510,-8.826731,-0.328573722,-0.196847873,-8.826731,0.007271195,-0.243461753
wheel,1780715241.368301153,87.419945478,-0.328573722,-0.196847873,-0.154055510,-8.826731,-0.328573722,-0.196847873,-8.826731,0.006907635,-0.241027135
wheel,1780715241.388258457,87.439902782,-0.327782024,-0.196972876,-0.159144430,-9.118304,-0.327782024,-0.196972876,-9.118304,0.008570470,-0.241166981
rtabmap,1780715241.399556875,88.001724243,0.000056145,-0.474351525,-1.830771922,-104.895504,0.425319845,0.209570210,11.398491,-0.008381173,0.103647366
wheel,1780715241.408269405,87.459913731,-0.327782024,-0.196972876,-0.159144430,-9.118304,-0.327782024,-0.196972876,-9.118304,0.008141947,-0.238755311
wheel,1780715241.428234577,87.479878902,-0.327062860,-0.197090011,-0.163770722,-9.383371,-0.327062860,-0.197090011,-9.383371,0.009559521,-0.238684801
wheel,1780715241.448247194,87.499891520,-0.326703483,-0.197149825,-0.166083868,-9.515905,-0.326703483,-0.197149825,-9.515905,0.009991761,-0.237453783
wheel,1780715241.468263388,87.519907713,-0.326344274,-0.197210637,-0.169322272,-9.701452,-0.326344274,-0.197210637,-9.701452,0.010402378,-0.236697387
wheel,1780715241.488236666,87.539880991,-0.325985235,-0.197272445,-0.171635418,-9.833985,-0.325985235,-0.197272445,-9.833985,0.010794126,-0.235488340
wheel,1780715241.511903048,87.563547373,-0.325985235,-0.197272445,-0.171635418,-9.833985,-0.325985235,-0.197272445,-9.833985,0.010254420,-0.233133457
wheel,1780715241.530420303,87.582064629,-0.325626340,-0.197335084,-0.173948563,-9.966519,-0.325626340,-0.197335084,-9.966519,0.010725621,-0.232051547
wheel,1780715241.548354626,87.599998951,-0.324980697,-0.197449925,-0.178112226,-10.205079,-0.324980697,-0.197449925,-10.205079,0.012017565,-0.232052587
wheel,1780715241.568282604,87.619926929,-0.324980697,-0.197449925,-0.178112226,-10.205079,-0.324980697,-0.197449925,-10.205079,0.011416687,-0.229732061
wheel,1780715241.588258028,87.639902353,-0.324550573,-0.197528178,-0.181813259,-10.417132,-0.324550573,-0.197528178,-10.417132,0.011939962,-0.229287202
wheel,1780715241.609690428,87.661334753,-0.324407271,-0.197554661,-0.183663776,-10.523159,-0.324407271,-0.197554661,-10.523159,0.011682947,-0.227857779
wheel,1780715241.628259659,87.679903984,-0.324192383,-0.197594732,-0.185051663,-10.602679,-0.324192383,-0.197594732,-10.602679,0.011687402,-0.226326633
wheel,1780715241.649425745,87.701070070,-0.324049155,-0.197621612,-0.185976921,-10.655693,-0.324049155,-0.197621612,-10.655693,0.011447251,-0.224500469
wheel,1780715241.668287516,87.719931841,-0.324049155,-0.197621612,-0.185976921,-10.655693,-0.324049155,-0.197621612,-10.655693,0.010874888,-0.222255465
wheel,1780715241.688262224,87.739906549,-0.323691195,-0.197689391,-0.188290067,-10.788226,-0.323691195,-0.197689391,-10.788226,0.011243142,-0.221191003
wheel,1780715241.708239555,87.759883881,-0.323619622,-0.197703046,-0.188752696,-10.814733,-0.323619622,-0.197703046,-10.814733,0.010863312,-0.219210620
wheel,1780715241.728282690,87.779927015,-0.323476495,-0.197730456,-0.189677955,-10.867746,-0.323476495,-0.197730456,-10.867746,0.010683718,-0.217480191
wheel,1780715241.748258352,87.799902678,-0.323476495,-0.197730456,-0.190603213,-10.920760,-0.323476495,-0.197730456,-10.920760,0.010149532,-0.215768571
rtabmap,1780715241.766093969,88.368261337,0.001463709,-0.470593214,-1.797789100,-103.005728,0.421326877,0.209167291,13.288268,-0.010896139,0.089986198
wheel,1780715241.768300056,87.819944382,-0.323476495,-0.197730456,-0.190603213,-10.920760,-0.323476495,-0.197730456,-10.920760,0.009642055,-0.213610885
wheel,1780715241.788297892,87.839942217,-0.323404954,-0.197744277,-0.191065842,-10.947266,-0.323404954,-0.197744277,-10.947266,0.009342117,-0.211706097
wheel,1780715241.808871031,87.860515356,-0.323404954,-0.197744277,-0.191065842,-10.947266,-0.323404954,-0.197744277,-10.947266,0.008875011,-0.209589036
wheel,1780715241.828289032,87.879933357,-0.323333419,-0.197758131,-0.191528471,-10.973773,-0.323333419,-0.197758131,-10.973773,0.008618883,-0.207731396
wheel,1780715241.848260880,87.899905205,-0.323333419,-0.197758131,-0.191528471,-10.973773,-0.323333419,-0.197758131,-10.973773,0.008187939,-0.205654082
wheel,1780715241.868260622,87.919904947,-0.323333419,-0.197758131,-0.191528471,-10.973773,-0.323333419,-0.197758131,-10.973773,0.007778542,-0.203597541
wheel,1780715241.888264418,87.939908743,-0.323333419,-0.197758131,-0.191528471,-10.973773,-0.323333419,-0.197758131,-10.973773,0.007389615,-0.201561566
wheel,1780715241.911965370,87.963609695,-0.323333419,-0.197758131,-0.191528471,-10.973773,-0.323333419,-0.197758131,-10.973773,0.007020134,-0.199545950
wheel,1780715241.928250074,87.979894400,-0.323333419,-0.197758131,-0.191528471,-10.973773,-0.323333419,-0.197758131,-10.973773,0.006669127,-0.197550491
wheel,1780715241.948250532,87.999894857,-0.323333419,-0.197758131,-0.191528471,-10.973773,-0.323333419,-0.197758131,-10.973773,0.006335671,-0.195574986
wheel,1780715241.968258142,88.019902468,-0.323333419,-0.197758131,-0.191528471,-10.973773,-0.323333419,-0.197758131,-10.973773,0.006018887,-0.193619236
wheel,1780715241.988237858,88.039882183,-0.323404947,-0.197744244,-0.191991100,-11.000280,-0.323404947,-0.197744244,-11.000280,0.005535596,-0.191914596
wheel,1780715242.008259773,88.059904099,-0.323404947,-0.197744244,-0.191991100,-11.000280,-0.323404947,-0.197744244,-11.000280,0.005258816,-0.189995450
wheel,1780715242.028257132,88.079901457,-0.323404947,-0.197744244,-0.191991100,-11.000280,-0.323404947,-0.197744244,-11.000280,0.004995875,-0.188095495
wheel,1780715242.048253059,88.099897385,-0.323404947,-0.197744244,-0.191991100,-11.000280,-0.323404947,-0.197744244,-11.000280,0.004746081,-0.186214540
wheel,1780715242.068260431,88.119904757,-0.323404947,-0.197744244,-0.191991100,-11.000280,-0.323404947,-0.197744244,-11.000280,0.004508777,-0.184352395
wheel,1780715242.088245630,88.139889956,-0.323404947,-0.197744244,-0.191991100,-11.000280,-0.323404947,-0.197744244,-11.000280,0.004283338,-0.182508871
rtabmap,1780715242.099556208,88.701723576,0.001959616,-0.470611244,-1.796363492,-102.924047,0.421123366,0.209619876,13.369949,-0.000281970,0.004276114
wheel,1780715242.110219717,88.161864042,-0.323404947,-0.197744244,-0.191991100,-11.000280,-0.323404947,-0.197744244,-11.000280,0.004069172,-0.180683782
wheel,1780715242.128463268,88.180107594,-0.323333425,-0.197758164,-0.192453730,-11.026786,-0.323333425,-0.197758164,-11.026786,0.004065377,-0.179130486
wheel,1780715242.150474548,88.202118874,-0.323333425,-0.197758164,-0.192453730,-11.026786,-0.323333425,-0.197758164,-11.026786,0.003862108,-0.177339181
wheel,1780715242.168294191,88.219938517,-0.323333425,-0.197758164,-0.192453730,-11.026786,-0.323333425,-0.197758164,-11.026786,0.003669003,-0.175565790
wheel,1780715242.188261509,88.239905834,-0.323333425,-0.197758164,-0.193378988,-11.079800,-0.323333425,-0.197758164,-11.079800,0.003485553,-0.174273413
wheel,1780715242.208289146,88.259933472,-0.323333425,-0.197758164,-0.193378988,-11.079800,-0.323333425,-0.197758164,-11.079800,0.003311275,-0.172530679
wheel,1780715242.228284597,88.279928923,-0.323333425,-0.197758164,-0.193378988,-11.079800,-0.323333425,-0.197758164,-11.079800,0.003145711,-0.170805372
wheel,1780715242.248299122,88.299943447,-0.323333425,-0.197758164,-0.193378988,-11.079800,-0.323333425,-0.197758164,-11.079800,0.002988426,-0.169097318
wheel,1780715242.268387318,88.320031643,-0.323333425,-0.197758164,-0.193378988,-11.079800,-0.323333425,-0.197758164,-11.079800,0.002839005,-0.167406345
wheel,1780715242.288277388,88.339921713,-0.323333425,-0.197758164,-0.193378988,-11.079800,-0.323333425,-0.197758164,-11.079800,0.002697054,-0.165732282
wheel,1780715242.308393955,88.360038280,-0.323333425,-0.197758164,-0.193378988,-11.079800,-0.323333425,-0.197758164,-11.079800,0.002562202,-0.164074959
wheel,1780715242.329610586,88.381254911,-0.323333425,-0.197758164,-0.193378988,-11.079800,-0.323333425,-0.197758164,-11.079800,0.002434092,-0.162434209
wheel,1780715242.351228476,88.402872801,-0.323404934,-0.197744177,-0.192916359,-11.053293,-0.323404934,-0.197744177,-11.053293,0.002143841,-0.160595841
wheel,1780715242.368250132,88.419894457,-0.323476450,-0.197730224,-0.192453730,-11.026786,-0.323476450,-0.197730224,-11.026786,0.001822636,-0.158718120
wheel,1780715242.390221596,88.441865921,-0.323476450,-0.197730224,-0.192453730,-11.026786,-0.323476450,-0.197730224,-11.026786,0.001731505,-0.157130939
rtabmap,1780715242.400009632,89.002177000,0.001482425,-0.470694989,-1.795442101,-102.871255,0.421409830,0.209229156,13.422741,0.000626888,0.003065602
wheel,1780715242.408244371,88.459888697,-0.323547965,-0.197716271,-0.192916359,-11.053293,-0.323547965,-0.197716271,-11.053293,0.001442804,-0.155816297
wheel,1780715242.428397417,88.480041742,-0.323547965,-0.197716271,-0.192916359,-11.053293,-0.323547965,-0.197716271,-11.053293,0.001370663,-0.154258134
wheel,1780715242.448484659,88.500128984,-0.323619475,-0.197702285,-0.193378988,-11.079800,-0.323619475,-0.197702285,-11.079800,0.001120927,-0.152945653
wheel,1780715242.468234062,88.519878387,-0.323619475,-0.197702285,-0.193378988,-11.079800,-0.323619475,-0.197702285,-11.079800,0.001064880,-0.151416196
wheel,1780715242.488241434,88.539885759,-0.323619475,-0.197702285,-0.193378988,-11.079800,-0.323619475,-0.197702285,-11.079800,0.001011636,-0.149902034
wheel,1780715242.510339975,88.561984301,-0.323619475,-0.197702285,-0.193378988,-11.079800,-0.323619475,-0.197702285,-11.079800,0.000961055,-0.148403014
wheel,1780715242.528707504,88.580351830,-0.323619475,-0.197702285,-0.193378988,-11.079800,-0.323619475,-0.197702285,-11.079800,0.000913002,-0.146918984
wheel,1780715242.548249006,88.599893332,-0.323619475,-0.197702285,-0.193378988,-11.079800,-0.323619475,-0.197702285,-11.079800,0.000867352,-0.145449794
wheel,1780715242.568259001,88.619903326,-0.323619475,-0.197702285,-0.193378988,-11.079800,-0.323619475,-0.197702285,-11.079800,0.000823984,-0.143995296
wheel,1780715242.588312864,88.639957190,-0.323619475,-0.197702285,-0.193378988,-11.079800,-0.323619475,-0.197702285,-11.079800,0.000782785,-0.142555343
wheel,1780715242.608273029,88.659917355,-0.323619475,-0.197702285,-0.193378988,-11.079800,-0.323619475,-0.197702285,-11.079800,0.000743646,-0.141129790
wheel,1780715242.628248453,88.679892778,-0.323619475,-0.197702285,-0.193378988,-11.079800,-0.323619475,-0.197702285,-11.079800,0.000706463,-0.139718492
wheel,1780715242.648381233,88.700025558,-0.323619475,-0.197702285,-0.193378988,-11.079800,-0.323619475,-0.197702285,-11.079800,0.000671140,-0.138321307
wheel,1780715242.670925140,88.722569466,-0.323619475,-0.197702285,-0.193378988,-11.079800,-0.323619475,-0.197702285,-11.079800,0.000637583,-0.136938094
wheel,1780715242.688880205,88.740524530,-0.323619475,-0.197702285,-0.193378988,-11.079800,-0.323619475,-0.197702285,-11.079800,0.000605704,-0.135568713
wheel,1780715242.708250999,88.759895325,-0.323619475,-0.197702285,-0.193378988,-11.079800,-0.323619475,-0.197702285,-11.079800,0.000575419,-0.134213026
wheel,1780715242.728248119,88.779892445,-0.323619475,-0.197702285,-0.193378988,-11.079800,-0.323619475,-0.197702285,-11.079800,0.000546648,-0.132870895
rtabmap,1780715242.733400345,89.335567713,0.001539609,-0.470696300,-1.794821296,-102.835685,0.421385675,0.209281004,13.458310,-0.000034416,0.001861893
wheel,1780715242.748299837,88.799944162,-0.323619475,-0.197702285,-0.193378988,-11.079800,-0.323619475,-0.197702285,-11.079800,0.000519316,-0.131542186
wheel,1780715242.769260406,88.820904732,-0.323619475,-0.197702285,-0.193378988,-11.079800,-0.323619475,-0.197702285,-11.079800,0.000493350,-0.130226765
wheel,1780715242.788281679,88.839926004,-0.323619475,-0.197702285,-0.193378988,-11.079800,-0.323619475,-0.197702285,-11.079800,0.000468682,-0.128924497
wheel,1780715242.808389902,88.860034227,-0.323619475,-0.197702285,-0.193378988,-11.079800,-0.323619475,-0.197702285,-11.079800,0.000445248,-0.127635252
wheel,1780715242.828327656,88.879971981,-0.323619475,-0.197702285,-0.193378988,-11.079800,-0.323619475,-0.197702285,-11.079800,0.000422986,-0.126358899
wheel,1780715242.848251581,88.899895906,-0.323619475,-0.197702285,-0.193378988,-11.079800,-0.323619475,-0.197702285,-11.079800,0.000401836,-0.125095310
wheel,1780715242.868300915,88.919945240,-0.323619475,-0.197702285,-0.193378988,-11.079800,-0.323619475,-0.197702285,-11.079800,0.000381745,-0.123844357
wheel,1780715242.891262054,88.942906380,-0.323619475,-0.197702285,-0.193378988,-11.079800,-0.323619475,-0.197702285,-11.079800,0.000362657,-0.122605914
wheel,1780715242.908311367,88.959955692,-0.323619475,-0.197702285,-0.193378988,-11.079800,-0.323619475,-0.197702285,-11.079800,0.000344525,-0.121379855
wheel,1780715242.928258896,88.979903221,-0.323619475,-0.197702285,-0.193378988,-11.079800,-0.323619475,-0.197702285,-11.079800,0.000327298,-0.120166056
wheel,1780715242.948306322,88.999950647,-0.323619475,-0.197702285,-0.193378988,-11.079800,-0.323619475,-0.197702285,-11.079800,0.000310933,-0.118964396
wheel,1780715242.968266487,89.019910812,-0.323619475,-0.197702285,-0.193378988,-11.079800,-0.323619475,-0.197702285,-11.079800,0.000295387,-0.117774752
wheel,1780715242.988259077,89.039903402,-0.323619475,-0.197702285,-0.193378988,-11.079800,-0.323619475,-0.197702285,-11.079800,0.000280617,-0.116597004
wheel,1780715243.008262634,89.059906960,-0.323619475,-0.197702285,-0.193378988,-11.079800,-0.323619475,-0.197702285,-11.079800,0.000266587,-0.115431034
wheel,1780715243.028257370,89.079901695,-0.323619475,-0.197702285,-0.193378988,-11.079800,-0.323619475,-0.197702285,-11.079800,0.000253257,-0.114276724
wheel,1780715243.048411608,89.100055933,-0.323619475,-0.197702285,-0.193378988,-11.079800,-0.323619475,-0.197702285,-11.079800,0.000240594,-0.113133956
wheel,1780715243.071229935,89.122874260,-0.323619475,-0.197702285,-0.193378988,-11.079800,-0.323619475,-0.197702285,-11.079800,0.000228565,-0.112002617
wheel,1780715243.088249445,89.139893770,-0.323619475,-0.197702285,-0.193378988,-11.079800,-0.323619475,-0.197702285,-11.079800,0.000217136,-0.110882591
wheel,1780715243.108323574,89.159967899,-0.323619475,-0.197702285,-0.193378988,-11.079800,-0.323619475,-0.197702285,-11.079800,0.000206280,-0.109773765
wheel,1780715243.128352880,89.179997206,-0.323619475,-0.197702285,-0.193378988,-11.079800,-0.323619475,-0.197702285,-11.079800,0.000195966,-0.108676027
rtabmap,1780715243.133045435,89.735212803,0.002247869,-0.470958889,-1.794707221,-102.829149,0.421307351,0.210032302,13.464846,0.000246908,0.000285573
wheel,1780715243.148245096,89.199889421,-0.323619475,-0.197702285,-0.193378988,-11.079800,-0.323619475,-0.197702285,-11.079800,0.000186167,-0.107589267
wheel,1780715243.168282747,89.219927073,-0.323619475,-0.197702285,-0.193378988,-11.079800,-0.323619475,-0.197702285,-11.079800,0.000176859,-0.106513374
wheel,1780715243.188383579,89.240027905,-0.323619475,-0.197702285,-0.193378988,-11.079800,-0.323619475,-0.197702285,-11.079800,0.000168016,-0.105448240
wheel,1780715243.208691597,89.260335922,-0.323619475,-0.197702285,-0.193378988,-11.079800,-0.323619475,-0.197702285,-11.079800,0.000159615,-0.104393758
wheel,1780715243.228270769,89.279915094,-0.323619475,-0.197702285,-0.193378988,-11.079800,-0.323619475,-0.197702285,-11.079800,0.000151634,-0.103349820
wheel,1780715243.250083923,89.301728249,-0.323619475,-0.197702285,-0.193378988,-11.079800,-0.323619475,-0.197702285,-11.079800,0.000144053,-0.102316322
wheel,1780715243.268273592,89.319917917,-0.323619475,-0.197702285,-0.193378988,-11.079800,-0.323619475,-0.197702285,-11.079800,0.000136850,-0.101293159
wheel,1780715243.288532972,89.340177298,-0.323619475,-0.197702285,-0.193378988,-11.079800,-0.323619475,-0.197702285,-11.079800,0.000130008,-0.100280227
wheel,1780715243.308251143,89.359895468,-0.323619475,-0.197702285,-0.193378988,-11.079800,-0.323619475,-0.197702285,-11.079800,0.000123507,-0.099277425
wheel,1780715243.328247547,89.379891872,-0.323690977,-0.197688266,-0.193841617,-11.106307,-0.323690977,-0.197688266,-11.106307,-0.000064850,-0.098515993
wheel,1780715243.348246813,89.399891138,-0.323690977,-0.197688266,-0.193841617,-11.106307,-0.323690977,-0.197688266,-11.106307,-0.000061608,-0.097530833
wheel,1780715243.368324518,89.419968843,-0.323762480,-0.197674247,-0.193378988,-11.079800,-0.323762480,-0.197674247,-11.079800,-0.000240052,-0.096325018
wheel,1780715243.388256788,89.439901114,-0.323833983,-0.197660227,-0.193841617,-11.106307,-0.323833983,-0.197660227,-11.106307,-0.000410756,-0.095593777
wheel,1780715243.408296585,89.459940910,-0.323833983,-0.197660227,-0.193841617,-11.106307,-0.323833983,-0.197660227,-11.106307,-0.000390218,-0.094637839
wheel,1780715243.428255558,89.479899883,-0.324048491,-0.197618169,-0.193378988,-11.079800,-0.324048491,-0.197618169,-11.079800,-0.000918207,-0.093459715
wheel,1780715243.448263884,89.499908209,-0.324119994,-0.197604150,-0.193841617,-11.106307,-0.324119994,-0.197604150,-11.106307,-0.001054390,-0.092756347
wheel,1780715243.468256235,89.519900560,-0.324262992,-0.197576079,-0.193841617,-11.106307,-0.324262992,-0.197576079,-11.106307,-0.001366121,-0.091828784
wheel,1780715243.488448620,89.540092945,-0.324262992,-0.197576079,-0.193841617,-11.106307,-0.324262992,-0.197576079,-11.106307,-0.001297815,-0.090910496
rtabmap,1780715243.499800444,90.101967812,0.001894220,-0.471798480,-1.794116687,-102.795314,0.422216730,0.210087164,13.498682,0.002446234,0.001609750
wheel,1780715243.509982109,89.561626434,-0.324191496,-0.197590131,-0.194304246,-11.132813,-0.324191496,-0.197590131,-11.132813,-0.001063753,-0.090216211
wheel,1780715243.529168367,89.580812693,-0.324120007,-0.197604216,-0.194766875,-11.159320,-0.324120007,-0.197604216,-11.159320,-0.000820684,-0.089555168
wheel,1780715243.548291445,89.599935770,-0.323905557,-0.197646572,-0.195229505,-11.185827,-0.323905557,-0.197646572,-11.185827,-0.000208088,-0.088901548
wheel,1780715243.568277836,89.619922161,-0.323333823,-0.197760181,-0.197080021,-11.291853,-0.323333823,-0.197760181,-11.291853,0.001260677,-0.088938476
wheel,1780715243.588242054,89.639886379,-0.323119472,-0.197803033,-0.197542650,-11.318360,-0.323119472,-0.197803033,-11.318360,0.001745006,-0.088280779
wheel,1780715243.608286142,89.659930468,-0.322690829,-0.197889033,-0.198467909,-11.371374,-0.322690829,-0.197889033,-11.371374,0.002748365,-0.087859604
wheel,1780715243.628283501,89.679927826,-0.322262307,-0.197975628,-0.200318425,-11.477400,-0.322262307,-0.197975628,-11.477400,0.003704274,-0.087906577
wheel,1780715243.648267269,89.699911594,-0.321762528,-0.198077465,-0.201706313,-11.556920,-0.321762528,-0.198077465,-11.556920,0.004795172,-0.087721993
wheel,1780715243.668278217,89.719922543,-0.321191541,-0.198194775,-0.203556829,-11.662947,-0.321191541,-0.198194775,-11.662947,0.006012106,-0.087769658
wheel,1780715243.689574003,89.741218328,-0.321191541,-0.198194775,-0.203556829,-11.662947,-0.321191541,-0.198194775,-11.662947,0.005711501,-0.086891961
wheel,1780715243.709697723,89.761342049,-0.319765032,-0.198492671,-0.208183121,-11.928014,-0.319765032,-0.198492671,-11.928014,0.009047118,-0.088322211
wheel,1780715243.728253126,89.779897451,-0.319194817,-0.198613676,-0.210033638,-12.034041,-0.319194817,-0.198613676,-12.034041,0.010165538,-0.088436307
wheel,1780715243.753019094,89.804663420,-0.319194817,-0.198613676,-0.210033638,-12.034041,-0.319194817,-0.198613676,-12.034041,0.009657261,-0.087551944
wheel,1780715243.768280745,89.819925070,-0.317841563,-0.198905762,-0.215122558,-12.325615,-0.317841563,-0.198905762,-12.325615,0.013710221,-0.090011031
wheel,1780715243.788244486,89.839888811,-0.317201064,-0.199046489,-0.217435704,-12.458148,-0.317201064,-0.199046489,-12.458148,0.014667051,-0.090269539
wheel,1780715243.808305264,89.859949589,-0.316560892,-0.199188698,-0.219748850,-12.590682,-0.316560892,-0.199188698,-12.590682,0.015568698,-0.090520282
wheel,1780715243.829215050,89.880859375,-0.316560892,-0.199188698,-0.219748850,-12.590682,-0.316560892,-0.199188698,-12.590682,0.014790263,-0.089615080
rtabmap,1780715243.832950830,90.435118198,0.007445778,-0.455499679,-1.764142482,-101.077919,0.405145106,0.207844320,15.216077,-0.051398896,0.089972205
wheel,1780715243.848210812,89.899855137,-0.315921051,-0.199332388,-0.222061996,-12.723215,-0.315921051,-0.199332388,-12.723215,0.015777340,-0.089936982
wheel,1780715243.868250370,89.919894695,-0.314642238,-0.199623613,-0.225763029,-12.935269,-0.314642238,-0.199623613,-12.935269,0.018260184,-0.090884080
wheel,1780715243.888252258,89.939896584,-0.314074178,-0.199754361,-0.226688287,-12.988282,-0.314074178,-0.199754361,-12.988282,0.018804180,-0.090437781
wheel,1780715243.909124136,89.960768461,-0.314074178,-0.199754361,-0.226688287,-12.988282,-0.314074178,-0.199754361,-12.988282,0.017863971,-0.089533403
wheel,1780715243.928380728,89.980025053,-0.313719236,-0.199836489,-0.228076175,-13.067802,-0.313719236,-0.199836489,-13.067802,0.017916642,-0.089358731
wheel,1780715243.948262453,89.999906778,-0.312796483,-0.200050449,-0.227613546,-13.041296,-0.312796483,-0.200050449,-13.041296,0.019402838,-0.088232467
wheel,1780715243.968240976,90.019885302,-0.312583518,-0.200099725,-0.227150916,-13.014789,-0.312583518,-0.200099725,-13.014789,0.018979751,-0.087118585
wheel,1780715243.989536762,90.041181087,-0.312370529,-0.200148904,-0.226688287,-12.988282,-0.312370529,-0.200148904,-12.988282,0.018544044,-0.086030138
wheel,1780715244.008297920,90.059942245,-0.312370529,-0.200148904,-0.226688287,-12.988282,-0.312370529,-0.200148904,-12.988282,0.017616842,-0.085169836
wheel,1780715244.028273821,90.079918146,-0.311944439,-0.200246768,-0.224837771,-12.882255,-0.311944439,-0.200246768,-12.882255,0.017830253,-0.083391785
wheel,1780715244.048292637,90.099936962,-0.311944439,-0.200246768,-0.224837771,-12.882255,-0.311944439,-0.200246768,-12.882255,0.016938741,-0.082557868
wheel,1780715244.068819046,90.120463371,-0.311802363,-0.200279192,-0.223912512,-12.829242,-0.311802363,-0.200279192,-12.829242,0.016447215,-0.081280974
wheel,1780715244.088259935,90.139904261,-0.311731307,-0.200295322,-0.222524625,-12.749722,-0.311731307,-0.200295322,-12.749722,0.015812010,-0.079755189
wheel,1780715244.108436823,90.160081148,-0.311731307,-0.200295322,-0.222524625,-12.749722,-0.311731307,-0.200295322,-12.749722,0.015021409,-0.078957638
wheel,1780715244.128256559,90.179900885,-0.311944521,-0.200247129,-0.222061996,-12.723215,-0.311944521,-0.200247129,-12.723215,0.013719861,-0.077935055
wheel,1780715244.148306370,90.199950695,-0.311944521,-0.200247129,-0.222061996,-12.723215,-0.311944521,-0.200247129,-12.723215,0.013033868,-0.077155704
wheel,1780715244.168289423,90.219933748,-0.312157734,-0.200198937,-0.222524625,-12.749722,-0.312157734,-0.200198937,-12.749722,0.011835289,-0.076615633
wheel,1780715244.189996004,90.241640329,-0.312584140,-0.200102453,-0.222524625,-12.749722,-0.312584140,-0.200102453,-12.749722,0.010236382,-0.075849477
wheel,1780715244.208257675,90.259902000,-0.313650096,-0.199860998,-0.222987254,-12.776229,-0.313650096,-0.199860998,-12.776229,0.006732218,-0.075344302
wheel,1780715244.228219032,90.279863358,-0.313650096,-0.199860998,-0.222987254,-12.776229,-0.313650096,-0.199860998,-12.776229,0.006395607,-0.074590859
rtabmap,1780715244.233368397,90.835535765,0.009338920,-0.454855472,-1.763218528,-101.024980,0.403728934,0.209256216,15.269016,-0.002487312,0.002307903
wheel,1780715244.248832464,90.300476789,-0.314431798,-0.199683931,-0.222524625,-12.749722,-0.314431798,-0.199683931,-12.749722,0.004131649,-0.073620514
wheel,1780715244.268250704,90.319895029,-0.316279939,-0.199267546,-0.220674108,-12.643695,-0.316279939,-0.199267546,-12.643695,-0.000952753,-0.071931378
wheel,1780715244.288271904,90.339916229,-0.317275506,-0.199045180,-0.218823592,-12.537668,-0.317275506,-0.199045180,-12.537668,-0.003452749,-0.070287752
wheel,1780715244.312209845,90.363854170,-0.317275506,-0.199045180,-0.218823592,-12.537668,-0.317275506,-0.199045180,-12.537668,-0.003280112,-0.069584875
wheel,1780715244.328249454,90.379893780,-0.319481444,-0.198559431,-0.214659929,-12.299108,-0.319481444,-0.198559431,-12.299108,-0.010156965,-0.066293318
wheel,1780715244.348407030,90.400051355,-0.320620856,-0.198312674,-0.211884154,-12.140068,-0.320620856,-0.198312674,-12.140068,-0.012542026,-0.064252809
wheel,1780715244.368204117,90.419848442,-0.320620856,-0.198312674,-0.211884154,-12.140068,-0.320620856,-0.198312674,-12.140068,-0.011914925,-0.063610281
wheel,1780715244.388255835,90.439900160,-0.322901491,-0.197827596,-0.207257863,-11.875001,-0.322901491,-0.197827596,-11.875001,-0.017133893,-0.060666751
wheel,1780715244.408321857,90.459966183,-0.322901491,-0.197827596,-0.207257863,-11.875001,-0.322901491,-0.197827596,-11.875001,-0.016277199,-0.060060084
wheel,1780715244.428255558,90.479899883,-0.324541580,-0.197483119,-0.206795233,-11.848494,-0.324541580,-0.197483119,-11.848494,-0.019666808,-0.059227407
wheel,1780715244.451241016,90.502885342,-0.324541580,-0.197483119,-0.206795233,-11.848494,-0.324541580,-0.197483119,-11.848494,-0.018683468,-0.058635133
wheel,1780715244.468291521,90.519935846,-0.325468406,-0.197287557,-0.209108379,-11.981028,-0.325468406,-0.197287557,-11.981028,-0.020527061,-0.059405444
wheel,1780715244.488243103,90.539887428,-0.325610931,-0.197257174,-0.210958896,-12.087054,-0.325610931,-0.197257174,-12.087054,-0.019865834,-0.059738694
wheel,1780715244.508332968,90.559977293,-0.325610931,-0.197257174,-0.210958896,-12.087054,-0.325610931,-0.197257174,-12.087054,-0.018872542,-0.059141307
wheel,1780715244.528240442,90.579884768,-0.325539714,-0.197272579,-0.215122558,-12.325615,-0.325539714,-0.197272579,-12.325615,-0.017745939,-0.060641051
rtabmap,1780715244.532966137,91.135133505,0.003190177,-0.478007317,-1.773088334,-101.590478,0.427209077,0.213999405,14.703517,0.079775095,-0.032942381
wheel,1780715244.548237085,90.599881411,-0.325468541,-0.197288183,-0.216510446,-12.405135,-0.325468541,-0.197288183,-12.405135,-0.016676453,-0.060728692
wheel,1780715244.568318367,90.619962692,-0.325326215,-0.197319489,-0.216510446,-12.405135,-0.325326215,-0.197319489,-12.405135,-0.015479729,-0.060121405
wheel,1780715244.588281155,90.639925480,-0.325041534,-0.197381968,-0.215585187,-12.352121,-0.325041534,-0.197381968,-12.352121,-0.013975769,-0.059056716
wheel,1780715244.608262062,90.659906387,-0.324685593,-0.197459657,-0.214197300,-12.272601,-0.324685593,-0.197459657,-12.272601,-0.012365277,-0.057771517
wheel,1780715244.630264044,90.681908369,-0.324685593,-0.197459657,-0.214197300,-12.272601,-0.324685593,-0.197459657,-12.272601,-0.011747013,-0.057193802
wheel,1780715244.648269892,90.699914217,-0.323189890,-0.197782488,-0.210958896,-12.087054,-0.323189890,-0.197782488,-12.087054,-0.006911875,-0.054823859
wheel,1780715244.669460535,90.721104860,-0.323189890,-0.197782488,-0.210958896,-12.087054,-0.323189890,-0.197782488,-12.087054,-0.006566281,-0.054275620
wheel,1780715244.688271761,90.739916086,-0.321408232,-0.198161867,-0.208645750,-11.954521,-0.321408232,-0.198161867,-11.954521,-0.001396601,-0.052503311
wheel,1780715244.708288908,90.759933233,-0.321408232,-0.198161867,-0.208645750,-11.954521,-0.321408232,-0.198161867,-11.954521,-0.001326771,-0.051978278
wheel,1780715244.728275061,90.779919386,-0.320410161,-0.198372703,-0.207720492,-11.901507,-0.320410161,-0.198372703,-11.901507,0.001291335,-0.050995589
wheel,1780715244.748238564,90.799882889,-0.318128410,-0.198852504,-0.206795233,-11.848494,-0.318128410,-0.198852504,-11.848494,0.007066064,-0.050022197
wheel,1780715244.768267155,90.819911480,-0.316916170,-0.199107117,-0.207257863,-11.875001,-0.316916170,-0.199107117,-11.875001,0.009805469,-0.049752990
wheel,1780715244.788272858,90.839917183,-0.315632686,-0.199377005,-0.207257863,-11.875001,-0.315632686,-0.199377005,-11.875001,0.012593028,-0.049255460
wheel,1780715244.808257818,90.859902143,-0.314278094,-0.199662827,-0.208645750,-11.954521,-0.314278094,-0.199662827,-11.954521,0.015426736,-0.049457313
wheel,1780715244.828247309,90.879891634,-0.313137552,-0.199904310,-0.208645750,-11.954521,-0.313137552,-0.199904310,-11.954521,0.017571495,-0.048962740
wheel,1780715244.848274708,90.899919033,-0.311569462,-0.200237076,-0.209571008,-12.007534,-0.311569462,-0.200237076,-12.007534,0.020695392,-0.048935159
wheel,1780715244.868278980,90.919923306,-0.311569462,-0.200237076,-0.209571008,-12.007534,-0.311569462,-0.200237076,-12.007534,0.019660622,-0.048445807
wheel,1780715244.890400410,90.942044735,-0.307793092,-0.201044853,-0.211884154,-12.140068,-0.307793092,-0.201044853,-12.140068,0.027406507,-0.049007041
rtabmap,1780715244.899797201,91.501964569,0.008380992,-0.450130343,-1.775030143,-101.701736,0.399917042,0.206304278,14.592260,-0.077287421,-0.005294262
wheel,1780715244.910212278,90.961856604,-0.306795907,-0.201259843,-0.212809413,-12.193081,-0.306795907,-0.201259843,-12.193081,0.028610579,-0.048983982
wheel,1780715244.928279638,90.979923964,-0.306795907,-0.201259843,-0.212809413,-12.193081,-0.306795907,-0.201259843,-12.193081,0.027180050,-0.048494142
wheel,1780715244.948383570,91.000027895,-0.303093561,-0.202065231,-0.215585187,-12.352121,-0.303093561,-0.202065231,-12.352121,0.035247317,-0.049390339
wheel,1780715244.968272209,91.019916534,-0.301599064,-0.202393596,-0.216973075,-12.431641,-0.301599064,-0.202393596,-12.431641,0.037335104,-0.049594876
wheel,1780715244.988259554,91.039903879,-0.299749205,-0.202802282,-0.217898333,-12.484655,-0.299749205,-0.202802282,-12.484655,0.040201586,-0.049561270
wheel,1780715245.008317947,91.059962273,-0.298042168,-0.203181901,-0.219748850,-12.590682,-0.298042168,-0.203181901,-12.590682,0.042552854,-0.049988694
wheel,1780715245.028330088,91.079974413,-0.296264647,-0.203580215,-0.221136737,-12.670202,-0.296264647,-0.203580215,-12.670202,0.044977973,-0.050182561
wheel,1780715245.048297882,91.099942207,-0.296264647,-0.203580215,-0.221136737,-12.670202,-0.296264647,-0.203580215,-12.670202,0.042729074,-0.049680736
wheel,1780715245.068293095,91.119937420,-0.292924999,-0.204338320,-0.225300400,-12.908762,-0.292924999,-0.204338320,-12.908762,0.049166118,-0.051268669
wheel,1780715245.089241505,91.140885830,-0.291149717,-0.204746496,-0.226688287,-12.988282,-0.291149717,-0.204746496,-12.988282,0.051052773,-0.051418072
wheel,1780715245.108286858,91.159931183,-0.289446083,-0.205141105,-0.228538804,-13.094309,-0.289446083,-0.205141105,-13.094309,0.053089452,-0.051875175
wheel,1780715245.128246546,91.179890871,-0.287672132,-0.205555028,-0.229926691,-13.173829,-0.287672132,-0.205555028,-13.173829,0.054997529,-0.052051669
wheel,1780715245.148282528,91.199926853,-0.286040627,-0.205938103,-0.231314579,-13.253349,-0.286040627,-0.205938103,-13.253349,0.056430411,-0.052223949
wheel,1780715245.168344975,91.219989300,-0.284409655,-0.206323441,-0.232702466,-13.332869,-0.284409655,-0.206323441,-13.332869,0.057784840,-0.052393378
wheel,1780715245.188278913,91.239923239,-0.282637443,-0.206744747,-0.234090354,-13.412389,-0.282637443,-0.206744747,-13.412389,0.059465789,-0.052565854
wheel,1780715245.209219694,91.260864019,-0.282637443,-0.206744747,-0.234090354,-13.412389,-0.282637443,-0.206744747,-13.412389,0.056492500,-0.052040196
wheel,1780715245.228302479,91.279946804,-0.279590922,-0.207476442,-0.237328758,-13.597936,-0.279590922,-0.207476442,-13.597936,0.061876740,-0.053216717
wheel,1780715245.248282433,91.299926758,-0.279590922,-0.207476442,-0.237328758,-13.597936,-0.279590922,-0.207476442,-13.597936,0.058782903,-0.052684550
wheel,1780715245.272234440,91.323878765,-0.277962297,-0.207871582,-0.238716645,-13.677456,-0.277962297,-0.207871582,-13.677456,0.059342541,-0.052737213
wheel,1780715245.288242102,91.339886427,-0.274281641,-0.208770904,-0.240567162,-13.783483,-0.274281641,-0.208770904,-13.783483,0.068207342,-0.053365585
wheel,1780715245.308296442,91.359940767,-0.274281641,-0.208770904,-0.240567162,-13.783483,-0.274281641,-0.208770904,-13.783483,0.064796975,-0.052831929
wheel,1780715245.328265190,91.379909515,-0.270744558,-0.209643820,-0.243342937,-13.942523,-0.270744558,-0.209643820,-13.942523,0.070680591,-0.053693852
wheel,1780715245.348281145,91.399925470,-0.269118339,-0.210048748,-0.244730824,-14.022043,-0.269118339,-0.210048748,-14.022043,0.071332707,-0.053850271
wheel,1780715245.369082451,91.420726776,-0.269118339,-0.210048748,-0.244730824,-14.022043,-0.269118339,-0.210048748,-14.022043,0.067766072,-0.053311768
wheel,1780715245.388244867,91.439889193,-0.267139166,-0.210543993,-0.245656083,-14.075057,-0.267139166,-0.210543993,-14.075057,0.069701461,-0.053261525
wheel,1780715245.408972740,91.460617065,-0.265019115,-0.211076574,-0.246581341,-14.128070,-0.265019115,-0.211076574,-14.128070,0.071488870,-0.053175257
wheel,1780715245.428278923,91.479923248,-0.263323469,-0.211504208,-0.247506599,-14.181084,-0.263323469,-0.211504208,-14.181084,0.072443777,-0.053122801
wheel,1780715245.448267937,91.499912262,-0.259368351,-0.212507512,-0.249357116,-14.287110,-0.259368351,-0.212507512,-14.287110,0.079029994,-0.053517506
wheel,1780715245.468244791,91.519889116,-0.257603193,-0.212957457,-0.249819745,-14.313617,-0.257603193,-0.212957457,-14.313617,0.079636253,-0.053213836
wheel,1780715245.489232779,91.540877104,-0.257603193,-0.212957457,-0.249819745,-14.313617,-0.257603193,-0.212957457,-14.313617,0.075654441,-0.052681697
wheel,1780715245.508277893,91.559922218,-0.253297224,-0.214059308,-0.251207633,-14.393137,-0.253297224,-0.214059308,-14.393137,0.083542807,-0.052883754
wheel,1780715245.529311180,91.580955505,-0.253297224,-0.214059308,-0.251207633,-14.393137,-0.253297224,-0.214059308,-14.393137,0.079365667,-0.052354916
wheel,1780715245.548255682,91.599900007,-0.249416638,-0.215059963,-0.253520778,-14.525671,-0.249416638,-0.215059963,-14.525671,0.085973465,-0.053052271
wheel,1780715245.573280096,91.624924421,-0.249416638,-0.215059963,-0.253520778,-14.525671,-0.249416638,-0.215059963,-14.525671,0.081674792,-0.052521749
wheel,1780715245.588285923,91.639930248,-0.244408952,-0.216358668,-0.253983408,-14.552177,-0.244408952,-0.216358668,-14.552177,0.094829680,-0.052304846
wheel,1780715245.608247519,91.659891844,-0.243139474,-0.216688211,-0.253983408,-14.552177,-0.243139474,-0.216688211,-14.552177,0.093373467,-0.051781797
wheel,1780715245.628265619,91.679909945,-0.240811958,-0.217291835,-0.253520778,-14.525671,-0.240811958,-0.217291835,-14.525671,0.094710431,-0.051032882
wheel,1780715245.648260355,91.699904680,-0.238766811,-0.217823239,-0.254908666,-14.605191,-0.238766811,-0.217823239,-14.605191,0.095259577,-0.051216762
wheel,1780715245.668265820,91.719910145,-0.236510504,-0.218411181,-0.254908666,-14.605191,-0.236510504,-0.218411181,-14.605191,0.096323578,-0.050704595
wheel,1780715245.688309908,91.739954233,-0.236510504,-0.218411181,-0.254908666,-14.605191,-0.236510504,-0.218411181,-14.605191,0.091507399,-0.050197549
rtabmap,1780715245.699699640,92.301867008,0.025523840,-0.374902070,-1.728162484,-99.016417,0.324878531,0.188348990,17.277579,-0.115611084,0.039136048
wheel,1780715245.708263397,91.759907722,-0.231857433,-0.219625964,-0.255833924,-14.658204,-0.231857433,-0.219625964,-14.658204,0.098982196,-0.050159264
wheel,1780715245.731278419,91.782922745,-0.231857433,-0.219625964,-0.255833924,-14.658204,-0.231857433,-0.219625964,-14.658204,0.094033087,-0.049657672
wheel,1780715245.748261929,91.799906254,-0.227204924,-0.220842900,-0.255833924,-14.658204,-0.227204924,-0.220842900,-14.658204,0.103489770,-0.049161095
wheel,1780715245.768269777,91.819914103,-0.227204924,-0.220842900,-0.255833924,-14.658204,-0.227204924,-0.220842900,-14.658204,0.098315281,-0.048669484
wheel,1780715245.788249493,91.839893818,-0.222551853,-0.222057684,-0.254908666,-14.605191,-0.222551853,-0.222057684,-14.605191,0.105436453,-0.047719607
wheel,1780715245.808327198,91.859971523,-0.220506952,-0.222590034,-0.254446037,-14.578684,-0.220506952,-0.222590034,-14.578684,0.105427707,-0.047011954
wheel,1780715245.828247786,91.879892111,-0.218320760,-0.223158086,-0.253983408,-14.552177,-0.218320760,-0.223158086,-14.552177,0.105823901,-0.046309675
wheel,1780715245.850498676,91.902143002,-0.218320760,-0.223158086,-0.253983408,-14.552177,-0.218320760,-0.223158086,-14.552177,0.100532706,-0.045846578
wheel,1780715245.870231152,91.921875477,-0.213453552,-0.224417957,-0.252595520,-14.472657,-0.213453552,-0.224417957,-14.472657,0.108242763,-0.044684914
wheel,1780715245.888315201,91.939959526,-0.211830955,-0.224837163,-0.253058149,-14.499164,-0.211830955,-0.224837163,-14.499164,0.107464194,-0.044493886
wheel,1780715245.908246994,91.959891319,-0.209714651,-0.225384443,-0.253058149,-14.499164,-0.209714651,-0.225384443,-14.499164,0.107574558,-0.044048947
wheel,1780715245.928263903,91.979908228,-0.207669013,-0.225913954,-0.253520778,-14.525671,-0.207669013,-0.225913954,-14.525671,0.107474140,-0.043839583
wheel,1780715245.948923111,92.000567436,-0.207669013,-0.225913954,-0.253520778,-14.525671,-0.207669013,-0.225913954,-14.525671,0.102100433,-0.043401187
wheel,1780715245.968319416,92.019963741,-0.202942884,-0.227137307,-0.253058149,-14.499164,-0.202942884,-0.227137307,-14.499164,0.109578154,-0.042728696
wheel,1780715245.988323927,92.039968252,-0.202237873,-0.227321365,-0.257684441,-14.764231,-0.202237873,-0.227321365,-14.764231,0.105921458,-0.044615329
wheel,1780715246.008234262,92.059878588,-0.199700141,-0.227985149,-0.253983408,-14.552177,-0.199700141,-0.227985149,-14.552177,0.107209611,-0.042311193
wheel,1780715246.028275490,92.079919815,-0.197866451,-0.228461155,-0.253983408,-14.552177,-0.197866451,-0.228461155,-14.552177,0.106575947,-0.041888082
wheel,1780715246.048250675,92.099895000,-0.196103393,-0.228919262,-0.254446037,-14.578684,-0.196103393,-0.228919262,-14.578684,0.105806214,-0.041700772
wheel,1780715246.070261002,92.121905327,-0.196103393,-0.228919262,-0.254446037,-14.578684,-0.196103393,-0.228919262,-14.578684,0.100515904,-0.041283765
wheel,1780715246.088918686,92.140563011,-0.194410959,-0.229359436,-0.254446037,-14.578684,-0.194410959,-0.229359436,-14.578684,0.100178461,-0.040870927
wheel,1780715246.111676455,92.163320780,-0.192507085,-0.229855071,-0.254908666,-14.605191,-0.192507085,-0.229855071,-14.605191,0.099489331,-0.040665382
wheel,1780715246.128265619,92.179909945,-0.189475722,-0.230647222,-0.256296553,-14.684711,-0.189475722,-0.230647222,-14.684711,0.103958381,-0.041095364
wheel,1780715246.148655415,92.200299740,-0.188065871,-0.231015991,-0.255371295,-14.631697,-0.188065871,-0.231015991,-14.631697,0.102333893,-0.040230641
wheel,1780715246.168341160,92.219985485,-0.188065871,-0.231015991,-0.255371295,-14.631697,-0.188065871,-0.231015991,-14.631697,0.097217198,-0.039828334
wheel,1780715246.188243389,92.239887714,-0.184751721,-0.231878764,-0.253983408,-14.552177,-0.184751721,-0.231878764,-14.552177,0.100959310,-0.038732748
rtabmap,1780715246.199651718,92.801819086,0.033778943,-0.321874022,-1.728049135,-99.009922,0.273680322,0.172259744,17.284074,-0.107343294,0.000226311
wheel,1780715246.208257675,92.259902000,-0.183834821,-0.232116556,-0.253520778,-14.525671,-0.183834821,-0.232116556,-14.525671,0.098277765,-0.038114269
wheel,1780715246.228239775,92.279884100,-0.182494575,-0.232463477,-0.253058149,-14.499164,-0.182494575,-0.232463477,-14.499164,0.096827857,-0.037501615
wheel,1780715246.248438358,92.300082684,-0.182494575,-0.232463477,-0.253058149,-14.499164,-0.182494575,-0.232463477,-14.499164,0.091986464,-0.037126599
wheel,1780715246.270235062,92.321879387,-0.181224641,-0.232791257,-0.252132891,-14.446151,-0.181224641,-0.232791257,-14.446151,0.090395911,-0.036330815
wheel,1780715246.288311243,92.339955568,-0.180095541,-0.233081574,-0.251207633,-14.393137,-0.180095541,-0.233081574,-14.393137,0.089100616,-0.035455682
wheel,1780715246.308248997,92.359893322,-0.178048684,-0.233606351,-0.250745003,-14.366630,-0.178048684,-0.233606351,-14.366630,0.089944218,-0.034869110
wheel,1780715246.329198360,92.380842686,-0.178048684,-0.233606351,-0.250745003,-14.366630,-0.178048684,-0.233606351,-14.366630,0.085447007,-0.034520419
wheel,1780715246.348247528,92.399891853,-0.176283943,-0.234057929,-0.250282374,-14.340124,-0.176283943,-0.234057929,-14.340124,0.085955914,-0.033932357
wheel,1780715246.369564295,92.421208620,-0.176283943,-0.234057929,-0.250282374,-14.340124,-0.176283943,-0.234057929,-14.340124,0.081658118,-0.033593034
wheel,1780715246.388278484,92.439922810,-0.175578004,-0.234238397,-0.250282374,-14.340124,-0.175578004,-0.234238397,-14.340124,0.079522122,-0.033257104
wheel,1780715246.408256292,92.459900618,-0.174307315,-0.234563240,-0.250282374,-14.340124,-0.174307315,-0.234563240,-14.340124,0.078828307,-0.032924533
wheel,1780715246.428338289,92.479982615,-0.173813188,-0.234689682,-0.250745003,-14.366630,-0.173813188,-0.234689682,-14.366630,0.076156792,-0.032825655
wheel,1780715246.448249102,92.499893427,-0.173389675,-0.234798158,-0.250745003,-14.366630,-0.173389675,-0.234798158,-14.366630,0.073446757,-0.032497398
wheel,1780715246.468242407,92.519886732,-0.172966162,-0.234906635,-0.250745003,-14.366630,-0.172966162,-0.234906635,-14.366630,0.070867811,-0.032172424
wheel,1780715246.488245010,92.539889336,-0.172683820,-0.234978953,-0.250745003,-14.366630,-0.172683820,-0.234978953,-14.366630,0.068052915,-0.031850700
wheel,1780715246.508261204,92.559905529,-0.172260307,-0.235087430,-0.250745003,-14.366630,-0.172260307,-0.235087430,-14.366630,0.065742372,-0.031532193
wheel,1780715246.528249741,92.579894066,-0.171836744,-0.235195711,-0.249819745,-14.313617,-0.171836744,-0.235195711,-14.313617,0.063548868,-0.030753965
wheel,1780715246.548244476,92.599888802,-0.171413131,-0.235303795,-0.249819745,-14.313617,-0.171413131,-0.235303795,-14.313617,0.061464595,-0.030446426
rtabmap,1780715246.566080570,93.168247938,0.034947328,-0.308157653,-1.733124247,-99.300705,0.260865577,0.167231200,16.993291,-0.037470028,-0.013850573
wheel,1780715246.568251371,92.619895697,-0.170918887,-0.235429780,-0.249357116,-14.287110,-0.170918887,-0.235429780,-14.287110,0.059666169,-0.029910705
wheel,1780715246.588266134,92.639910460,-0.170424584,-0.235555536,-0.248894487,-14.260604,-0.170424584,-0.235555536,-14.260604,0.057957072,-0.029380448
wheel,1780715246.608258009,92.659902334,-0.169859567,-0.235698865,-0.247969229,-14.207590,-0.169859567,-0.235698865,-14.207590,0.056517093,-0.028623826
wheel,1780715246.628509283,92.680153608,-0.169859567,-0.235698865,-0.247969229,-14.207590,-0.169859567,-0.235698865,-14.207590,0.053691238,-0.028337588
wheel,1780715246.648250103,92.699894428,-0.168234668,-0.236109057,-0.246581341,-14.128070,-0.168234668,-0.236109057,-14.128070,0.055251522,-0.027351132
wheel,1780715246.668317318,92.719961643,-0.167527985,-0.236286584,-0.245656083,-14.075057,-0.167527985,-0.236286584,-14.075057,0.054304253,-0.026616591
wheel,1780715246.688361406,92.740005732,-0.166679866,-0.236499225,-0.245656083,-14.075057,-0.166679866,-0.236499225,-14.075057,0.053770285,-0.026350425
wheel,1780715246.708283663,92.759927988,-0.166679866,-0.236499225,-0.245656083,-14.075057,-0.166679866,-0.236499225,-14.075057,0.051081771,-0.026086920
wheel,1780715246.729424477,92.781068802,-0.164559078,-0.237028863,-0.243805566,-13.969030,-0.164559078,-0.237028863,-13.969030,0.053697302,-0.024950772
wheel,1780715246.748269558,92.799913883,-0.163569149,-0.237275112,-0.243805566,-13.969030,-0.163569149,-0.237275112,-13.969030,0.053718937,-0.024701264
wheel,1780715246.772257566,92.823901892,-0.163569149,-0.237275112,-0.243805566,-13.969030,-0.163569149,-0.237275112,-13.969030,0.051032991,-0.024454251
wheel,1780715246.788277864,92.839922190,-0.160881889,-0.237942258,-0.242880308,-13.916017,-0.160881889,-0.237942258,-13.916017,0.057123632,-0.023632112
wheel,1780715246.814223528,92.865867853,-0.159820946,-0.238204870,-0.242417679,-13.889510,-0.159820946,-0.238204870,-13.889510,0.056373604,-0.023217492
wheel,1780715246.828251600,92.879895926,-0.158476931,-0.238536889,-0.241955049,-13.863003,-0.158476931,-0.238536889,-13.863003,0.058489211,-0.022655540
wheel,1780715246.848239899,92.899884224,-0.157132763,-0.238868286,-0.241492420,-13.836496,-0.157132763,-0.238868286,-13.836496,0.059027408,-0.022197562
rtabmap,1780715246.866130352,93.468297720,0.035956904,-0.291077793,-1.742396514,-99.831966,0.245105702,0.160570328,16.462029,-0.056718912,-0.030902715
wheel,1780715246.868288040,92.919932365,-0.155717607,-0.239216143,-0.240567162,-13.783483,-0.155717607,-0.239216143,-13.783483,0.059711834,-0.021513898
wheel,1780715246.888248682,92.939893007,-0.154302130,-0.239562691,-0.239641904,-13.730470,-0.154302130,-0.239562691,-13.730470,0.060375454,-0.020835367
wheel,1780715246.909404755,92.961049080,-0.152886333,-0.239907929,-0.238716645,-13.677456,-0.152886333,-0.239907929,-13.677456,0.060800803,-0.020189665
wheel,1780715246.928242922,92.979887247,-0.151257892,-0.240303822,-0.238254016,-13.650950,-0.151257892,-0.240303822,-13.650950,0.062208845,-0.019742188
wheel,1780715246.949714422,93.001358747,-0.149487647,-0.240733322,-0.237791387,-13.624443,-0.149487647,-0.240733322,-13.624443,0.063340498,-0.019329294
wheel,1780715246.970480204,93.022124529,-0.149487647,-0.240733322,-0.237791387,-13.624443,-0.149487647,-0.240733322,-13.624443,0.060173473,-0.019136001
wheel,1780715246.988271713,93.039916039,-0.145096213,-0.241793405,-0.235940870,-13.518416,-0.145096213,-0.241793405,-13.518416,0.069860159,-0.017904571
wheel,1780715247.008327723,93.059972048,-0.144175172,-0.242014615,-0.235478241,-13.491909,-0.144175172,-0.242014615,-13.491909,0.068729126,-0.017494807
wheel,1780715247.028260469,93.079904795,-0.142403742,-0.242439199,-0.235015612,-13.465403,-0.142403742,-0.242439199,-13.465403,0.069860839,-0.017087825
wheel,1780715247.048293352,93.099937677,-0.140490175,-0.242895981,-0.233627725,-13.385883,-0.140490175,-0.242895981,-13.385883,0.071278225,-0.016224117
wheel,1780715247.068251371,93.119895697,-0.138717962,-0.243317287,-0.233165095,-13.359376,-0.138717962,-0.243317287,-13.359376,0.072277953,-0.015830072
wheel,1780715247.088252068,93.139896393,-0.136874558,-0.243754166,-0.232239837,-13.306363,-0.136874558,-0.243754166,-13.306363,0.073399549,-0.015209208
wheel,1780715247.108247519,93.159891844,-0.135101763,-0.244173012,-0.231777208,-13.279856,-0.135101763,-0.244173012,-13.279856,0.074284939,-0.014825732
wheel,1780715247.128241301,93.179885626,-0.133257754,-0.244607332,-0.230851950,-13.226842,-0.133257754,-0.244607332,-13.226842,0.075308105,-0.014214724
wheel,1780715247.148255348,93.199899673,-0.131413344,-0.245039946,-0.229926691,-13.173829,-0.131413344,-0.245039946,-13.173829,0.076275654,-0.013610261
rtabmap,1780715247.166016340,93.768183708,0.040036533,-0.264613628,-1.753962614,-100.494655,0.219572527,0.152504827,15.799341,-0.089274302,-0.038568150
wheel,1780715247.168297529,93.219941854,-0.129497684,-0.245487869,-0.229464062,-13.147322,-0.129497684,-0.245487869,-13.147322,0.077371716,-0.013243243
wheel,1780715247.188251972,93.239896297,-0.127723733,-0.245901793,-0.229001433,-13.120816,-0.127723733,-0.245901793,-13.120816,0.078065734,-0.012879059
wheel,1780715247.208259106,93.259903431,-0.125878525,-0.246330993,-0.228076175,-13.067802,-0.125878525,-0.246330993,-13.067802,0.078897263,-0.012287772
wheel,1780715247.228255749,93.279900074,-0.124104001,-0.246742454,-0.227613546,-13.041296,-0.124104001,-0.246742454,-13.041296,0.079507116,-0.011933543
wheel,1780715247.248270035,93.299914360,-0.124104001,-0.246742454,-0.227613546,-13.041296,-0.124104001,-0.246742454,-13.041296,0.075531760,-0.011814208
wheel,1780715247.268277407,93.319921732,-0.120199631,-0.247645862,-0.227150916,-13.014789,-0.120199631,-0.247645862,-13.014789,0.081773636,-0.011464759
wheel,1780715247.288263321,93.339907646,-0.118566719,-0.248022895,-0.226688287,-12.988282,-0.118566719,-0.248022895,-12.988282,0.081876792,-0.011118678
wheel,1780715247.308284760,93.359929085,-0.118566719,-0.248022895,-0.226688287,-12.988282,-0.118566719,-0.248022895,-12.988282,0.077782953,-0.011007491
wheel,1780715247.328280926,93.379925251,-0.114306269,-0.249003504,-0.225763029,-12.935269,-0.114306269,-0.249003504,-12.935269,0.084829948,-0.010434511
wheel,1780715247.348298311,93.399942636,-0.113099077,-0.249281064,-0.226225658,-12.961775,-0.113099077,-0.249281064,-12.961775,0.083681379,-0.010561197
wheel,1780715247.368263006,93.419907331,-0.111252881,-0.249705995,-0.226225658,-12.961775,-0.111252881,-0.249705995,-12.961775,0.084241908,-0.010455585
wheel,1780715247.388231039,93.439875364,-0.109335781,-0.250147713,-0.226688287,-12.988282,-0.109335781,-0.250147713,-12.988282,0.084955837,-0.010582706
wheel,1780715247.408292532,93.459936857,-0.107489782,-0.250573497,-0.226688287,-12.988282,-0.107489782,-0.250573497,-12.988282,0.085431265,-0.010476879
wheel,1780715247.428234577,93.479878902,-0.105572682,-0.251015215,-0.226225658,-12.961775,-0.105572682,-0.251015215,-12.961775,0.086090494,-0.010140209
rtabmap,1780715247.432627916,94.034795284,0.043102704,-0.239942446,-1.757548655,-100.700120,0.196095758,0.144324978,15.593875,-0.093082912,-0.013450579
wheel,1780715247.448244333,93.499888659,-0.103726486,-0.251440145,-0.226225658,-12.961775,-0.103726486,-0.251440145,-12.961775,0.086519601,-0.010038807
wheel,1780715247.468257904,93.519902229,-0.101738276,-0.251897763,-0.226225658,-12.961775,-0.101738276,-0.251897763,-12.961775,0.087291620,-0.009938419
wheel,1780715247.488234520,93.539878845,-0.099820971,-0.252338594,-0.225763029,-12.935269,-0.099820971,-0.252338594,-12.935269,0.087850183,-0.009607493
wheel,1780715247.508357048,93.560001373,-0.099820971,-0.252338594,-0.225763029,-12.935269,-0.099820971,-0.252338594,-12.935269,0.083457673,-0.009511419
wheel,1780715247.529102325,93.580746651,-0.097832550,-0.252795291,-0.225763029,-12.935269,-0.097832550,-0.252795291,-12.935269,0.084200063,-0.009416304
wheel,1780715247.548326015,93.599970341,-0.095985962,-0.253218514,-0.224837771,-12.882255,-0.095985962,-0.253218514,-12.882255,0.084917976,-0.008840782
wheel,1780715247.568256140,93.619900465,-0.091937031,-0.254143538,-0.224375141,-12.855749,-0.091937031,-0.254143538,-12.855749,0.091091614,-0.008520249
wheel,1780715247.588257074,93.639901400,-0.090516278,-0.254467779,-0.224375141,-12.855749,-0.090516278,-0.254467779,-12.855749,0.090179459,-0.008435046
wheel,1780715247.608278275,93.659922600,-0.088811375,-0.254856868,-0.224375141,-12.855749,-0.088811375,-0.254856868,-12.855749,0.090039159,-0.008350696
wheel,1780715247.628241539,93.679885864,-0.088811375,-0.254856868,-0.224375141,-12.855749,-0.088811375,-0.254856868,-12.855749,0.085537201,-0.008267189
wheel,1780715247.649025917,93.700670242,-0.085614850,-0.255587150,-0.224837771,-12.882255,-0.085614850,-0.255587150,-12.882255,0.089149466,-0.008407138
wheel,1780715247.668233156,93.719877481,-0.083981071,-0.255960405,-0.224375141,-12.855749,-0.083981071,-0.255960405,-12.855749,0.089053466,-0.008082267
wheel,1780715247.688321829,93.739966154,-0.082773623,-0.256236848,-0.225763029,-12.935269,-0.082773623,-0.256236848,-12.935269,0.087684030,-0.008692366
wheel,1780715247.708273411,93.759917736,-0.081424408,-0.256547062,-0.226225658,-12.961775,-0.081424408,-0.256547062,-12.961775,0.086769148,-0.008837310
wheel,1780715247.728243828,93.779888153,-0.080217345,-0.256825181,-0.226688287,-12.988282,-0.080217345,-0.256825181,-12.988282,0.085531891,-0.008980586
rtabmap,1780715247.732914448,94.335081816,0.045516431,-0.212505937,-1.757311007,-100.686504,0.170428799,0.134335215,15.607492,-0.091271475,0.000791538
wheel,1780715247.748432875,93.800077200,-0.079081346,-0.257087202,-0.226688287,-12.988282,-0.079081346,-0.257087202,-12.988282,0.084143012,-0.008890780
wheel,1780715247.768367052,93.820011377,-0.079081346,-0.257087202,-0.226688287,-12.988282,-0.079081346,-0.257087202,-12.988282,0.079935861,-0.008801872
wheel,1780715247.788261414,93.839905739,-0.076880465,-0.257595378,-0.227150916,-13.014789,-0.076880465,-0.257595378,-13.014789,0.081615544,-0.008946377
wheel,1780715247.808306932,93.859951258,-0.075886572,-0.257825106,-0.227150916,-13.014789,-0.075886572,-0.257825106,-13.014789,0.080079613,-0.008856913
wheel,1780715247.828256845,93.879901171,-0.074963622,-0.258038212,-0.226688287,-12.988282,-0.074963622,-0.258038212,-12.988282,0.078449377,-0.008536476
wheel,1780715247.848731518,93.900375843,-0.074963622,-0.258038212,-0.226688287,-12.988282,-0.074963622,-0.258038212,-12.988282,0.074526908,-0.008451112
wheel,1780715247.868272781,93.919917107,-0.072975624,-0.258496749,-0.226688287,-12.988282,-0.072975624,-0.258496749,-12.988282,0.076020912,-0.008366600
wheel,1780715247.888238907,93.939883232,-0.072052674,-0.258709855,-0.227150916,-13.014789,-0.072052674,-0.258709855,-13.014789,0.074591514,-0.008514597
wheel,1780715247.908256531,93.959900856,-0.070987846,-0.258956239,-0.227613546,-13.041296,-0.070987846,-0.258956239,-13.041296,0.073591903,-0.008660559
wheel,1780715247.928238630,93.979882956,-0.070065093,-0.259170199,-0.228076175,-13.067802,-0.070065093,-0.259170199,-13.067802,0.072282739,-0.008805498
wheel,1780715247.948242664,93.999886990,-0.069142440,-0.259384586,-0.228538804,-13.094309,-0.069142440,-0.259384586,-13.094309,0.071036038,-0.008948694
wheel,1780715247.968260288,94.019904613,-0.068148974,-0.259616153,-0.229464062,-13.147322,-0.068148974,-0.259616153,-13.147322,0.070032598,-0.009321495
wheel,1780715247.988327980,94.039972305,-0.067155722,-0.259848639,-0.230389321,-13.200336,-0.067155722,-0.259848639,-13.200336,0.069074634,-0.009689716
rtabmap,1780715247.999483585,94.601650953,0.051313028,-0.197894081,-1.753108860,-100.445739,0.154761030,0.133059334,15.848257,-0.057896148,0.015764797
wheel,1780715248.008254766,94.059899092,-0.066020824,-0.260115388,-0.231314579,-13.253349,-0.066020824,-0.260115388,-13.253349,0.068543692,-0.010056754
wheel,1780715248.030100107,94.081744432,-0.064815192,-0.260399646,-0.231777208,-13.279856,-0.064815192,-0.260399646,-13.279856,0.067951734,-0.010167968
wheel,1780715248.048289061,94.099933386,-0.064815192,-0.260399646,-0.231777208,-13.279856,-0.064815192,-0.260399646,-13.279856,0.064554148,-0.010066288
wheel,1780715248.068253279,94.119897604,-0.063680665,-0.260667970,-0.232702466,-13.332869,-0.063680665,-0.260667970,-13.332869,0.064246716,-0.010429161
wheel,1780715248.088332415,94.139976740,-0.061341345,-0.261224093,-0.234090354,-13.412389,-0.061341345,-0.261224093,-13.412389,0.067024039,-0.011016316
wheel,1780715248.109604597,94.161248922,-0.061341345,-0.261224093,-0.234090354,-13.412389,-0.061341345,-0.261224093,-13.412389,0.063672837,-0.010906153
wheel,1780715248.128265619,94.179909945,-0.058648027,-0.261866348,-0.234090354,-13.412389,-0.058648027,-0.261866348,-13.412389,0.067905404,-0.010797092
wheel,1780715248.148253441,94.199897766,-0.057655752,-0.262102968,-0.234090354,-13.412389,-0.057655752,-0.262102968,-13.412389,0.067061778,-0.010689121
wheel,1780715248.170031309,94.221675634,-0.056450780,-0.262390013,-0.233627725,-13.385883,-0.056450780,-0.262390013,-13.385883,0.066553355,-0.010369743
wheel,1780715248.188245058,94.239889383,-0.055103899,-0.262710206,-0.233165095,-13.359376,-0.055103899,-0.262710206,-13.359376,0.067025068,-0.010012119
wheel,1780715248.208244562,94.259888887,-0.053827836,-0.263013251,-0.233165095,-13.359376,-0.053827836,-0.263013251,-13.359376,0.066952702,-0.009911997
wheel,1780715248.228244066,94.279888391,-0.052480807,-0.263332820,-0.232702466,-13.332869,-0.052480807,-0.263332820,-13.332869,0.067066155,-0.009581560
wheel,1780715248.248291016,94.299935341,-0.051133630,-0.263651766,-0.232239837,-13.306363,-0.051133630,-0.263651766,-13.306363,0.067166074,-0.009254952
wheel,1780715248.268271208,94.319915533,-0.049786305,-0.263970089,-0.231777208,-13.279856,-0.049786305,-0.263970089,-13.279856,0.067273735,-0.008930759
wheel,1780715248.288260937,94.339905262,-0.048367837,-0.264304182,-0.230851950,-13.226842,-0.048367837,-0.264304182,-13.226842,0.067556603,-0.008378397
rtabmap,1780715248.299696684,94.901864052,0.056743871,-0.178914964,-1.752640930,-100.418928,0.135339888,0.129520947,15.875067,-0.065450870,0.001559193
wheel,1780715248.308258772,94.359903097,-0.047020072,-0.264620635,-0.230389321,-13.200336,-0.047020072,-0.264620635,-13.200336,0.067637100,-0.008063480
wheel,1780715248.328246593,94.379890919,-0.045672161,-0.264936464,-0.229926691,-13.173829,-0.045672161,-0.264936464,-13.173829,0.067718191,-0.007751404
wheel,1780715248.348245859,94.399890184,-0.044466005,-0.265218490,-0.229464062,-13.147322,-0.044466005,-0.265218490,-13.147322,0.067429304,-0.007442553
wheel,1780715248.368320942,94.419965267,-0.044466005,-0.265218490,-0.229464062,-13.147322,-0.044466005,-0.265218490,-13.147322,0.064057839,-0.007368127
wheel,1780715248.388276100,94.439920425,-0.041982473,-0.265797982,-0.229001433,-13.120816,-0.041982473,-0.265797982,-13.120816,0.067243508,-0.007062661
wheel,1780715248.408430338,94.460074663,-0.041059919,-0.266012796,-0.228538804,-13.094309,-0.041059919,-0.266012796,-13.094309,0.066231543,-0.006762466
wheel,1780715248.428261280,94.479905605,-0.040066346,-0.266243904,-0.228538804,-13.094309,-0.040066346,-0.266243904,-13.094309,0.065491362,-0.006694841
wheel,1780715248.449735880,94.501380205,-0.039143693,-0.266458290,-0.228076175,-13.067802,-0.039143693,-0.266458290,-13.067802,0.064424081,-0.006412285
wheel,1780715248.469257116,94.520901442,-0.039143693,-0.266458290,-0.228076175,-13.067802,-0.039143693,-0.266458290,-13.067802,0.061202877,-0.006348162
wheel,1780715248.488929510,94.540573835,-0.037653093,-0.266803917,-0.227613546,-13.041296,-0.037653093,-0.266803917,-13.041296,0.062030813,-0.006049574
wheel,1780715248.508268118,94.559912443,-0.036943245,-0.266968338,-0.227613546,-13.041296,-0.036943245,-0.266968338,-13.041296,0.060813662,-0.005989078
wheel,1780715248.528270245,94.579914570,-0.036588340,-0.267050630,-0.228076175,-13.067802,-0.036588340,-0.267050630,-13.067802,0.058683597,-0.006160455
wheel,1780715248.548258543,94.599902868,-0.036304432,-0.267116529,-0.228076175,-13.067802,-0.036304432,-0.267116529,-13.067802,0.056478432,-0.006098851
wheel,1780715248.568231344,94.619875669,-0.036375405,-0.267100038,-0.228538804,-13.094309,-0.036375405,-0.267100038,-13.094309,0.053472120,-0.006269469
wheel,1780715248.588232040,94.639876366,-0.036517329,-0.267066957,-0.229464062,-13.147322,-0.036517329,-0.267066957,-13.147322,0.050434215,-0.006669377
rtabmap,1780715248.599684715,95.201852083,0.057514057,-0.170069516,-1.755135461,-100.561854,0.127068478,0.126293111,15.732141,-0.029464148,-0.008316183
wheel,1780715248.608240366,94.659884691,-0.036801146,-0.267000663,-0.229464062,-13.147322,-0.036801146,-0.267000663,-13.147322,0.047184149,-0.006602683
wheel,1780715248.628334999,94.679979324,-0.037155897,-0.266917715,-0.229926691,-13.173829,-0.037155897,-0.266917715,-13.173829,0.043918150,-0.006766952
wheel,1780715248.648270130,94.699914455,-0.037581577,-0.266818078,-0.229926691,-13.173829,-0.037581577,-0.266818078,-13.173829,0.040625973,-0.006699283
wheel,1780715248.668246031,94.719890356,-0.037865363,-0.266751653,-0.229926691,-13.173829,-0.037865363,-0.266751653,-13.173829,0.037865164,-0.006632290
wheel,1780715248.688454628,94.740098953,-0.038291042,-0.266652016,-0.229926691,-13.173829,-0.038291042,-0.266652016,-13.173829,0.034890238,-0.006565967
wheel,1780715248.708267450,94.759911776,-0.038291042,-0.266652016,-0.229926691,-13.173829,-0.038291042,-0.266652016,-13.173829,0.033145727,-0.006500308
wheel,1780715248.728258133,94.779902458,-0.039000507,-0.266485954,-0.229926691,-13.173829,-0.039000507,-0.266485954,-13.173829,0.029665945,-0.006435304
wheel,1780715248.748293638,94.799937963,-0.039213358,-0.266436185,-0.229464062,-13.147322,-0.039213358,-0.266436185,-13.147322,0.027637026,-0.006140000
wheel,1780715248.768302917,94.819947243,-0.039426210,-0.266386416,-0.229926691,-13.173829,-0.039426210,-0.266386416,-13.173829,0.025708947,-0.006309807
wheel,1780715248.788249969,94.839894295,-0.039639038,-0.266336548,-0.230389321,-13.200336,-0.039639038,-0.266336548,-13.200336,0.023875680,-0.006478591
wheel,1780715248.808245897,94.859890223,-0.039780915,-0.266303270,-0.230389321,-13.200336,-0.039780915,-0.266303270,-13.200336,0.022317505,-0.006413805
wheel,1780715248.828323364,94.879967690,-0.039851850,-0.266286614,-0.230851950,-13.226842,-0.039851850,-0.266286614,-13.226842,0.021020145,-0.006580124
wheel,1780715248.848238468,94.899882793,-0.039851850,-0.266286614,-0.230851950,-13.226842,-0.039851850,-0.266286614,-13.226842,0.019969137,-0.006514323
wheel,1780715248.868383169,94.920027494,-0.039851850,-0.266286614,-0.230851950,-13.226842,-0.039851850,-0.266286614,-13.226842,0.018970681,-0.006449180
wheel,1780715248.888248444,94.939892769,-0.039851850,-0.266286614,-0.230851950,-13.226842,-0.039851850,-0.266286614,-13.226842,0.018022147,-0.006384688
wheel,1780715248.908337355,94.959981680,-0.039851850,-0.266286614,-0.230851950,-13.226842,-0.039851850,-0.266286614,-13.226842,0.017121039,-0.006320841
wheel,1780715248.928259850,94.979904175,-0.039709988,-0.266319958,-0.230851950,-13.226842,-0.039709988,-0.266319958,-13.226842,0.016630712,-0.006257633
wheel,1780715248.948380709,95.000025034,-0.039709988,-0.266319958,-0.230851950,-13.226842,-0.039709988,-0.266319958,-13.226842,0.015799176,-0.006195057
rtabmap,1780715248.966500521,95.568667889,0.054858550,-0.173836380,-1.753288264,-100.456018,0.131621925,0.125580998,15.837978,0.011422052,0.005035875
wheel,1780715248.968282938,95.019927263,-0.039709988,-0.266319958,-0.230851950,-13.226842,-0.039709988,-0.266319958,-13.226842,0.015009218,-0.006133106
wheel,1780715248.988277912,95.039922237,-0.039709988,-0.266319958,-0.230851950,-13.226842,-0.039709988,-0.266319958,-13.226842,0.014258757,-0.006071775
wheel,1780715249.008260250,95.059904575,-0.039709988,-0.266319958,-0.230851950,-13.226842,-0.039709988,-0.266319958,-13.226842,0.013545819,-0.006011057
wheel,1780715249.029240608,95.080884933,-0.039709988,-0.266319958,-0.230851950,-13.226842,-0.039709988,-0.266319958,-13.226842,0.012868528,-0.005950947
wheel,1780715249.048253059,95.099897385,-0.039780915,-0.266303270,-0.231314579,-13.253349,-0.039780915,-0.266303270,-13.253349,0.012033491,-0.006134751
wheel,1780715249.068242788,95.119887114,-0.039851843,-0.266286582,-0.230851950,-13.226842,-0.039851843,-0.266286582,-13.226842,0.011249565,-0.005841973
wheel,1780715249.088256598,95.139900923,-0.039851843,-0.266286582,-0.230851950,-13.226842,-0.039851843,-0.266286582,-13.226842,0.010687087,-0.005783554
wheel,1780715249.108249426,95.159893751,-0.039851843,-0.266286582,-0.230851950,-13.226842,-0.039851843,-0.266286582,-13.226842,0.010152733,-0.005725718
wheel,1780715249.133265734,95.184910059,-0.039851843,-0.266286582,-0.230851950,-13.226842,-0.039851843,-0.266286582,-13.226842,0.009645096,-0.005668461
wheel,1780715249.148254395,95.199898720,-0.039851843,-0.266286582,-0.230851950,-13.226842,-0.039851843,-0.266286582,-13.226842,0.009162841,-0.005611776
wheel,1780715249.168361425,95.220005751,-0.039851843,-0.266286582,-0.230851950,-13.226842,-0.039851843,-0.266286582,-13.226842,0.008704699,-0.005555658
wheel,1780715249.190325022,95.241969347,-0.039780915,-0.266303270,-0.231314579,-13.253349,-0.039780915,-0.266303270,-13.253349,0.008435330,-0.005710725
wheel,1780715249.208267689,95.259912014,-0.039780915,-0.266303270,-0.231314579,-13.253349,-0.039780915,-0.266303270,-13.253349,0.008013563,-0.005653618
wheel,1780715249.228240967,95.279885292,-0.039780915,-0.266303270,-0.231314579,-13.253349,-0.039780915,-0.266303270,-13.253349,0.007612885,-0.005597082
wheel,1780715249.248258114,95.299902439,-0.039780915,-0.266303270,-0.231314579,-13.253349,-0.039780915,-0.266303270,-13.253349,0.007232241,-0.005541111
wheel,1780715249.268477917,95.320122242,-0.039780915,-0.266303270,-0.231314579,-13.253349,-0.039780915,-0.266303270,-13.253349,0.006870629,-0.005485700
wheel,1780715249.288306713,95.339951038,-0.039780915,-0.266303270,-0.231314579,-13.253349,-0.039780915,-0.266303270,-13.253349,0.006527097,-0.005430843
wheel,1780715249.311217546,95.362861872,-0.039780915,-0.266303270,-0.231314579,-13.253349,-0.039780915,-0.266303270,-13.253349,0.006200743,-0.005376534
wheel,1780715249.328257322,95.379901648,-0.039780915,-0.266303270,-0.231314579,-13.253349,-0.039780915,-0.266303270,-13.253349,0.005890705,-0.005322769
wheel,1780715249.348283052,95.399927378,-0.039780915,-0.266303270,-0.231314579,-13.253349,-0.039780915,-0.266303270,-13.253349,0.005596170,-0.005269541
wheel,1780715249.369212866,95.420857191,-0.039780915,-0.266303270,-0.231314579,-13.253349,-0.039780915,-0.266303270,-13.253349,0.005316362,-0.005216846
wheel,1780715249.388182163,95.439826488,-0.039780915,-0.266303270,-0.231314579,-13.253349,-0.039780915,-0.266303270,-13.253349,0.005050544,-0.005164677
wheel,1780715249.408295155,95.459939480,-0.039780915,-0.266303270,-0.231314579,-13.253349,-0.039780915,-0.266303270,-13.253349,0.004798016,-0.005113031
wheel,1780715249.429533243,95.481177568,-0.039780915,-0.266303270,-0.231314579,-13.253349,-0.039780915,-0.266303270,-13.253349,0.004558116,-0.005061900
wheel,1780715249.448243618,95.499887943,-0.039780915,-0.266303270,-0.231314579,-13.253349,-0.039780915,-0.266303270,-13.253349,0.004330210,-0.005011281
wheel,1780715249.468454599,95.520098925,-0.039780915,-0.266303270,-0.231314579,-13.253349,-0.039780915,-0.266303270,-13.253349,0.004113699,-0.004961168
wheel,1780715249.488268137,95.539912462,-0.039780915,-0.266303270,-0.231314579,-13.253349,-0.039780915,-0.266303270,-13.253349,0.003908014,-0.004911557
wheel,1780715249.509322882,95.560967207,-0.039780915,-0.266303270,-0.231314579,-13.253349,-0.039780915,-0.266303270,-13.253349,0.003712614,-0.004862441
wheel,1780715249.528270721,95.579915047,-0.039780915,-0.266303270,-0.231314579,-13.253349,-0.039780915,-0.266303270,-13.253349,0.003526983,-0.004813817
wheel,1780715249.548377514,95.600021839,-0.039780915,-0.266303270,-0.231314579,-13.253349,-0.039780915,-0.266303270,-13.253349,0.003350634,-0.004765679
wheel,1780715249.569251060,95.620895386,-0.039780915,-0.266303270,-0.231314579,-13.253349,-0.039780915,-0.266303270,-13.253349,0.003183102,-0.004718022
wheel,1780715249.588240862,95.639885187,-0.039851843,-0.266286582,-0.230851950,-13.226842,-0.039851843,-0.266286582,-13.226842,0.002832101,-0.004427228
wheel,1780715249.608381987,95.660026312,-0.039851843,-0.266286582,-0.230851950,-13.226842,-0.039851843,-0.266286582,-13.226842,0.002690496,-0.004382956
rtabmap,1780715249.632956743,96.235124111,0.055836182,-0.174925447,-1.753527256,-100.469711,0.132165240,0.126939908,15.824285,0.001340768,-0.000358345
wheel,1780715249.633276224,95.684920549,-0.039851843,-0.266286582,-0.230851950,-13.226842,-0.039851843,-0.266286582,-13.226842,0.002555971,-0.004339126
wheel,1780715249.648280382,95.699924707,-0.039780908,-0.266303237,-0.230389321,-13.200336,-0.039780908,-0.266303237,-13.200336,0.002670943,-0.003987455
wheel,1780715249.668427944,95.720072269,-0.039709965,-0.266319860,-0.229926691,-13.173829,-0.039709965,-0.266319860,-13.173829,0.002718192,-0.003717998
wheel,1780715249.688238382,95.739882708,-0.039639015,-0.266336449,-0.229464062,-13.147322,-0.039639015,-0.266336449,-13.147322,0.002766175,-0.003447304
wheel,1780715249.708296537,95.759940863,-0.039568049,-0.266352973,-0.228076175,-13.067802,-0.039568049,-0.266352973,-13.067802,0.002809546,-0.002720718
wheel,1780715249.728278399,95.779922724,-0.039568049,-0.266352973,-0.228076175,-13.067802,-0.039568049,-0.266352973,-13.067802,0.002669068,-0.002693511
wheel,1780715249.748251438,95.799895763,-0.039284079,-0.266418610,-0.226225658,-12.961775,-0.039284079,-0.266418610,-12.961775,0.003265222,-0.001740091
wheel,1780715249.773198366,95.824842691,-0.039071000,-0.266467394,-0.223912512,-12.829242,-0.039071000,-0.266467394,-12.829242,0.003540063,-0.000795490
wheel,1780715249.788278103,95.839922428,-0.039071000,-0.266467394,-0.223912512,-12.829242,-0.039071000,-0.266467394,-12.829242,0.003363060,-0.000787535
wheel,1780715249.810239792,95.861884117,-0.038786760,-0.266531848,-0.222061996,-12.723215,-0.038786760,-0.266531848,-12.723215,0.003858456,0.000062943
wheel,1780715249.828235626,95.879879951,-0.038075641,-0.266690680,-0.217435704,-12.458148,-0.038075641,-0.266690680,-12.458148,0.005690031,0.002633104
wheel,1780715249.848298311,95.899942636,-0.038075641,-0.266690680,-0.217435704,-12.458148,-0.038075641,-0.266690680,-12.458148,0.005405530,0.002606773
wheel,1780715249.868365049,95.920009375,-0.037719809,-0.266768862,-0.215122558,-12.325615,-0.037719809,-0.266768862,-12.325615,0.006042939,0.003733322
wheel,1780715249.888246536,95.939890862,-0.036651343,-0.266998962,-0.209108379,-11.981028,-0.036651343,-0.266998962,-11.981028,0.008489220,0.006720714
wheel,1780715249.908255816,95.959900141,-0.036080905,-0.267118912,-0.205407346,-11.768974,-0.036080905,-0.267118912,-11.768974,0.009521521,0.008503363
wheel,1780715249.928284168,95.979928493,-0.035367240,-0.267265880,-0.200781054,-11.503907,-0.035367240,-0.267265880,-11.503907,0.010864555,0.010728311
wheel,1780715249.948255539,95.999899864,-0.034724366,-0.267395326,-0.196617392,-11.265347,-0.034724366,-0.267395326,-11.265347,0.011963002,0.012705694
wheel,1780715249.968879938,96.020524263,-0.034724366,-0.267395326,-0.196617392,-11.265347,-0.034724366,-0.267395326,-11.265347,0.011364852,0.012578637
wheel,1780715249.988365889,96.040010214,-0.033866451,-0.267564153,-0.191991100,-11.000280,-0.033866451,-0.267564153,-11.000280,0.013042644,0.014829607
rtabmap,1780715249.999632835,96.601800203,0.054620769,-0.168663472,-1.801724046,-103.231184,0.127089575,0.123076338,13.062812,-0.016191022,-0.131442800
wheel,1780715250.009090900,96.060735226,-0.032936082,-0.267742101,-0.185976921,-10.655693,-0.032936082,-0.267742101,-10.655693,0.014673206,0.017579970
wheel,1780715250.028287649,96.079931974,-0.032076419,-0.267901790,-0.181350630,-10.390626,-0.032076419,-0.267901790,-10.390626,0.016216906,0.019814076
wheel,1780715250.048250675,96.099895000,-0.029995843,-0.268270872,-0.169784901,-9.727958,-0.029995843,-0.268270872,-9.727958,0.020698175,0.025409164
wheel,1780715250.068268299,96.119912624,-0.028774246,-0.268475936,-0.162845464,-9.330358,-0.028774246,-0.268475936,-9.330358,0.022757633,0.028622149
wheel,1780715250.089867592,96.141511917,-0.028774246,-0.268475936,-0.162845464,-9.330358,-0.028774246,-0.268475936,-9.330358,0.021619751,0.028335928
wheel,1780715250.108255863,96.159900188,-0.026038596,-0.268903337,-0.147116072,-8.429130,-0.026038596,-0.268903337,-8.429130,0.028066206,0.036605051
wheel,1780715250.129813671,96.181457996,-0.024812583,-0.269080091,-0.139251376,-7.978516,-0.024812583,-0.269080091,-7.978516,0.029536003,0.039887391
wheel,1780715250.148238182,96.199882507,-0.023296329,-0.269285817,-0.130461422,-7.474889,-0.023296329,-0.269285817,-7.474889,0.032211247,0.044258817
wheel,1780715250.168304443,96.219948769,-0.023296329,-0.269285817,-0.130461422,-7.474889,-0.023296329,-0.269285817,-7.474889,0.030600684,0.043816229
wheel,1780715250.188319445,96.239963770,-0.021922898,-0.269459883,-0.121671468,-6.971262,-0.021922898,-0.269459883,-6.971262,0.032529512,0.047770272
wheel,1780715250.208943367,96.260587692,-0.020403180,-0.269638219,-0.111956256,-6.414621,-0.020403180,-0.269638219,-6.414621,0.034612075,0.052002460
wheel,1780715250.228247643,96.279891968,-0.017213902,-0.269965435,-0.092525832,-5.301340,-0.017213902,-0.269965435,-5.301340,0.041185383,0.061547783
wheel,1780715250.248236179,96.299880505,-0.015399222,-0.270124088,-0.081885361,-4.691686,-0.015399222,-0.270124088,-4.691686,0.043682460,0.066255274
wheel,1780715250.268240929,96.319885254,-0.014018959,-0.270231260,-0.073095407,-4.188058,-0.014018959,-0.270231260,-4.188058,0.044958560,0.069986655
wheel,1780715250.288238525,96.339882851,-0.012346932,-0.270344755,-0.062454936,-3.578404,-0.012346932,-0.270344755,-3.578404,0.046900920,0.074607790
wheel,1780715250.308270216,96.359914541,-0.010819283,-0.270432132,-0.051814466,-2.968750,-0.010819283,-0.270432132,-2.968750,0.048375233,0.079173594
wheel,1780715250.328278542,96.379922867,-0.009218022,-0.270507007,-0.041636624,-2.385603,-0.009218022,-0.270507007,-2.385603,0.049962376,0.083468722
wheel,1780715250.348252535,96.399896860,-0.007616083,-0.270565580,-0.031458783,-1.802455,-0.007616083,-0.270565580,-1.802455,0.051476905,0.087729459
wheel,1780715250.368253469,96.419897795,-0.006013630,-0.270607846,-0.021280941,-1.219308,-0.006013630,-0.270607846,-1.219308,0.052910445,0.091940908
wheel,1780715250.388267040,96.439911366,-0.004556550,-0.270632116,-0.012028358,-0.689174,-0.004556550,-0.270632116,-0.689174,0.053905700,0.095644709
wheel,1780715250.408265352,96.459909678,-0.003099308,-0.270642902,-0.002775775,-0.159040,-0.003099308,-0.270642902,-0.159040,0.054853754,0.099314723
wheel,1780715250.428271055,96.479915380,-0.001642029,-0.270640206,0.006476808,0.371094,-0.001642029,-0.270640206,0.371094,0.055753189,0.102946494
wheel,1780715250.448339701,96.499984026,-0.001642029,-0.270640206,0.006476808,0.371094,-0.001642029,-0.270640206,0.371094,0.052965529,0.101917029
wheel,1780715250.468244553,96.519888878,0.001126503,-0.270599217,0.023131458,1.325335,0.001126503,-0.270599217,1.325335,0.057272264,0.109264789
wheel,1780715250.488310337,96.539954662,0.001126503,-0.270599217,0.023131458,1.325335,0.001126503,-0.270599217,1.325335,0.054408650,0.108172141
wheel,1780715250.508269072,96.559913397,0.003529914,-0.270526366,0.037472962,2.147043,0.003529914,-0.270526366,2.147043,0.057711862,0.114275911
wheel,1780715250.528281212,96.579925537,0.004549166,-0.270484848,0.043949770,2.518136,0.004549166,-0.270484848,2.518136,0.057375269,0.116369977
wheel,1780715250.548269272,96.599913597,0.005640899,-0.270433040,0.050889207,2.915737,0.005640899,-0.270433040,2.915737,0.057240182,0.118677613
wheel,1780715250.568276167,96.619920492,0.006659502,-0.270377851,0.057366016,3.286831,0.006659502,-0.270377851,3.286831,0.056927750,0.120728395
wheel,1780715250.588237286,96.639881611,0.007677727,-0.270316067,0.063842824,3.657924,0.007677727,-0.270316067,3.657924,0.056636146,0.122765281
wheel,1780715250.608248472,96.659892797,0.008622844,-0.270252791,0.069857003,4.002511,0.008622844,-0.270252791,4.002511,0.056171155,0.124543108
wheel,1780715250.628924131,96.680568457,0.008622844,-0.270252791,0.069857003,4.002511,0.008622844,-0.270252791,4.002511,0.053362597,0.123297677
wheel,1780715250.648254633,96.699898958,0.010366552,-0.270120240,0.081885361,4.691686,0.010366552,-0.270120240,4.691686,0.055216557,0.128285565
wheel,1780715250.673019648,96.724663973,0.011092611,-0.270058962,0.086511652,4.956753,0.011092611,-0.270058962,4.956753,0.053926796,0.128870731
wheel,1780715250.688258648,96.739902973,0.011818380,-0.269994325,0.091137944,5.221820,0.011818380,-0.269994325,5.221820,0.053621055,0.130617705
rtabmap,1780715250.699891567,97.302058935,0.055115953,-0.119219527,-2.092532263,-119.893267,0.082542098,0.101617745,-3.599271,-0.068895638,-0.415286630
wheel,1780715250.708277225,96.759921551,0.012543873,-0.269926668,0.094838977,5.433873,0.012543873,-0.269926668,5.433873,0.052759979,0.131160393
wheel,1780715250.728282690,96.779927015,0.012543873,-0.269926668,0.094838977,5.433873,0.012543873,-0.269926668,5.433873,0.050121980,0.129848789
wheel,1780715250.748552799,96.800197124,0.013269078,-0.269855990,0.099465269,5.698940,0.013269078,-0.269855990,5.698940,0.049415178,0.130835123
wheel,1780715250.768252373,96.819896698,0.014501152,-0.269728141,0.107329965,6.149554,0.014501152,-0.269728141,6.149554,0.050085176,0.133515034
wheel,1780715250.788756847,96.840401173,0.014501152,-0.269728141,0.107329965,6.149554,0.014501152,-0.269728141,6.149554,0.047580918,0.132179884
wheel,1780715250.808248997,96.859893322,0.015587411,-0.269607288,0.114269402,6.547154,0.015587411,-0.269607288,6.547154,0.048004917,0.134417508
wheel,1780715250.828247786,96.879892111,0.016094038,-0.269548312,0.117507806,6.732701,0.016094038,-0.269548312,6.732701,0.046879885,0.134692652
wheel,1780715250.848766565,96.900410891,0.016094038,-0.269548312,0.117507806,6.732701,0.016094038,-0.269548312,6.732701,0.044535891,0.133345726
wheel,1780715250.868292332,96.919936657,0.016962090,-0.269443393,0.123059356,7.050782,0.016962090,-0.269443393,7.050782,0.044548602,0.134856085
wheel,1780715250.888263702,96.939908028,0.017251309,-0.269407349,0.124909873,7.156809,0.017251309,-0.269407349,7.156809,0.043050718,0.134433932
wheel,1780715250.908272028,96.959916353,0.017251309,-0.269407349,0.124909873,7.156809,0.017251309,-0.269407349,7.156809,0.040898182,0.133089593
wheel,1780715250.928255796,96.979900122,0.017757310,-0.269343220,0.127223018,7.289342,0.017757310,-0.269343220,7.289342,0.040129385,0.132916168
wheel,1780715250.948283195,96.999927521,0.017829583,-0.269333958,0.127685648,7.315849,0.017829583,-0.269333958,7.315849,0.038304835,0.131818015
wheel,1780715250.968254089,97.019898415,0.017974125,-0.269315401,0.127685648,7.315849,0.017974125,-0.269315401,7.315849,0.036754454,0.130499835
wheel,1780715250.988248348,97.039892673,0.017901852,-0.269324663,0.127223018,7.289342,0.017901852,-0.269324663,7.289342,0.034734529,0.128963469
rtabmap,1780715250.999751806,97.601919174,0.055269331,-0.111028954,-2.129834586,-122.030533,0.075131038,0.098127016,-5.736537,-0.023935467,-0.124399625
wheel,1780715251.008297205,97.059941530,0.017829574,-0.269333891,0.126760389,7.262835,0.017829574,-0.269333891,7.262835,0.032816076,0.127443070
wheel,1780715251.028306007,97.079950333,0.017757289,-0.269343052,0.125372502,7.183315,0.017757289,-0.269343052,7.183315,0.030993181,0.125474960
wheel,1780715251.048537254,97.100181580,0.017757289,-0.269343052,0.125372502,7.183315,0.017757289,-0.269343052,7.183315,0.029443522,0.124220210
wheel,1780715251.071445942,97.123090267,0.017612696,-0.269361208,0.124447243,7.130302,0.017612696,-0.269361208,7.130302,0.027653220,0.122574038
wheel,1780715251.088276863,97.139921188,0.017034191,-0.269432760,0.121671468,6.971262,0.017034191,-0.269432760,6.971262,0.024538739,0.119698946
wheel,1780715251.108257055,97.159901381,0.016817197,-0.269459140,0.120283581,6.891742,0.016817197,-0.269459140,6.891742,0.022764897,0.117807474
wheel,1780715251.130327225,97.181971550,0.016455478,-0.269502605,0.118895694,6.812221,0.016455478,-0.269502605,6.812221,0.020800624,0.116000044
wheel,1780715251.148317337,97.199961662,0.016455478,-0.269502605,0.118895694,6.812221,0.016455478,-0.269502605,6.812221,0.019760593,0.114840044
wheel,1780715251.168256760,97.219901085,0.015876554,-0.269570677,0.115194660,6.600168,0.015876554,-0.269570677,6.600168,0.017312390,0.111837456
wheel,1780715251.188246727,97.239891052,0.015659404,-0.269595752,0.114732031,6.573661,0.015659404,-0.269595752,6.573661,0.015900029,0.110487656
wheel,1780715251.208265066,97.259909391,0.015442232,-0.269620625,0.113344144,6.494141,0.015442232,-0.269620625,6.494141,0.014559002,0.108689414
wheel,1780715251.228321314,97.279965639,0.015297431,-0.269637041,0.112418885,6.441128,0.015297431,-0.269637041,6.441128,0.013467697,0.107141117
wheel,1780715251.248270273,97.299914598,0.015080202,-0.269661412,0.111030998,6.361608,0.015080202,-0.269661412,6.361608,0.012246512,0.105374086
wheel,1780715251.268256903,97.319901228,0.015007785,-0.269669469,0.110568369,6.335101,0.015007785,-0.269669469,6.335101,0.011451913,0.104088887
wheel,1780715251.288262129,97.339906454,0.014862939,-0.269685482,0.109643110,6.282087,0.014862939,-0.269685482,6.282087,0.010515092,0.102585490
wheel,1780715251.308256626,97.359900951,0.014862939,-0.269685482,0.109643110,6.282087,0.014862939,-0.269685482,6.282087,0.009989337,0.101559635
wheel,1780715251.328266382,97.379910707,0.014790510,-0.269693438,0.109180481,6.255581,0.014790510,-0.269693438,6.255581,0.009307775,0.100312806
rtabmap,1780715251.333070278,97.935237646,0.054104242,-0.117933586,-2.110908544,-120.946151,0.081837375,0.100141070,-4.652155,0.019415200,0.056780908
wheel,1780715251.348680019,97.400324345,0.014790510,-0.269693438,0.109180481,6.255581,0.014790510,-0.269693438,6.255581,0.008842386,0.099309678
wheel,1780715251.368332624,97.419976950,0.014790510,-0.269693438,0.109180481,6.255581,0.014790510,-0.269693438,6.255581,0.008400267,0.098316581
wheel,1780715251.388539314,97.440183640,0.014790510,-0.269693438,0.109180481,6.255581,0.014790510,-0.269693438,6.255581,0.007980254,0.097333416
wheel,1780715251.408275127,97.459919453,0.014862939,-0.269685482,0.109643110,6.282087,0.014862939,-0.269685482,6.282087,0.007765833,0.096594484
wheel,1780715251.428257942,97.479902267,0.014935364,-0.269677492,0.110105740,6.308594,0.014935364,-0.269677492,6.308594,0.007559843,0.095860033
wheel,1780715251.448187590,97.499831915,0.014935364,-0.269677492,0.110105740,6.308594,0.014935364,-0.269677492,6.308594,0.007181851,0.094901433
wheel,1780715251.468294859,97.519939184,0.014935364,-0.269677492,0.110105740,6.308594,0.014935364,-0.269677492,6.308594,0.006822758,0.093952419
wheel,1780715251.488302231,97.539946556,0.014935364,-0.269677492,0.110105740,6.308594,0.014935364,-0.269677492,6.308594,0.006481620,0.093012894
wheel,1780715251.508470535,97.560114861,0.014935364,-0.269677492,0.110105740,6.308594,0.014935364,-0.269677492,6.308594,0.006157539,0.092082765
wheel,1780715251.528261423,97.579905748,0.014862939,-0.269685482,0.109643110,6.282087,0.014862939,-0.269685482,6.282087,0.005665595,0.090928202
wheel,1780715251.549251795,97.600896120,0.014862939,-0.269685482,0.109643110,6.282087,0.014862939,-0.269685482,6.282087,0.005382315,0.090018920
wheel,1780715251.569345951,97.620990276,0.014862939,-0.269685482,0.109643110,6.282087,0.014862939,-0.269685482,6.282087,0.005113200,0.089118730
wheel,1780715251.588267326,97.639911652,0.014862939,-0.269685482,0.109643110,6.282087,0.014862939,-0.269685482,6.282087,0.004857540,0.088227543
wheel,1780715251.608227015,97.659871340,0.014862939,-0.269685482,0.109643110,6.282087,0.014862939,-0.269685482,6.282087,0.004614663,0.087345268
wheel,1780715251.628268003,97.679912329,0.014862939,-0.269685482,0.109643110,6.282087,0.014862939,-0.269685482,6.282087,0.004383929,0.086471815
wheel,1780715251.648243666,97.699887991,0.014862939,-0.269685482,0.109643110,6.282087,0.014862939,-0.269685482,6.282087,0.004164733,0.085607097
rtabmap,1780715251.666412592,98.268579960,0.054519422,-0.117377445,-2.111228072,-120.964458,0.081154861,0.100266935,-4.670462,-0.002071369,-0.000958417
wheel,1780715251.668240547,97.719884872,0.014862939,-0.269685482,0.109643110,6.282087,0.014862939,-0.269685482,6.282087,0.003956496,0.084751026
wheel,1780715251.688265800,97.739910126,0.014862939,-0.269685482,0.109643110,6.282087,0.014862939,-0.269685482,6.282087,0.003758672,0.083903516
wheel,1780715251.708314896,97.759959221,0.014862939,-0.269685482,0.109643110,6.282087,0.014862939,-0.269685482,6.282087,0.003570738,0.083064481
wheel,1780715251.728245735,97.779890060,0.014862939,-0.269685482,0.109643110,6.282087,0.014862939,-0.269685482,6.282087,0.003392201,0.082233836
wheel,1780715251.751032114,97.802676439,0.014862939,-0.269685482,0.109643110,6.282087,0.014862939,-0.269685482,6.282087,0.003222591,0.081411497
wheel,1780715251.768970251,97.820614576,0.014862939,-0.269685482,0.109643110,6.282087,0.014862939,-0.269685482,6.282087,0.003061461,0.080597382
wheel,1780715251.788289785,97.839934111,0.014862939,-0.269685482,0.109643110,6.282087,0.014862939,-0.269685482,6.282087,0.002908388,0.079791409
wheel,1780715251.809749603,97.861393929,0.014862939,-0.269685482,0.109643110,6.282087,0.014862939,-0.269685482,6.282087,0.002762969,0.078993494
wheel,1780715251.828237295,97.879881620,0.014862939,-0.269685482,0.109643110,6.282087,0.014862939,-0.269685482,6.282087,0.002624821,0.078203560
wheel,1780715251.848254919,97.899899244,0.014862939,-0.269685482,0.109643110,6.282087,0.014862939,-0.269685482,6.282087,0.002493579,0.077421524
wheel,1780715251.868272781,97.919917107,0.014862939,-0.269685482,0.109643110,6.282087,0.014862939,-0.269685482,6.282087,0.002368901,0.076647309
wheel,1780715251.888305426,97.939949751,0.014862939,-0.269685482,0.109643110,6.282087,0.014862939,-0.269685482,6.282087,0.002250455,0.075880836
wheel,1780715251.908256769,97.959901094,0.014862939,-0.269685482,0.109643110,6.282087,0.014862939,-0.269685482,6.282087,0.002137933,0.075122027
wheel,1780715251.928543568,97.980187893,0.014862939,-0.269685482,0.109643110,6.282087,0.014862939,-0.269685482,6.282087,0.002031036,0.074370807
wheel,1780715251.948258162,97.999902487,0.014718086,-0.269701428,0.109643110,6.282087,0.014718086,-0.269701428,6.282087,0.001559907,0.073627099
wheel,1780715251.968325377,98.019969702,0.014718086,-0.269701428,0.109643110,6.282087,0.014718086,-0.269701428,6.282087,0.001481912,0.072890828
wheel,1780715251.988367319,98.040011644,0.014573233,-0.269717374,0.109643110,6.282087,0.014573233,-0.269717374,6.282087,0.001044133,0.072161920
wheel,1780715252.008263350,98.059907675,0.014573233,-0.269717374,0.109643110,6.282087,0.014573233,-0.269717374,6.282087,0.000991926,0.071440300
wheel,1780715252.028321028,98.079965353,0.014500804,-0.269725330,0.109180481,6.255581,0.014500804,-0.269725330,6.255581,0.000760648,0.070495190
rtabmap,1780715252.032991886,98.635159254,0.053968821,-0.117950395,-2.110562356,-120.926315,0.081912433,0.100027106,-4.632320,0.002113007,0.001816045
wheel,1780715252.049261570,98.100905895,0.014500804,-0.269725330,0.109180481,6.255581,0.014500804,-0.269725330,6.255581,0.000722616,0.069790239
wheel,1780715252.068252325,98.119896650,0.014573236,-0.269717408,0.108717852,6.229074,0.014573236,-0.269717408,6.229074,0.000878353,0.068848695
wheel,1780715252.088778496,98.140422821,0.014573236,-0.269717408,0.108717852,6.229074,0.014573236,-0.269717408,6.229074,0.000834435,0.068160208
wheel,1780715252.108666658,98.160310984,0.014500804,-0.269725330,0.109180481,6.255581,0.014500804,-0.269725330,6.255581,0.000609447,0.067711324
wheel,1780715252.129842997,98.181487322,0.014355944,-0.269741210,0.109180481,6.255581,0.014355944,-0.269741210,6.255581,0.000235098,0.067034211
wheel,1780715252.148250341,98.199894667,0.014428383,-0.269733354,0.106867335,6.123047,0.014428383,-0.269733354,6.123047,0.000421272,0.065107177
wheel,1780715252.168248177,98.219892502,0.014645755,-0.269710289,0.104554190,5.990514,0.014645755,-0.269710289,5.990514,0.000946722,0.063299463
wheel,1780715252.188268900,98.239913225,0.014863180,-0.269687728,0.102241044,5.857980,0.014863180,-0.269687728,5.857980,0.001445327,0.061511037
wheel,1780715252.208267689,98.259912014,0.015225641,-0.269650963,0.099927898,5.725447,0.015225641,-0.269650963,5.725447,0.002283917,0.059739284
wheel,1780715252.229231358,98.280875683,0.015225641,-0.269650963,0.099927898,5.725447,0.015225641,-0.269650963,5.725447,0.002169721,0.059141891
wheel,1780715252.248257399,98.299901724,0.015950780,-0.269579614,0.096226865,5.513393,0.015950780,-0.269579614,5.513393,0.003975607,0.056605714
wheel,1780715252.268208981,98.319853306,0.015950780,-0.269579614,0.096226865,5.513393,0.015950780,-0.269579614,5.513393,0.003776826,0.056039656
wheel,1780715252.289261103,98.340905428,0.016966293,-0.269483014,0.093451090,5.354353,0.016966293,-0.269483014,5.354353,0.006010802,0.054160720
wheel,1780715252.308238268,98.359882593,0.017546687,-0.269428888,0.092525832,5.301340,0.017546687,-0.269428888,5.301340,0.007246012,0.053131573
wheel,1780715252.328247786,98.379892111,0.018272243,-0.269361902,0.091600573,5.248326,0.018272243,-0.269361902,5.248326,0.008704512,0.052137832
wheel,1780715252.349076033,98.400720358,0.019070404,-0.269288771,0.091137944,5.221820,0.019070404,-0.269288771,5.221820,0.010193566,0.051394314
wheel,1780715252.368260860,98.419905186,0.019941181,-0.269209596,0.090212686,5.168806,0.019941181,-0.269209596,5.168806,0.011963060,0.050398007
wheel,1780715252.388260841,98.439905167,0.020957131,-0.269117695,0.090212686,5.168806,0.020957131,-0.269117695,5.168806,0.013914666,0.049894027
wheel,1780715252.409251213,98.460895538,0.020957131,-0.269117695,0.090212686,5.168806,0.020957131,-0.269117695,5.168806,0.013218933,0.049395086
wheel,1780715252.428280830,98.479925156,0.023206685,-0.268913680,0.090675315,5.195313,0.023206685,-0.268913680,5.195313,0.018492985,0.049144249
rtabmap,1780715252.433219433,99.035386801,0.057493828,-0.115802146,-2.091174751,-119.815487,0.078424960,0.102235766,-3.521492,-0.009130944,0.048442531
wheel,1780715252.450218916,98.501863241,0.023206685,-0.268913680,0.090675315,5.195313,0.023206685,-0.268913680,5.195313,0.017568336,0.048652806
wheel,1780715252.468270063,98.519914389,0.024367721,-0.268808113,0.090675315,5.195313,0.024367721,-0.268808113,5.195313,0.019918636,0.048166278
wheel,1780715252.488248110,98.539892435,0.027197687,-0.268550139,0.091137944,5.221820,0.027197687,-0.268550139,5.221820,0.026034590,0.047916179
wheel,1780715252.508244991,98.559889317,0.028213551,-0.268457298,0.091137944,5.221820,0.028213551,-0.268457298,5.221820,0.027283501,0.047437017
wheel,1780715252.528339148,98.579983473,0.028213551,-0.268457298,0.091137944,5.221820,0.028213551,-0.268457298,5.221820,0.025919326,0.046962647
wheel,1780715252.550210714,98.601855040,0.029737378,-0.268318389,0.090675315,5.195313,0.029737378,-0.268318389,5.195313,0.028121347,0.046281502
wheel,1780715252.568244696,98.619889021,0.033002998,-0.268023749,0.089287427,5.115793,0.033002998,-0.268023749,5.115793,0.035806129,0.045049091
wheel,1780715252.588240147,98.639884472,0.034599754,-0.267882288,0.087436911,5.009766,0.034599754,-0.267882288,5.009766,0.038024116,0.043673164
wheel,1780715252.610259295,98.661903620,0.034599754,-0.267882288,0.087436911,5.009766,0.034599754,-0.267882288,5.009766,0.036122910,0.043236433
wheel,1780715252.628288746,98.679933071,0.036414580,-0.267725314,0.085123765,4.877232,0.036414580,-0.267725314,4.877232,0.039367370,0.041521375
wheel,1780715252.648289204,98.699933529,0.038520194,-0.267548095,0.082810619,4.744699,0.038520194,-0.267548095,4.744699,0.042681716,0.039949573
wheel,1780715252.668276072,98.719920397,0.040844120,-0.267358455,0.080034844,4.585659,0.040844120,-0.267358455,4.585659,0.046380310,0.038161345
wheel,1780715252.688287020,98.739931345,0.043241246,-0.267170097,0.076796440,4.400112,0.043241246,-0.267170097,4.400112,0.050069508,0.036161357
rtabmap,1780715252.699948311,99.302115679,0.069392465,-0.097580247,-2.073995824,-118.831207,0.056817602,0.104831398,-2.537212,-0.081453517,0.064405821
wheel,1780715252.708289623,98.759933949,0.045638970,-0.266989502,0.073558036,4.214565,0.045638970,-0.266989502,4.214565,0.053576108,0.034180868
wheel,1780715252.728259325,98.779903650,0.051017411,-0.266608167,0.068006486,3.896485,0.051017411,-0.266608167,3.896485,0.064397934,0.031059007
wheel,1780715252.748680353,98.800324678,0.051017411,-0.266608167,0.068006486,3.896485,0.051017411,-0.266608167,3.896485,0.061178037,0.030748417
wheel,1780715252.768259764,98.819904089,0.056397393,-0.266249229,0.065230711,3.737444,0.056397393,-0.266249229,3.737444,0.071883695,0.029023732
wheel,1780715252.788269043,98.839913368,0.058942251,-0.266083581,0.064768082,3.710938,0.058942251,-0.266083581,3.710938,0.074662238,0.028502284
wheel,1780715252.808262825,98.859907150,0.061559859,-0.265913806,0.064768082,3.710938,0.061559859,-0.265913806,3.710938,0.077488933,0.028217262
wheel,1780715252.828259468,98.879903793,0.064104717,-0.265748159,0.065230711,3.737444,0.064104717,-0.265748159,3.737444,0.079991773,0.028166464
wheel,1780715252.849215746,98.900860071,0.064104717,-0.265748159,0.065230711,3.737444,0.064104717,-0.265748159,3.737444,0.075992185,0.027884800
wheel,1780715252.871314049,98.922958374,0.066504008,-0.265589757,0.066618599,3.816965,0.066504008,-0.265589757,3.816965,0.077634364,0.028234153
wheel,1780715252.888269424,98.939913750,0.071519930,-0.265246949,0.069857003,4.002511,0.071519930,-0.265246949,4.002511,0.088573687,0.029861124
wheel,1780715252.908257484,98.959901810,0.073482302,-0.265107359,0.072170149,4.135045,0.073482302,-0.265107359,4.135045,0.089065973,0.030719707
wheel,1780715252.928247929,98.979892254,0.073482302,-0.265107359,0.072170149,4.135045,0.073482302,-0.265107359,4.135045,0.084612674,0.030412510
wheel,1780715252.948239326,98.999883652,0.077624253,-0.264801172,0.075408553,4.320592,0.077624253,-0.264801172,4.320592,0.090759617,0.031726721
wheel,1780715252.968436718,99.020081043,0.077624253,-0.264801172,0.075408553,4.320592,0.077624253,-0.264801172,4.320592,0.086221636,0.031409453
wheel,1780715252.988258839,99.039903164,0.081329826,-0.264522071,0.074945924,4.294085,0.081329826,-0.264522071,4.294085,0.091283643,0.030861980
wheel,1780715253.008258581,99.059902906,0.082928392,-0.264402784,0.074020665,4.241072,0.082928392,-0.264402784,4.241072,0.090727181,0.030090708
wheel,1780715253.028327942,99.079972267,0.082928392,-0.264402784,0.074020665,4.241072,0.082928392,-0.264402784,4.241072,0.086190822,0.029789801
wheel,1780715253.048244715,99.099889040,0.085980615,-0.264180702,0.071244890,4.082032,0.085980615,-0.264180702,4.082032,0.089564257,0.028098166
wheel,1780715253.068236113,99.119880438,0.087143521,-0.264098251,0.070319632,4.029018,0.087143521,-0.264098251,4.029018,0.088001723,0.027354378
wheel,1780715253.088253975,99.139898300,0.088233834,-0.264022214,0.068931744,3.949498,0.088233834,-0.264022214,3.949498,0.086331732,0.026387477
wheel,1780715253.108258724,99.159903049,0.089251541,-0.263952423,0.068006486,3.896485,0.089251541,-0.263952423,3.896485,0.084564722,0.025661094
wheel,1780715253.128271818,99.179916143,0.090123917,-0.263893410,0.067081228,3.843471,0.090123917,-0.263893410,3.843471,0.082523976,0.024941522
wheel,1780715253.148239613,99.199883938,0.090923632,-0.263839869,0.066618599,3.816965,0.090923632,-0.263839869,3.816965,0.080401900,0.024460751
wheel,1780715253.168312073,99.219956398,0.091650656,-0.263791364,0.066618599,3.816965,0.091650656,-0.263791364,3.816965,0.078197996,0.024216143
wheel,1780715253.188321114,99.239965439,0.091650656,-0.263791364,0.066618599,3.816965,0.091650656,-0.263791364,3.816965,0.074288096,0.023973982
wheel,1780715253.208257198,99.259901524,0.092595803,-0.263728526,0.066155970,3.790458,0.092595803,-0.263728526,3.790458,0.072949026,0.023502219
wheel,1780715253.228587866,99.280232191,0.092595803,-0.263728526,0.066155970,3.790458,0.092595803,-0.263728526,3.790458,0.069301574,0.023267197
rtabmap,1780715253.233593464,99.835760832,0.091042832,-0.052581560,-2.066809904,-118.419485,0.006884181,0.104308269,-2.125489,-0.093435377,0.013467110
wheel,1780715253.248250961,99.299895287,0.092959332,-0.263704526,0.065693340,3.763951,0.092959332,-0.263704526,3.763951,0.066762734,0.022799290
wheel,1780715253.270566940,99.322211266,0.093104746,-0.263694959,0.065693340,3.763951,0.093104746,-0.263694959,3.763951,0.063751105,0.022571297
wheel,1780715253.288263083,99.339907408,0.093104746,-0.263694959,0.064768082,3.710938,0.093104746,-0.263694959,3.710938,0.060563549,0.021822655
wheel,1780715253.308715105,99.360359430,0.093104746,-0.263694959,0.064768082,3.710938,0.093104746,-0.263694959,3.710938,0.057535372,0.021604428
wheel,1780715253.330265284,99.381909609,0.093032036,-0.263699692,0.065230711,3.737444,0.093032036,-0.263699692,3.737444,0.054489546,0.021603059
wheel,1780715253.349787712,99.401432037,0.092886617,-0.263709191,0.065230711,3.737444,0.092886617,-0.263709191,3.737444,0.051391855,0.021387029
wheel,1780715253.368312120,99.419956446,0.092668487,-0.263723390,0.064768082,3.710938,0.092668487,-0.263723390,3.710938,0.048232129,0.020923367
wheel,1780715253.388274431,99.439918756,0.092159515,-0.263756519,0.065230711,3.737444,0.092159515,-0.263756519,3.737444,0.044541680,0.020946123
wheel,1780715253.408234596,99.459878922,0.091941391,-0.263770819,0.065693340,3.763951,0.091941391,-0.263770819,3.763951,0.041767717,0.020968144
wheel,1780715253.428235769,99.479880095,0.091650563,-0.263789952,0.065693340,3.763951,0.091650563,-0.263789952,3.763951,0.038950750,0.020758463
wheel,1780715253.448253632,99.499897957,0.091359736,-0.263809084,0.065693340,3.763951,0.091359736,-0.263809084,3.763951,0.036275205,0.020550878
wheel,1780715253.468253613,99.519897938,0.090996195,-0.263832917,0.065230711,3.737444,0.090996195,-0.263832917,3.737444,0.033550512,0.020114022
wheel,1780715253.489568472,99.541212797,0.090996195,-0.263832917,0.065230711,3.737444,0.090996195,-0.263832917,3.737444,0.031872986,0.019912882
wheel,1780715253.508239508,99.559883833,0.090341823,-0.263875814,0.065693340,3.763951,0.090341823,-0.263875814,3.763951,0.028523674,0.019961465
wheel,1780715253.528264761,99.579909086,0.089978283,-0.263899647,0.065230711,3.737444,0.089978283,-0.263899647,3.737444,0.026187708,0.019530795
wheel,1780715253.549070597,99.600714922,0.089978283,-0.263899647,0.065230711,3.737444,0.089978283,-0.263899647,3.737444,0.024878322,0.019335487
rtabmap,1780715253.566598892,100.168766260,0.089730404,-0.055337425,-2.066545949,-118.404361,0.009936281,0.104352420,-2.110365,0.009154073,0.000793373
wheel,1780715253.569073677,99.620718002,0.089469342,-0.263933247,0.066618599,3.816965,0.089469342,-0.263933247,3.816965,0.022359405,0.019836010
wheel,1780715253.588282347,99.639926672,0.089323933,-0.263942881,0.065693340,3.763951,0.089323933,-0.263942881,3.763951,0.020862181,0.019156058
wheel,1780715253.608283520,99.659927845,0.088742295,-0.263981416,0.066618599,3.816965,0.088742295,-0.263981416,3.816965,0.018361789,0.019427127
wheel,1780715253.628456593,99.680100918,0.088742295,-0.263981416,0.066618599,3.816965,0.088742295,-0.263981416,3.816965,0.017443699,0.019232856
wheel,1780715253.649245262,99.700889587,0.088451485,-0.264000818,0.066618599,3.816965,0.088451485,-0.264000818,3.816965,0.015870476,0.019040527
wheel,1780715253.668326855,99.719971180,0.087942592,-0.264035125,0.068006486,3.896485,0.087942592,-0.264035125,3.896485,0.013740308,0.019577547
wheel,1780715253.688271284,99.739915609,0.087651800,-0.264054796,0.067081228,3.843471,0.087651800,-0.264054796,3.843471,0.012322752,0.018917937
wheel,1780715253.708291769,99.759936094,0.087651800,-0.264054796,0.067081228,3.843471,0.087651800,-0.264054796,3.843471,0.011706615,0.018728757
wheel,1780715253.729042053,99.780686378,0.087215612,-0.264084302,0.068006486,3.896485,0.087215612,-0.264084302,3.896485,0.010067805,0.018987387
wheel,1780715253.748285055,99.799929380,0.087215612,-0.264084302,0.068006486,3.896485,0.087215612,-0.264084302,3.896485,0.009564415,0.018797513
wheel,1780715253.768499851,99.820144176,0.087070221,-0.264094205,0.068006486,3.896485,0.087070221,-0.264094205,3.896485,0.008725770,0.018609538
wheel,1780715253.789753914,99.841398239,0.086924830,-0.264104108,0.068006486,3.896485,0.086924830,-0.264104108,3.896485,0.007946569,0.018423442
wheel,1780715253.808249712,99.859894037,0.086924830,-0.264104108,0.068006486,3.896485,0.086924830,-0.264104108,3.896485,0.007549241,0.018239208
wheel,1780715253.828243017,99.879887342,0.086924830,-0.264104108,0.068006486,3.896485,0.086924830,-0.264104108,3.896485,0.007171779,0.018056816
wheel,1780715253.848289490,99.899933815,0.086924830,-0.264104108,0.068006486,3.896485,0.086924830,-0.264104108,3.896485,0.006813190,0.017876248
wheel,1780715253.868285179,99.919929504,0.086924830,-0.264104108,0.068006486,3.896485,0.086924830,-0.264104108,3.896485,0.006472530,0.017697485
wheel,1780715253.888316870,99.939961195,0.086924830,-0.264104108,0.068006486,3.896485,0.086924830,-0.264104108,3.896485,0.006148904,0.017520510
wheel,1780715253.908259153,99.959903479,0.086924830,-0.264104108,0.068006486,3.896485,0.086924830,-0.264104108,3.896485,0.005841459,0.017345305
wheel,1780715253.928311586,99.979955912,0.086924830,-0.264104108,0.068006486,3.896485,0.086924830,-0.264104108,3.896485,0.005549386,0.017171852
wheel,1780715253.948301077,99.999945402,0.086924830,-0.264104108,0.068006486,3.896485,0.086924830,-0.264104108,3.896485,0.005271916,0.017000134
wheel,1780715253.970253706,100.021898031,0.086924830,-0.264104108,0.068006486,3.896485,0.086924830,-0.264104108,3.896485,0.005008321,0.016830132
wheel,1780715253.988278151,100.039922476,0.086924830,-0.264104108,0.068006486,3.896485,0.086924830,-0.264104108,3.896485,0.004757905,0.016661831
wheel,1780715254.010466814,100.062111139,0.086997524,-0.264099140,0.068469115,3.922991,0.086997524,-0.264099140,3.922991,0.004684184,0.016703688
wheel,1780715254.028282642,100.079926968,0.086997524,-0.264099140,0.068469115,3.922991,0.086997524,-0.264099140,3.922991,0.004449975,0.016536651
rtabmap,1780715254.033075809,100.635243177,0.088888057,-0.057755738,-2.069393206,-118.567497,0.012477519,0.104668486,-2.273501,0.005419076,-0.006102853
wheel,1780715254.048304796,100.099949121,0.086852138,-0.264109110,0.068469115,3.922991,0.086852138,-0.264109110,3.922991,0.003863572,0.016371285
wheel,1780715254.068448544,100.120092869,0.086852138,-0.264109110,0.068469115,3.922991,0.086852138,-0.264109110,3.922991,0.003670393,0.016207572
wheel,1780715254.088250637,100.139894962,0.086852138,-0.264109110,0.068469115,3.922991,0.086852138,-0.264109110,3.922991,0.003486873,0.016045496
wheel,1780715254.110432625,100.162076950,0.086852138,-0.264109110,0.068469115,3.922991,0.086852138,-0.264109110,3.922991,0.003312530,0.015885041
wheel,1780715254.128264666,100.179908991,0.086852138,-0.264109110,0.068469115,3.922991,0.086852138,-0.264109110,3.922991,0.003146903,0.015726191
wheel,1780715254.148242474,100.199886799,0.086852138,-0.264109110,0.068469115,3.922991,0.086852138,-0.264109110,3.922991,0.002989558,0.015568929
wheel,1780715254.173058033,100.224702358,0.086852138,-0.264109110,0.068469115,3.922991,0.086852138,-0.264109110,3.922991,0.002840080,0.015413240
wheel,1780715254.188314438,100.239958763,0.086852138,-0.264109110,0.068469115,3.922991,0.086852138,-0.264109110,3.922991,0.002698076,0.015259107
wheel,1780715254.208286047,100.259930372,0.086852138,-0.264109110,0.068469115,3.922991,0.086852138,-0.264109110,3.922991,0.002563172,0.015106516
wheel,1780715254.228410959,100.280055285,0.086852138,-0.264109110,0.068469115,3.922991,0.086852138,-0.264109110,3.922991,0.002435014,0.014955451
wheel,1780715254.248397827,100.300042152,0.086852138,-0.264109110,0.068469115,3.922991,0.086852138,-0.264109110,3.922991,0.002313263,0.014805897
wheel,1780715254.268290997,100.319935322,0.086852138,-0.264109110,0.068469115,3.922991,0.086852138,-0.264109110,3.922991,0.002197600,0.014657838
wheel,1780715254.288261652,100.339905977,0.086852138,-0.264109110,0.068469115,3.922991,0.086852138,-0.264109110,3.922991,0.002087720,0.014511259
wheel,1780715254.308426380,100.360070705,0.086852138,-0.264109110,0.068469115,3.922991,0.086852138,-0.264109110,3.922991,0.001983334,0.014366147
wheel,1780715254.328521967,100.380166292,0.086852138,-0.264109110,0.068469115,3.922991,0.086852138,-0.264109110,3.922991,0.001884167,0.014222485
rtabmap,1780715254.333321095,100.935488462,0.088707335,-0.057626698,-2.069152012,-118.553677,0.012441885,0.104449301,-2.259682,-0.000089635,0.000804204
wheel,1780715254.348254204,100.399898529,0.086852138,-0.264109110,0.068469115,3.922991,0.086852138,-0.264109110,3.922991,0.001789959,0.014080260
wheel,1780715254.368273258,100.419917583,0.086852138,-0.264109110,0.068469115,3.922991,0.086852138,-0.264109110,3.922991,0.001700461,0.013939458
wheel,1780715254.392215490,100.443859816,0.086852138,-0.264109110,0.068469115,3.922991,0.086852138,-0.264109110,3.922991,0.001615438,0.013800063
wheel,1780715254.408267498,100.459911823,0.086852138,-0.264109110,0.068469115,3.922991,0.086852138,-0.264109110,3.922991,0.001534666,0.013662063
wheel,1780715254.428206205,100.479850531,0.086852138,-0.264109110,0.068469115,3.922991,0.086852138,-0.264109110,3.922991,0.001457933,0.013525442
wheel,1780715254.449802876,100.501447201,0.086852138,-0.264109110,0.068469115,3.922991,0.086852138,-0.264109110,3.922991,0.001385036,0.013390187
wheel,1780715254.469192505,100.520836830,0.086852138,-0.264109110,0.068469115,3.922991,0.086852138,-0.264109110,3.922991,0.001315784,0.013256286
wheel,1780715254.488242388,100.539886713,0.086852138,-0.264109110,0.068469115,3.922991,0.086852138,-0.264109110,3.922991,0.001249995,0.013123723
wheel,1780715254.508775711,100.560420036,0.086852138,-0.264109110,0.068469115,3.922991,0.086852138,-0.264109110,3.922991,0.001187495,0.012992486
wheel,1780715254.530329943,100.581974268,0.086852138,-0.264109110,0.068469115,3.922991,0.086852138,-0.264109110,3.922991,0.001128120,0.012862561
wheel,1780715254.548291445,100.599935770,0.086852138,-0.264109110,0.068469115,3.922991,0.086852138,-0.264109110,3.922991,0.001071714,0.012733935
wheel,1780715254.568748951,100.620393276,0.086852138,-0.264109110,0.068469115,3.922991,0.086852138,-0.264109110,3.922991,0.001018129,0.012606596
wheel,1780715254.588354588,100.639998913,0.086852138,-0.264109110,0.068469115,3.922991,0.086852138,-0.264109110,3.922991,0.000967222,0.012480530
wheel,1780715254.608276606,100.659920931,0.086852138,-0.264109110,0.068469115,3.922991,0.086852138,-0.264109110,3.922991,0.000918861,0.012355724
wheel,1780715254.628268480,100.679912806,0.086852138,-0.264109110,0.068469115,3.922991,0.086852138,-0.264109110,3.922991,0.000872918,0.012232167
wheel,1780715254.648236752,100.699881077,0.086852138,-0.264109110,0.068469115,3.922991,0.086852138,-0.264109110,3.922991,0.000829272,0.012109846
wheel,1780715254.668290377,100.719934702,0.086852138,-0.264109110,0.068469115,3.922991,0.086852138,-0.264109110,3.922991,0.000787809,0.011988747
wheel,1780715254.688303471,100.739947796,0.086852138,-0.264109110,0.068469115,3.922991,0.086852138,-0.264109110,3.922991,0.000748418,0.011868860
wheel,1780715254.708970308,100.760614634,0.086852138,-0.264109110,0.068469115,3.922991,0.086852138,-0.264109110,3.922991,0.000710997,0.011750171
wheel,1780715254.728315592,100.779959917,0.086852138,-0.264109110,0.068469115,3.922991,0.086852138,-0.264109110,3.922991,0.000675447,0.011632669
rtabmap,1780715254.733538151,101.335705519,0.087547392,-0.057148393,-2.069195481,-118.556168,0.012526898,0.103197495,-2.262172,0.000335571,-0.000108943
wheel,1780715254.748260975,100.799905300,0.086779445,-0.264114112,0.068931744,3.949498,0.086779445,-0.264114112,3.949498,0.000459042,0.011748257
wheel,1780715254.768269300,100.819913626,0.086779445,-0.264114112,0.068931744,3.949498,0.086779445,-0.264114112,3.949498,0.000436090,0.011630775
wheel,1780715254.789474487,100.841118813,0.086779445,-0.264114112,0.068931744,3.949498,0.086779445,-0.264114112,3.949498,0.000414286,0.011514467
wheel,1780715254.808272839,100.859917164,0.086706753,-0.264119114,0.068469115,3.922991,0.086706753,-0.264119114,3.922991,0.000199774,0.011153231
wheel,1780715254.830932617,100.882576942,0.086706753,-0.264119114,0.068469115,3.922991,0.086706753,-0.264119114,3.922991,0.000189785,0.011041698
wheel,1780715254.848253250,100.899897575,0.086706753,-0.264119114,0.068469115,3.922991,0.086706753,-0.264119114,3.922991,0.000180296,0.010931281
wheel,1780715254.868241310,100.919885635,0.086634061,-0.264124115,0.068931744,3.949498,0.086634061,-0.264124115,3.949498,-0.000010977,0.011053408
wheel,1780715254.888249397,100.939893723,0.086634061,-0.264124115,0.068931744,3.949498,0.086634061,-0.264124115,3.949498,-0.000010428,0.010942874
wheel,1780715254.908371925,100.960016251,0.086634061,-0.264124115,0.068931744,3.949498,0.086634061,-0.264124115,3.949498,-0.000009907,0.010833445
wheel,1780715254.928309441,100.979953766,0.086561369,-0.264129117,0.068469115,3.922991,0.086561369,-0.264129117,3.922991,-0.000192048,0.010493190
wheel,1780715254.949236393,101.000880718,0.086561369,-0.264129117,0.068469115,3.922991,0.086561369,-0.264129117,3.922991,-0.000182446,0.010388258
wheel,1780715254.968237877,101.019882202,0.086488674,-0.264134086,0.068006486,3.896485,0.086488674,-0.264134086,3.896485,-0.000365001,0.010040976
wheel,1780715254.988260508,101.039904833,0.086488674,-0.264134086,0.068006486,3.896485,0.086488674,-0.264134086,3.896485,-0.000346751,0.009940566
wheel,1780715255.008195639,101.059839964,0.086488674,-0.264134086,0.068006486,3.896485,0.086488674,-0.264134086,3.896485,-0.000329413,0.009841160
wheel,1780715255.028235912,101.079880238,0.086561369,-0.264129117,0.068469115,3.922991,0.086561369,-0.264129117,3.922991,-0.000131146,0.009973601
rtabmap,1780715255.033534527,101.635701895,0.089270338,-0.058143497,-2.069242841,-118.558882,0.012655815,0.105182982,-2.264886,0.000168146,-0.000158054
wheel,1780715255.048274517,101.099918842,0.086561369,-0.264129117,0.068469115,3.922991,0.086561369,-0.264129117,3.922991,-0.000124589,0.009873865
wheel,1780715255.069216728,101.120861053,0.086561369,-0.264129117,0.068469115,3.922991,0.086561369,-0.264129117,3.922991,-0.000118360,0.009775127
wheel,1780715255.088240623,101.139884949,0.086561369,-0.264129117,0.068469115,3.922991,0.086561369,-0.264129117,3.922991,-0.000112442,0.009677375
wheel,1780715255.108274460,101.159918785,0.086561369,-0.264129117,0.068469115,3.922991,0.086561369,-0.264129117,3.922991,-0.000106820,0.009580602
wheel,1780715255.128265619,101.179909945,0.086488677,-0.264134119,0.068931744,3.949498,0.086488677,-0.264134119,3.949498,-0.000283680,0.009716163
wheel,1780715255.148296833,101.199941158,0.086488677,-0.264134119,0.068931744,3.949498,0.086488677,-0.264134119,3.949498,-0.000269496,0.009619001
wheel,1780715255.168298483,101.219942808,0.086488677,-0.264134119,0.068931744,3.949498,0.086488677,-0.264134119,3.949498,-0.000256021,0.009522811
wheel,1780715255.188332081,101.239976406,0.086488677,-0.264134119,0.068931744,3.949498,0.086488677,-0.264134119,3.949498,-0.000243220,0.009427583
wheel,1780715255.208263874,101.259908199,0.086561369,-0.264129117,0.068469115,3.922991,0.086561369,-0.264129117,3.922991,-0.000048470,0.009101448
wheel,1780715255.230159998,101.281804323,0.086561369,-0.264129117,0.068469115,3.922991,0.086561369,-0.264129117,3.922991,-0.000046047,0.009010433
wheel,1780715255.248303652,101.299947977,0.086561369,-0.264129117,0.068469115,3.922991,0.086561369,-0.264129117,3.922991,-0.000043744,0.008920329
wheel,1780715255.268280506,101.319924831,0.086488677,-0.264134119,0.068931744,3.949498,0.086488677,-0.264134119,3.949498,-0.000223913,0.009062689
wheel,1780715255.288246870,101.339891195,0.086488677,-0.264134119,0.068931744,3.949498,0.086488677,-0.264134119,3.949498,-0.000212718,0.008972062
wheel,1780715255.308255196,101.359899521,0.086488677,-0.264134119,0.068931744,3.949498,0.086488677,-0.264134119,3.949498,-0.000202082,0.008882342
wheel,1780715255.328271866,101.379916191,0.086415984,-0.264139121,0.068469115,3.922991,0.086415984,-0.264139121,3.922991,-0.000373986,0.008562396
wheel,1780715255.349251032,101.400895357,0.086415984,-0.264139121,0.068469115,3.922991,0.086415984,-0.264139121,3.922991,-0.000355287,0.008476772
wheel,1780715255.369209766,101.420854092,0.086415984,-0.264139121,0.068469115,3.922991,0.086415984,-0.264139121,3.922991,-0.000337522,0.008392004
wheel,1780715255.388252974,101.439897299,0.086415984,-0.264139121,0.068469115,3.922991,0.086415984,-0.264139121,3.922991,-0.000320646,0.008308084
rtabmap,1780715255.400057077,102.002224445,0.087939940,-0.057195526,-2.069479878,-118.572463,0.012395264,0.103570307,-2.278467,-0.000536432,-0.000645447
wheel,1780715255.408265591,101.459909916,0.086415984,-0.264139121,0.068469115,3.922991,0.086415984,-0.264139121,3.922991,-0.000304614,0.008225004
wheel,1780715255.430116653,101.481760979,0.086415984,-0.264139121,0.068469115,3.922991,0.086415984,-0.264139121,3.922991,-0.000289383,0.008142754
wheel,1780715255.448341846,101.499986172,0.086415984,-0.264139121,0.068469115,3.922991,0.086415984,-0.264139121,3.922991,-0.000274914,0.008061326
wheel,1780715255.470506668,101.522150993,0.086415984,-0.264139121,0.068469115,3.922991,0.086415984,-0.264139121,3.922991,-0.000261168,0.007980713
wheel,1780715255.488267899,101.539912224,0.086415984,-0.264139121,0.068469115,3.922991,0.086415984,-0.264139121,3.922991,-0.000248110,0.007900906
wheel,1780715255.508237362,101.559881687,0.086415984,-0.264139121,0.068469115,3.922991,0.086415984,-0.264139121,3.922991,-0.000235704,0.007821897
wheel,1780715255.528242350,101.579886675,0.086415984,-0.264139121,0.068469115,3.922991,0.086415984,-0.264139121,3.922991,-0.000223919,0.007743678
wheel,1780715255.549346924,101.600991249,0.086415984,-0.264139121,0.068469115,3.922991,0.086415984,-0.264139121,3.922991,-0.000212723,0.007666241
wheel,1780715255.568319798,101.619964123,0.086415984,-0.264139121,0.068469115,3.922991,0.086415984,-0.264139121,3.922991,-0.000202087,0.007589578
wheel,1780715255.588278294,101.639922619,0.086415984,-0.264139121,0.068469115,3.922991,0.086415984,-0.264139121,3.922991,-0.000191983,0.007513683
wheel,1780715255.610544682,101.662189007,0.086415984,-0.264139121,0.068469115,3.922991,0.086415984,-0.264139121,3.922991,-0.000182384,0.007438546
wheel,1780715255.628266573,101.679910898,0.086415984,-0.264139121,0.068469115,3.922991,0.086415984,-0.264139121,3.922991,-0.000173264,0.007364160
wheel,1780715255.648246288,101.699890614,0.086415984,-0.264139121,0.068469115,3.922991,0.086415984,-0.264139121,3.922991,-0.000164601,0.007290519
rtabmap,1780715255.666817188,102.268984556,0.088170312,-0.056666382,-2.069616714,-118.580303,0.011818819,0.103542444,-2.286307,-0.002155049,-0.000511341
wheel,1780715255.668248415,101.719892740,0.086415984,-0.264139121,0.068469115,3.922991,0.086415984,-0.264139121,3.922991,-0.000156371,0.007217614
wheel,1780715255.688258410,101.739902735,0.086415984,-0.264139121,0.068469115,3.922991,0.086415984,-0.264139121,3.922991,-0.000148553,0.007145437
wheel,1780715255.708252907,101.759897232,0.086415984,-0.264139121,0.068469115,3.922991,0.086415984,-0.264139121,3.922991,-0.000141125,0.007073983
wheel,1780715255.728290319,101.779934645,0.086415984,-0.264139121,0.068469115,3.922991,0.086415984,-0.264139121,3.922991,-0.000134069,0.007003243
wheel,1780715255.748263836,101.799908161,0.086415984,-0.264139121,0.068469115,3.922991,0.086415984,-0.264139121,3.922991,-0.000127365,0.006933211
wheel,1780715255.771220446,101.822864771,0.086415984,-0.264139121,0.068469115,3.922991,0.086415984,-0.264139121,3.922991,-0.000120997,0.006863879
wheel,1780715255.788419008,101.840063334,0.086415984,-0.264139121,0.068469115,3.922991,0.086415984,-0.264139121,3.922991,-0.000114947,0.006795240
wheel,1780715255.808237314,101.859881639,0.086415984,-0.264139121,0.068469115,3.922991,0.086415984,-0.264139121,3.922991,-0.000109200,0.006727288
wheel,1780715255.828296900,101.879941225,0.086415984,-0.264139121,0.068469115,3.922991,0.086415984,-0.264139121,3.922991,-0.000103740,0.006660015
wheel,1780715255.848255157,101.899899483,0.086415984,-0.264139121,0.068469115,3.922991,0.086415984,-0.264139121,3.922991,-0.000098553,0.006593414
wheel,1780715255.868318319,101.919962645,0.086415984,-0.264139121,0.068469115,3.922991,0.086415984,-0.264139121,3.922991,-0.000093625,0.006527480
wheel,1780715255.888377666,101.940021992,0.086415984,-0.264139121,0.068469115,3.922991,0.086415984,-0.264139121,3.922991,-0.000088944,0.006462206
wheel,1780715255.908332825,101.959977150,0.086415984,-0.264139121,0.068469115,3.922991,0.086415984,-0.264139121,3.922991,-0.000084497,0.006397583
wheel,1780715255.928406715,101.980051041,0.086415984,-0.264139121,0.068469115,3.922991,0.086415984,-0.264139121,3.922991,-0.000080272,0.006333608
wheel,1780715255.948305607,101.999949932,0.086415984,-0.264139121,0.068469115,3.922991,0.086415984,-0.264139121,3.922991,-0.000076258,0.006270272
wheel,1780715255.968269348,102.019913673,0.086415984,-0.264139121,0.068469115,3.922991,0.086415984,-0.264139121,3.922991,-0.000072445,0.006207569
wheel,1780715255.988249779,102.039894104,0.086415984,-0.264139121,0.068469115,3.922991,0.086415984,-0.264139121,3.922991,-0.000068823,0.006145493
wheel,1780715256.008300543,102.059944868,0.086415984,-0.264139121,0.068469115,3.922991,0.086415984,-0.264139121,3.922991,-0.000065382,0.006084038
wheel,1780715256.028247118,102.079891443,0.086415984,-0.264139121,0.068469115,3.922991,0.086415984,-0.264139121,3.922991,-0.000062113,0.006023198
rtabmap,1780715256.034007311,102.636174679,0.088949583,-0.057442542,-2.069518270,-118.574663,0.012169473,0.104584908,-2.280667,0.000840947,0.000268001
wheel,1780715256.049269676,102.100914001,0.086415984,-0.264139121,0.068469115,3.922991,0.086415984,-0.264139121,3.922991,-0.000059007,0.005962966
wheel,1780715256.068338394,102.119982719,0.086415984,-0.264139121,0.068469115,3.922991,0.086415984,-0.264139121,3.922991,-0.000056057,0.005903336
wheel,1780715256.088259935,102.139904261,0.086343292,-0.264144123,0.068931744,3.949498,0.086343292,-0.264144123,3.949498,-0.000236094,0.006076481
wheel,1780715256.108284235,102.159928560,0.086343292,-0.264144123,0.068931744,3.949498,0.086343292,-0.264144123,3.949498,-0.000224290,0.006015716
wheel,1780715256.128883600,102.180527925,0.086343292,-0.264144123,0.068931744,3.949498,0.086343292,-0.264144123,3.949498,-0.000213075,0.005955559
wheel,1780715256.148278475,102.199922800,0.086343292,-0.264144123,0.068931744,3.949498,0.086343292,-0.264144123,3.949498,-0.000202421,0.005896004
wheel,1780715256.168270826,102.219915152,0.086343292,-0.264144123,0.068931744,3.949498,0.086343292,-0.264144123,3.949498,-0.000192300,0.005837044
wheel,1780715256.188377380,102.240021706,0.086343292,-0.264144123,0.068931744,3.949498,0.086343292,-0.264144123,3.949498,-0.000182685,0.005778673
wheel,1780715256.208257675,102.259902000,0.086343292,-0.264144123,0.068931744,3.949498,0.086343292,-0.264144123,3.949498,-0.000173551,0.005720886
wheel,1780715256.228357792,102.280002117,0.086343292,-0.264144123,0.068931744,3.949498,0.086343292,-0.264144123,3.949498,-0.000164874,0.005663678
wheel,1780715256.248262644,102.299906969,0.086343292,-0.264144123,0.068931744,3.949498,0.086343292,-0.264144123,3.949498,-0.000156630,0.005607041
wheel,1780715256.269239426,102.320883751,0.086343292,-0.264144123,0.068931744,3.949498,0.086343292,-0.264144123,3.949498,-0.000148798,0.005550970
wheel,1780715256.288422823,102.340067148,0.086343292,-0.264144123,0.068931744,3.949498,0.086343292,-0.264144123,3.949498,-0.000141358,0.005495461
wheel,1780715256.309345722,102.360990047,0.086343292,-0.264144123,0.068931744,3.949498,0.086343292,-0.264144123,3.949498,-0.000134291,0.005440506
wheel,1780715256.328282356,102.379926682,0.086343292,-0.264144123,0.068931744,3.949498,0.086343292,-0.264144123,3.949498,-0.000127576,0.005386101
wheel,1780715256.348435402,102.400079727,0.086343292,-0.264144123,0.068931744,3.949498,0.086343292,-0.264144123,3.949498,-0.000121197,0.005332240
rtabmap,1780715256.367399693,102.969567060,0.088266522,-0.057532661,-2.069949687,-118.599381,0.012552848,0.104012441,-2.305385,0.001217340,-0.001294563
wheel,1780715256.368281126,102.419925451,0.086343292,-0.264144123,0.068931744,3.949498,0.086343292,-0.264144123,3.949498,-0.000115137,0.005278918
wheel,1780715256.388248444,102.439892769,0.086343292,-0.264144123,0.068931744,3.949498,0.086343292,-0.264144123,3.949498,-0.000109380,0.005226128
wheel,1780715256.408273697,102.459918022,0.086343292,-0.264144123,0.068931744,3.949498,0.086343292,-0.264144123,3.949498,-0.000103911,0.005173867
wheel,1780715256.428349733,102.479994059,0.086343292,-0.264144123,0.068931744,3.949498,0.086343292,-0.264144123,3.949498,-0.000098716,0.005122128
wheel,1780715256.450244188,102.501888514,0.086343292,-0.264144123,0.068931744,3.949498,0.086343292,-0.264144123,3.949498,-0.000093780,0.005070907
wheel,1780715256.468253613,102.519897938,0.086343292,-0.264144123,0.068931744,3.949498,0.086343292,-0.264144123,3.949498,-0.000089091,0.005020198
wheel,1780715256.488252640,102.539896965,0.086343292,-0.264144123,0.068931744,3.949498,0.086343292,-0.264144123,3.949498,-0.000084637,0.004969996
wheel,1780715256.508327723,102.559972048,0.086343292,-0.264144123,0.068931744,3.949498,0.086343292,-0.264144123,3.949498,-0.000080405,0.004920296
wheel,1780715256.529813766,102.581458092,0.086343292,-0.264144123,0.068931744,3.949498,0.086343292,-0.264144123,3.949498,-0.000076384,0.004871093
wheel,1780715256.549567699,102.601212025,0.086343292,-0.264144123,0.068931744,3.949498,0.086343292,-0.264144123,3.949498,-0.000072565,0.004822382
wheel,1780715256.571358442,102.623002768,0.086343292,-0.264144123,0.068931744,3.949498,0.086343292,-0.264144123,3.949498,-0.000068937,0.004774158
wheel,1780715256.589052916,102.640697241,0.086343292,-0.264144123,0.068931744,3.949498,0.086343292,-0.264144123,3.949498,-0.000065490,0.004726417
wheel,1780715256.608301163,102.659945488,0.086343292,-0.264144123,0.068931744,3.949498,0.086343292,-0.264144123,3.949498,-0.000062216,0.004679153
wheel,1780715256.630804062,102.682448387,0.086343292,-0.264144123,0.068931744,3.949498,0.086343292,-0.264144123,3.949498,-0.000059105,0.004632361
wheel,1780715256.648250341,102.699894667,0.086343292,-0.264144123,0.068931744,3.949498,0.086343292,-0.264144123,3.949498,-0.000056150,0.004586038
wheel,1780715256.668235779,102.719880104,0.086343292,-0.264144123,0.068931744,3.949498,0.086343292,-0.264144123,3.949498,-0.000053342,0.004540177
wheel,1780715256.688245296,102.739889622,0.086343292,-0.264144123,0.068931744,3.949498,0.086343292,-0.264144123,3.949498,-0.000050675,0.004494775
wheel,1780715256.708274841,102.759919167,0.086343292,-0.264144123,0.068931744,3.949498,0.086343292,-0.264144123,3.949498,-0.000048141,0.004449828
wheel,1780715256.728269339,102.779913664,0.086343292,-0.264144123,0.068931744,3.949498,0.086343292,-0.264144123,3.949498,-0.000045734,0.004405329
wheel,1780715256.749130249,102.800774574,0.086343292,-0.264144123,0.068931744,3.949498,0.086343292,-0.264144123,3.949498,-0.000043448,0.004361276
rtabmap,1780715256.766800880,103.368968248,0.089119419,-0.057904672,-2.069727360,-118.586642,0.012508554,0.104941884,-2.292647,-0.000204426,0.000557169
wheel,1780715256.769338846,102.820983171,0.086343292,-0.264144123,0.068931744,3.949498,0.086343292,-0.264144123,3.949498,-0.000041275,0.004317663
wheel,1780715256.788309574,102.839953899,0.086343292,-0.264144123,0.068931744,3.949498,0.086343292,-0.264144123,3.949498,-0.000039211,0.004274487
wheel,1780715256.808336735,102.859981060,0.086343292,-0.264144123,0.068931744,3.949498,0.086343292,-0.264144123,3.949498,-0.000037251,0.004231742
wheel,1780715256.828247309,102.879891634,0.086343292,-0.264144123,0.068931744,3.949498,0.086343292,-0.264144123,3.949498,-0.000035388,0.004189424
wheel,1780715256.849098921,102.900743246,0.086343292,-0.264144123,0.068931744,3.949498,0.086343292,-0.264144123,3.949498,-0.000033619,0.004147530
wheel,1780715256.868303061,102.919947386,0.086343292,-0.264144123,0.068931744,3.949498,0.086343292,-0.264144123,3.949498,-0.000031938,0.004106055
wheel,1780715256.888317108,102.939961433,0.086343292,-0.264144123,0.068931744,3.949498,0.086343292,-0.264144123,3.949498,-0.000030341,0.004064994
wheel,1780715256.909215450,102.960859776,0.086343292,-0.264144123,0.068931744,3.949498,0.086343292,-0.264144123,3.949498,-0.000028824,0.004024344
wheel,1780715256.928278685,102.979923010,0.086343292,-0.264144123,0.068931744,3.949498,0.086343292,-0.264144123,3.949498,-0.000027383,0.003984101
wheel,1780715256.948345661,102.999989986,0.086343292,-0.264144123,0.068931744,3.949498,0.086343292,-0.264144123,3.949498,-0.000026014,0.003944260
wheel,1780715256.970309258,103.021953583,0.086343292,-0.264144123,0.068931744,3.949498,0.086343292,-0.264144123,3.949498,-0.000024713,0.003904817
wheel,1780715256.988291740,103.039936066,0.086343292,-0.264144123,0.068931744,3.949498,0.086343292,-0.264144123,3.949498,-0.000023477,0.003865769
wheel,1780715257.008268118,103.059912443,0.086343292,-0.264144123,0.068931744,3.949498,0.086343292,-0.264144123,3.949498,-0.000022303,0.003827111
wheel,1780715257.028773785,103.080418110,0.086343292,-0.264144123,0.068931744,3.949498,0.086343292,-0.264144123,3.949498,-0.000021188,0.003788840
wheel,1780715257.048273802,103.099918127,0.086343292,-0.264144123,0.068931744,3.949498,0.086343292,-0.264144123,3.949498,-0.000020129,0.003750952
wheel,1780715257.068312168,103.119956493,0.086343292,-0.264144123,0.068931744,3.949498,0.086343292,-0.264144123,3.949498,-0.000019122,0.003713442
wheel,1780715257.088400602,103.140044928,0.086343292,-0.264144123,0.068931744,3.949498,0.086343292,-0.264144123,3.949498,-0.000018166,0.003676308
wheel,1780715257.108260632,103.159904957,0.086343292,-0.264144123,0.068931744,3.949498,0.086343292,-0.264144123,3.949498,-0.000017258,0.003639545
wheel,1780715257.128251791,103.179896116,0.086343292,-0.264144123,0.068931744,3.949498,0.086343292,-0.264144123,3.949498,-0.000016395,0.003603149
rtabmap,1780715257.133205652,103.735373020,0.088272370,-0.057667289,-2.069799554,-118.590779,0.012670956,0.104077322,-2.296783,0.000537267,-0.000196023
wheel,1780715257.148261786,103.199906111,0.086343292,-0.264144123,0.068931744,3.949498,0.086343292,-0.264144123,3.949498,-0.000015575,0.003567118
wheel,1780715257.168272018,103.219916344,0.086343292,-0.264144123,0.068931744,3.949498,0.086343292,-0.264144123,3.949498,-0.000014797,0.003531447
wheel,1780715257.188646317,103.240290642,0.086343292,-0.264144123,0.068931744,3.949498,0.086343292,-0.264144123,3.949498,-0.000014057,0.003496132
wheel,1780715257.208289862,103.259934187,0.086343292,-0.264144123,0.068931744,3.949498,0.086343292,-0.264144123,3.949498,-0.000013354,0.003461171
wheel,1780715257.230266094,103.281910419,0.086343292,-0.264144123,0.068931744,3.949498,0.086343292,-0.264144123,3.949498,-0.000012686,0.003426559
wheel,1780715257.248244047,103.299888372,0.086270600,-0.264149125,0.068469115,3.922991,0.086270600,-0.264149125,3.922991,-0.000214652,0.003135024
wheel,1780715257.268252134,103.319896460,0.086270600,-0.264149125,0.068469115,3.922991,0.086270600,-0.264149125,3.922991,-0.000203919,0.003103673
wheel,1780715257.288297176,103.339941502,0.086270600,-0.264149125,0.068469115,3.922991,0.086270600,-0.264149125,3.922991,-0.000193723,0.003072637
rtabmap,1780715257.300015211,103.902182579,0.087859869,-0.057456352,-2.069670464,-118.583383,0.012664573,0.103614060,-2.289387,0.000073050,0.000774316
wheel,1780715257.308299065,103.359943390,0.086270600,-0.264149125,0.068469115,3.922991,0.086270600,-0.264149125,3.922991,-0.000184037,0.003041910
wheel,1780715257.328253746,103.379898071,0.086270600,-0.264149125,0.068469115,3.922991,0.086270600,-0.264149125,3.922991,-0.000174835,0.003011491
wheel,1780715257.349573851,103.401218176,0.086270600,-0.264149125,0.068469115,3.922991,0.086270600,-0.264149125,3.922991,-0.000166094,0.002981376
wheel,1780715257.368301868,103.419946194,0.086270600,-0.264149125,0.068469115,3.922991,0.086270600,-0.264149125,3.922991,-0.000157789,0.002951563
wheel,1780715257.388256311,103.439900637,0.086270600,-0.264149125,0.068469115,3.922991,0.086270600,-0.264149125,3.922991,-0.000149899,0.002922047
wheel,1780715257.412041187,103.463685513,0.086270600,-0.264149125,0.068469115,3.922991,0.086270600,-0.264149125,3.922991,-0.000142405,0.002892827
wheel,1780715257.428246737,103.479891062,0.086270600,-0.264149125,0.068469115,3.922991,0.086270600,-0.264149125,3.922991,-0.000135284,0.002863898
wheel,1780715257.448269129,103.499913454,0.086270600,-0.264149125,0.068469115,3.922991,0.086270600,-0.264149125,3.922991,-0.000128520,0.002835259
wheel,1780715257.468255281,103.519899607,0.086270600,-0.264149125,0.068469115,3.922991,0.086270600,-0.264149125,3.922991,-0.000122094,0.002806907
wheel,1780715257.488484144,103.540128469,0.086270600,-0.264149125,0.068469115,3.922991,0.086270600,-0.264149125,3.922991,-0.000115989,0.002778838
wheel,1780715257.508239031,103.559883356,0.086270600,-0.264149125,0.068469115,3.922991,0.086270600,-0.264149125,3.922991,-0.000110190,0.002751049
wheel,1780715257.528347254,103.579991579,0.086270600,-0.264149125,0.068469115,3.922991,0.086270600,-0.264149125,3.922991,-0.000104680,0.002723539
wheel,1780715257.548256874,103.599901199,0.086270600,-0.264149125,0.068469115,3.922991,0.086270600,-0.264149125,3.922991,-0.000099446,0.002696303
wheel,1780715257.568264484,103.619908810,0.086270600,-0.264149125,0.068469115,3.922991,0.086270600,-0.264149125,3.922991,-0.000094474,0.002669340
wheel,1780715257.588294744,103.639939070,0.086270600,-0.264149125,0.068469115,3.922991,0.086270600,-0.264149125,3.922991,-0.000089750,0.002642647
wheel,1780715257.608245373,103.659889698,0.086270600,-0.264149125,0.068469115,3.922991,0.086270600,-0.264149125,3.922991,-0.000085263,0.002616220
wheel,1780715257.628454685,103.680099010,0.086270600,-0.264149125,0.068469115,3.922991,0.086270600,-0.264149125,3.922991,-0.000081000,0.002590058
wheel,1780715257.649004936,103.700649261,0.086270600,-0.264149125,0.068469115,3.922991,0.086270600,-0.264149125,3.922991,-0.000076950,0.002564158
wheel,1780715257.668206692,103.719851017,0.086270600,-0.264149125,0.068469115,3.922991,0.086270600,-0.264149125,3.922991,-0.000073102,0.002538516
wheel,1780715257.688255787,103.739900112,0.086270600,-0.264149125,0.068469115,3.922991,0.086270600,-0.264149125,3.922991,-0.000069447,0.002513131
wheel,1780715257.708308935,103.759953260,0.086270600,-0.264149125,0.068469115,3.922991,0.086270600,-0.264149125,3.922991,-0.000065975,0.002488000
wheel,1780715257.728305817,103.779950142,0.086270600,-0.264149125,0.068469115,3.922991,0.086270600,-0.264149125,3.922991,-0.000062676,0.002463120
wheel,1780715257.748272896,103.799917221,0.086270600,-0.264149125,0.068469115,3.922991,0.086270600,-0.264149125,3.922991,-0.000059542,0.002438488
wheel,1780715257.768361568,103.820005894,0.086270600,-0.264149125,0.068469115,3.922991,0.086270600,-0.264149125,3.922991,-0.000056565,0.002414104
wheel,1780715257.788263798,103.839908123,0.086270600,-0.264149125,0.068469115,3.922991,0.086270600,-0.264149125,3.922991,-0.000053737,0.002389962
wheel,1780715257.808696747,103.860341072,0.086270600,-0.264149125,0.068469115,3.922991,0.086270600,-0.264149125,3.922991,-0.000051050,0.002366063
wheel,1780715257.828265667,103.879909992,0.086197905,-0.264154093,0.068006486,3.896485,0.086197905,-0.264154093,3.896485,-0.000234593,0.002106090
wheel,1780715257.848296642,103.899940968,0.086197905,-0.264154093,0.068006486,3.896485,0.086197905,-0.264154093,3.896485,-0.000222864,0.002085029
wheel,1780715257.868619680,103.920264006,0.086197905,-0.264154093,0.068006486,3.896485,0.086197905,-0.264154093,3.896485,-0.000211721,0.002064179
wheel,1780715257.888358831,103.940003157,0.086125209,-0.264159028,0.067543857,3.869978,0.086125209,-0.264159028,3.869978,-0.000385698,0.001809171
wheel,1780715257.908273458,103.959917784,0.086125209,-0.264159028,0.067543857,3.869978,0.086125209,-0.264159028,3.869978,-0.000366413,0.001791080
wheel,1780715257.928243399,103.979887724,0.086052512,-0.264163962,0.068006486,3.896485,0.086052512,-0.264163962,3.896485,-0.000530494,0.002004790
wheel,1780715257.948950768,104.000595093,0.086052512,-0.264163962,0.068006486,3.896485,0.086052512,-0.264163962,3.896485,-0.000503969,0.001984742
wheel,1780715257.968326330,104.019970655,0.085979817,-0.264168930,0.068469115,3.922991,0.085979817,-0.264168930,3.922991,-0.000666795,0.002203655
wheel,1780715257.988238573,104.039882898,0.086052509,-0.264163929,0.068931744,3.949498,0.086052509,-0.264163929,3.949498,-0.000450509,0.002413931
wheel,1780715258.008354425,104.059998751,0.085979820,-0.264168964,0.069394374,3.976005,0.085979820,-0.264168964,3.976005,-0.000609104,0.002619785
wheel,1780715258.028282881,104.079927206,0.085979820,-0.264168964,0.069394374,3.976005,0.085979820,-0.264168964,3.976005,-0.000578648,0.002593587
wheel,1780715258.048292398,104.099936724,0.085907130,-0.264174000,0.068931744,3.949498,0.085907130,-0.264174000,3.949498,-0.000731798,0.002336435
rtabmap,1780715258.066622496,104.668789864,0.087409288,-0.057510030,-2.069654893,-118.582490,0.012912294,0.103233877,-2.288495,0.001409588,-0.002073225
wheel,1780715258.068244219,104.119888544,0.085907130,-0.264174000,0.068931744,3.949498,0.085907130,-0.264174000,3.949498,-0.000695208,0.002313071
wheel,1780715258.088277340,104.139921665,0.085979822,-0.264168998,0.068469115,3.922991,0.085979822,-0.264168998,3.922991,-0.000478578,0.002058994
wheel,1780715258.108232737,104.159877062,0.085979822,-0.264168998,0.068469115,3.922991,0.085979822,-0.264168998,3.922991,-0.000454649,0.002038404
wheel,1780715258.128289938,104.179934263,0.085979822,-0.264168998,0.068469115,3.922991,0.085979822,-0.264168998,3.922991,-0.000431917,0.002018020
wheel,1780715258.148328543,104.199972868,0.085979822,-0.264168998,0.068469115,3.922991,0.085979822,-0.264168998,3.922991,-0.000410321,0.001997840
wheel,1780715258.168316603,104.219960928,0.085979822,-0.264168998,0.068469115,3.922991,0.085979822,-0.264168998,3.922991,-0.000389805,0.001977862
wheel,1780715258.188250542,104.239894867,0.085907130,-0.264174000,0.068931744,3.949498,0.085907130,-0.264174000,3.949498,-0.000553044,0.002190120
wheel,1780715258.208269119,104.259913445,0.085907130,-0.264174000,0.068931744,3.949498,0.085907130,-0.264174000,3.949498,-0.000525391,0.002168219
wheel,1780715258.228256464,104.279900789,0.085907130,-0.264174000,0.068931744,3.949498,0.085907130,-0.264174000,3.949498,-0.000499122,0.002146536
wheel,1780715258.248309612,104.299953938,0.085907130,-0.264174000,0.068931744,3.949498,0.085907130,-0.264174000,3.949498,-0.000474166,0.002125071
wheel,1780715258.268271208,104.319915533,0.085979822,-0.264168998,0.068469115,3.922991,0.085979822,-0.264168998,3.922991,-0.000267958,0.001872075
wheel,1780715258.288249254,104.339893579,0.085979822,-0.264168998,0.068469115,3.922991,0.085979822,-0.264168998,3.922991,-0.000254560,0.001853354
wheel,1780715258.308424950,104.360069275,0.085979822,-0.264168998,0.068469115,3.922991,0.085979822,-0.264168998,3.922991,-0.000241832,0.001834820
wheel,1780715258.328242302,104.379886627,0.085907130,-0.264174000,0.068931744,3.949498,0.085907130,-0.264174000,3.949498,-0.000413511,0.002049832
wheel,1780715258.348268986,104.399913311,0.085907130,-0.264174000,0.068931744,3.949498,0.085907130,-0.264174000,3.949498,-0.000392835,0.002029333
wheel,1780715258.368274450,104.419918776,0.085907130,-0.264174000,0.068931744,3.949498,0.085907130,-0.264174000,3.949498,-0.000373193,0.002009040
wheel,1780715258.388390779,104.440035105,0.085907130,-0.264174000,0.068931744,3.949498,0.085907130,-0.264174000,3.949498,-0.000354534,0.001988950
rtabmap,1780715258.399924278,105.002091646,0.088191815,-0.057939287,-2.069680667,-118.583967,0.012950496,0.104125590,-2.289971,0.000007693,-0.000076271
wheel,1780715258.408253193,104.459897518,0.085907130,-0.264174000,0.068931744,3.949498,0.085907130,-0.264174000,3.949498,-0.000336807,0.001969060
wheel,1780715258.428216219,104.479860544,0.085907130,-0.264174000,0.068931744,3.949498,0.085907130,-0.264174000,3.949498,-0.000319967,0.001949369
wheel,1780715258.448279619,104.499923944,0.085907130,-0.264174000,0.068931744,3.949498,0.085907130,-0.264174000,3.949498,-0.000303968,0.001929876
wheel,1780715258.470124245,104.521768570,0.085907130,-0.264174000,0.068931744,3.949498,0.085907130,-0.264174000,3.949498,-0.000288770,0.001910577
wheel,1780715258.489356041,104.541000366,0.085907130,-0.264174000,0.068931744,3.949498,0.085907130,-0.264174000,3.949498,-0.000274331,0.001891471
wheel,1780715258.508290291,104.559934616,0.085907130,-0.264174000,0.068931744,3.949498,0.085907130,-0.264174000,3.949498,-0.000260615,0.001872557
wheel,1780715258.528756142,104.580400467,0.085907130,-0.264174000,0.068931744,3.949498,0.085907130,-0.264174000,3.949498,-0.000247584,0.001853831
wheel,1780715258.548268795,104.599913120,0.085907130,-0.264174000,0.068931744,3.949498,0.085907130,-0.264174000,3.949498,-0.000235205,0.001835293
wheel,1780715258.568266630,104.619910955,0.085907130,-0.264174000,0.068931744,3.949498,0.085907130,-0.264174000,3.949498,-0.000223445,0.001816940
wheel,1780715258.588284254,104.639928579,0.085907130,-0.264174000,0.068931744,3.949498,0.085907130,-0.264174000,3.949498,-0.000212272,0.001798770
wheel,1780715258.608300924,104.659945250,0.085907130,-0.264174000,0.068931744,3.949498,0.085907130,-0.264174000,3.949498,-0.000201659,0.001780783
wheel,1780715258.628261089,104.679905415,0.085907130,-0.264174000,0.068931744,3.949498,0.085907130,-0.264174000,3.949498,-0.000191576,0.001762975
wheel,1780715258.648247004,104.699891329,0.085907130,-0.264174000,0.068931744,3.949498,0.085907130,-0.264174000,3.949498,-0.000181997,0.001745345
wheel,1780715258.668271542,104.719915867,0.085907130,-0.264174000,0.068931744,3.949498,0.085907130,-0.264174000,3.949498,-0.000172897,0.001727892
wheel,1780715258.688288450,104.739932775,0.085907130,-0.264174000,0.068931744,3.949498,0.085907130,-0.264174000,3.949498,-0.000164252,0.001710613
rtabmap,1780715258.699985027,105.302152395,0.088049240,-0.057940420,-2.069612742,-118.580075,0.013014668,0.103998269,-2.286080,0.000230645,0.000227147
wheel,1780715258.708263159,104.759907484,0.085907130,-0.264174000,0.068931744,3.949498,0.085907130,-0.264174000,3.949498,-0.000156040,0.001693507
wheel,1780715258.728392601,104.780036926,0.085907130,-0.264174000,0.068931744,3.949498,0.085907130,-0.264174000,3.949498,-0.000148238,0.001676571
wheel,1780715258.749456644,104.801100969,0.085907130,-0.264174000,0.068931744,3.949498,0.085907130,-0.264174000,3.949498,-0.000140826,0.001659806
wheel,1780715258.770387411,104.822031736,0.085907130,-0.264174000,0.068931744,3.949498,0.085907130,-0.264174000,3.949498,-0.000133785,0.001643208
wheel,1780715258.788259029,104.839903355,0.085907130,-0.264174000,0.068931744,3.949498,0.085907130,-0.264174000,3.949498,-0.000127095,0.001626776
wheel,1780715258.808400393,104.860044718,0.085907130,-0.264174000,0.068931744,3.949498,0.085907130,-0.264174000,3.949498,-0.000120741,0.001610508
wheel,1780715258.828376770,104.880021095,0.085907130,-0.264174000,0.068931744,3.949498,0.085907130,-0.264174000,3.949498,-0.000114704,0.001594403
wheel,1780715258.848680019,104.900324345,0.085907130,-0.264174000,0.068931744,3.949498,0.085907130,-0.264174000,3.949498,-0.000108968,0.001578459
wheel,1780715258.868257523,104.919901848,0.085907130,-0.264174000,0.068931744,3.949498,0.085907130,-0.264174000,3.949498,-0.000103520,0.001562674
wheel,1780715258.888250351,104.939894676,0.085907130,-0.264174000,0.068931744,3.949498,0.085907130,-0.264174000,3.949498,-0.000098344,0.001547047
rtabmap,1780715258.899776697,105.501944065,0.087660223,-0.057270471,-2.069641320,-118.581713,0.012586363,0.103352730,-2.287717,-0.002013172,-0.000141858
wheel,1780715258.908296824,104.959941149,0.085907130,-0.264174000,0.068931744,3.949498,0.085907130,-0.264174000,3.949498,-0.000093427,0.001531577
wheel,1780715258.928359509,104.980003834,0.085907130,-0.264174000,0.068931744,3.949498,0.085907130,-0.264174000,3.949498,-0.000088755,0.001516261
wheel,1780715258.948261738,104.999906063,0.085907130,-0.264174000,0.068931744,3.949498,0.085907130,-0.264174000,3.949498,-0.000084318,0.001501099
wheel,1780715258.968247652,105.019891977,0.085907130,-0.264174000,0.068931744,3.949498,0.085907130,-0.264174000,3.949498,-0.000080102,0.001486088
wheel,1780715258.988273144,105.039917469,0.085907130,-0.264174000,0.068931744,3.949498,0.085907130,-0.264174000,3.949498,-0.000076097,0.001471227
wheel,1780715259.008246422,105.059890747,0.085907130,-0.264174000,0.068931744,3.949498,0.085907130,-0.264174000,3.949498,-0.000072292,0.001456514
wheel,1780715259.028297186,105.079941511,0.085907130,-0.264174000,0.068931744,3.949498,0.085907130,-0.264174000,3.949498,-0.000068677,0.001441949
wheel,1780715259.048280478,105.099924803,0.085907130,-0.264174000,0.068931744,3.949498,0.085907130,-0.264174000,3.949498,-0.000065243,0.001427530
wheel,1780715259.069024563,105.120668888,0.085907130,-0.264174000,0.068931744,3.949498,0.085907130,-0.264174000,3.949498,-0.000061981,0.001413255
wheel,1780715259.089167833,105.140812159,0.085907130,-0.264174000,0.068931744,3.949498,0.085907130,-0.264174000,3.949498,-0.000058882,0.001399122
wheel,1780715259.108251810,105.159896135,0.085907130,-0.264174000,0.068931744,3.949498,0.085907130,-0.264174000,3.949498,-0.000055938,0.001385131
wheel,1780715259.128308535,105.179952860,0.085907130,-0.264174000,0.068931744,3.949498,0.085907130,-0.264174000,3.949498,-0.000053141,0.001371279
rtabmap,1780715259.133087158,105.735254526,0.087919615,-0.057725180,-2.069753946,-118.588166,0.012879120,0.103786709,-2.294170,0.001179540,-0.000481823
wheel,1780715259.148270369,105.199914694,0.085907130,-0.264174000,0.068931744,3.949498,0.085907130,-0.264174000,3.949498,-0.000050484,0.001357567
wheel,1780715259.169229746,105.220874071,0.085907130,-0.264174000,0.068931744,3.949498,0.085907130,-0.264174000,3.949498,-0.000047960,0.001343991
wheel,1780715259.188266277,105.239910603,0.085907130,-0.264174000,0.068931744,3.949498,0.085907130,-0.264174000,3.949498,-0.000045562,0.001330551
wheel,1780715259.208236933,105.259881258,0.085907130,-0.264174000,0.068931744,3.949498,0.085907130,-0.264174000,3.949498,-0.000043284,0.001317246
wheel,1780715259.228235245,105.279879570,0.085907130,-0.264174000,0.068931744,3.949498,0.085907130,-0.264174000,3.949498,-0.000041120,0.001304073
wheel,1780715259.248246431,105.299890757,0.085907130,-0.264174000,0.068931744,3.949498,0.085907130,-0.264174000,3.949498,-0.000039064,0.001291032
wheel,1780715259.268267870,105.319912195,0.085907130,-0.264174000,0.068931744,3.949498,0.085907130,-0.264174000,3.949498,-0.000037110,0.001278122
wheel,1780715259.288278103,105.339922428,0.085907130,-0.264174000,0.068931744,3.949498,0.085907130,-0.264174000,3.949498,-0.000035255,0.001265341
wheel,1780715259.308787584,105.360431910,0.085907130,-0.264174000,0.068931744,3.949498,0.085907130,-0.264174000,3.949498,-0.000033492,0.001252687
wheel,1780715259.328260422,105.379904747,0.085907130,-0.264174000,0.068931744,3.949498,0.085907130,-0.264174000,3.949498,-0.000031818,0.001240161
wheel,1780715259.348716736,105.400361061,0.085907130,-0.264174000,0.068931744,3.949498,0.085907130,-0.264174000,3.949498,-0.000030227,0.001227759
wheel,1780715259.373359919,105.425004244,0.085907130,-0.264174000,0.068931744,3.949498,0.085907130,-0.264174000,3.949498,-0.000028715,0.001215481
wheel,1780715259.388245821,105.439890146,0.085907130,-0.264174000,0.068931744,3.949498,0.085907130,-0.264174000,3.949498,-0.000027280,0.001203327
wheel,1780715259.408781290,105.460425615,0.085907130,-0.264174000,0.068931744,3.949498,0.085907130,-0.264174000,3.949498,-0.000025916,0.001191293
wheel,1780715259.429160118,105.480804443,0.085907130,-0.264174000,0.068931744,3.949498,0.085907130,-0.264174000,3.949498,-0.000024620,0.001179380
wheel,1780715259.448245525,105.499889851,0.085907130,-0.264174000,0.068931744,3.949498,0.085907130,-0.264174000,3.949498,-0.000023389,0.001167587
wheel,1780715259.468242645,105.519886971,0.085907130,-0.264174000,0.068931744,3.949498,0.085907130,-0.264174000,3.949498,-0.000022219,0.001155911
wheel,1780715259.488238096,105.539882421,0.085907130,-0.264174000,0.068931744,3.949498,0.085907130,-0.264174000,3.949498,-0.000021108,0.001144352
wheel,1780715259.508197546,105.559841871,0.085907130,-0.264174000,0.068931744,3.949498,0.085907130,-0.264174000,3.949498,-0.000020053,0.001132908
wheel,1780715259.528309107,105.579953432,0.085907130,-0.264174000,0.068931744,3.949498,0.085907130,-0.264174000,3.949498,-0.000019050,0.001121579
wheel,1780715259.548286676,105.599931002,0.085907130,-0.264174000,0.068931744,3.949498,0.085907130,-0.264174000,3.949498,-0.000018098,0.001110363
rtabmap,1780715259.566815138,106.168982506,0.088583194,-0.058025651,-2.069824613,-118.592215,0.012854551,0.104514731,-2.298219,-0.000123789,-0.000162504
wheel,1780715259.568341732,105.619986057,0.085907130,-0.264174000,0.068931744,3.949498,0.085907130,-0.264174000,3.949498,-0.000017193,0.001099260
wheel,1780715259.588308811,105.639953136,0.085907130,-0.264174000,0.068931744,3.949498,0.085907130,-0.264174000,3.949498,-0.000016333,0.001088267
wheel,1780715259.608466387,105.660110712,0.085907130,-0.264174000,0.068931744,3.949498,0.085907130,-0.264174000,3.949498,-0.000015517,0.001077384
wheel,1780715259.628290892,105.679935217,0.085907130,-0.264174000,0.068931744,3.949498,0.085907130,-0.264174000,3.949498,-0.000014741,0.001066610
wheel,1780715259.650545359,105.702189684,0.085907130,-0.264174000,0.068931744,3.949498,0.085907130,-0.264174000,3.949498,-0.000014004,0.001055944
wheel,1780715259.668319464,105.719963789,0.085907130,-0.264174000,0.068931744,3.949498,0.085907130,-0.264174000,3.949498,-0.000013304,0.001045385
wheel,1780715259.688299894,105.739944220,0.085907130,-0.264174000,0.068931744,3.949498,0.085907130,-0.264174000,3.949498,-0.000012638,0.001034931
wheel,1780715259.708539724,105.760184050,0.085907130,-0.264174000,0.068931744,3.949498,0.085907130,-0.264174000,3.949498,-0.000012006,0.001024582
wheel,1780715259.728245020,105.779889345,0.085907130,-0.264174000,0.068931744,3.949498,0.085907130,-0.264174000,3.949498,-0.000011406,0.001014336
wheel,1780715259.748248816,105.799893141,0.085907130,-0.264174000,0.068931744,3.949498,0.085907130,-0.264174000,3.949498,-0.000010836,0.001004193
wheel,1780715259.769665480,105.821309805,0.085907130,-0.264174000,0.068931744,3.949498,0.085907130,-0.264174000,3.949498,-0.000010294,0.000994151
wheel,1780715259.788292646,105.839936972,0.085907130,-0.264174000,0.068931744,3.949498,0.085907130,-0.264174000,3.949498,-0.000009779,0.000984209
wheel,1780715259.808306456,105.859950781,0.085907130,-0.264174000,0.068931744,3.949498,0.085907130,-0.264174000,3.949498,-0.000009290,0.000974367
wheel,1780715259.828449011,105.880093336,0.085907130,-0.264174000,0.068931744,3.949498,0.085907130,-0.264174000,3.949498,-0.000008826,0.000964623
wheel,1780715259.848315001,105.899959326,0.085907130,-0.264174000,0.068931744,3.949498,0.085907130,-0.264174000,3.949498,-0.000008385,0.000954977
rtabmap,1780715259.866641521,106.468808889,0.087691970,-0.057935651,-2.069823142,-118.592130,0.013168656,0.103675852,-2.298135,0.001158965,0.000004970
wheel,1780715259.868201494,105.919845819,0.085907130,-0.264174000,0.068931744,3.949498,0.085907130,-0.264174000,3.949498,-0.000007965,0.000945427
wheel,1780715259.888243437,105.939887762,0.085907130,-0.264174000,0.068931744,3.949498,0.085907130,-0.264174000,3.949498,-0.000007567,0.000935973
wheel,1780715259.908263683,105.959908009,0.085907130,-0.264174000,0.068931744,3.949498,0.085907130,-0.264174000,3.949498,-0.000007189,0.000926613
wheel,1780715259.928250551,105.979894876,0.085907130,-0.264174000,0.068931744,3.949498,0.085907130,-0.264174000,3.949498,-0.000006829,0.000917347
wheel,1780715259.948259115,105.999903440,0.085907130,-0.264174000,0.068931744,3.949498,0.085907130,-0.264174000,3.949498,-0.000006488,0.000908174
wheel,1780715259.968259811,106.019904137,0.085907130,-0.264174000,0.068931744,3.949498,0.085907130,-0.264174000,3.949498,-0.000006163,0.000899092
wheel,1780715259.988331556,106.039975882,0.085907130,-0.264174000,0.068931744,3.949498,0.085907130,-0.264174000,3.949498,-0.000005855,0.000890101
wheel,1780715260.008256197,106.059900522,0.085907130,-0.264174000,0.068931744,3.949498,0.085907130,-0.264174000,3.949498,-0.000005562,0.000881200
wheel,1780715260.028399467,106.080043793,0.085907130,-0.264174000,0.068931744,3.949498,0.085907130,-0.264174000,3.949498,-0.000005284,0.000872388
wheel,1780715260.049227476,106.100871801,0.085907130,-0.264174000,0.068931744,3.949498,0.085907130,-0.264174000,3.949498,-0.000005020,0.000863664
wheel,1780715260.068278074,106.119922400,0.085907130,-0.264174000,0.068931744,3.949498,0.085907130,-0.264174000,3.949498,-0.000004769,0.000855028
wheel,1780715260.088327169,106.139971495,0.085907130,-0.264174000,0.068931744,3.949498,0.085907130,-0.264174000,3.949498,-0.000004531,0.000846477
wheel,1780715260.108273745,106.159918070,0.085907130,-0.264174000,0.068931744,3.949498,0.085907130,-0.264174000,3.949498,-0.000004304,0.000838013
wheel,1780715260.128271341,106.179915667,0.085907130,-0.264174000,0.068931744,3.949498,0.085907130,-0.264174000,3.949498,-0.000004089,0.000829632
wheel,1780715260.148268223,106.199912548,0.085907130,-0.264174000,0.068931744,3.949498,0.085907130,-0.264174000,3.949498,-0.000003884,0.000821336
rtabmap,1780715260.167017698,106.769185066,0.088143915,-0.058181707,-2.069779605,-118.589636,0.013189051,0.104190033,-2.295640,-0.000000797,0.000145749
wheel,1780715260.168894053,106.220538378,0.085907130,-0.264174000,0.068931744,3.949498,0.085907130,-0.264174000,3.949498,-0.000003690,0.000813123
wheel,1780715260.188245535,106.239889860,0.085907130,-0.264174000,0.068931744,3.949498,0.085907130,-0.264174000,3.949498,-0.000003506,0.000804991
wheel,1780715260.208273888,106.259918213,0.085907130,-0.264174000,0.068931744,3.949498,0.085907130,-0.264174000,3.949498,-0.000003330,0.000796942
wheel,1780715260.228237867,106.279882193,0.085907130,-0.264174000,0.068931744,3.949498,0.085907130,-0.264174000,3.949498,-0.000003164,0.000788972
wheel,1780715260.248270035,106.299914360,0.085907130,-0.264174000,0.068931744,3.949498,0.085907130,-0.264174000,3.949498,-0.000003006,0.000781082
wheel,1780715260.268432379,106.320076704,0.085907130,-0.264174000,0.068931744,3.949498,0.085907130,-0.264174000,3.949498,-0.000002855,0.000773272
wheel,1780715260.288252592,106.339896917,0.085907130,-0.264174000,0.068931744,3.949498,0.085907130,-0.264174000,3.949498,-0.000002713,0.000765539
wheel,1780715260.308250189,106.359894514,0.085907130,-0.264174000,0.068931744,3.949498,0.085907130,-0.264174000,3.949498,-0.000002577,0.000757883
wheel,1780715260.329340696,106.380985022,0.085907130,-0.264174000,0.068931744,3.949498,0.085907130,-0.264174000,3.949498,-0.000002448,0.000750305
wheel,1780715260.348404408,106.400048733,0.085907130,-0.264174000,0.068931744,3.949498,0.085907130,-0.264174000,3.949498,-0.000002326,0.000742802
wheel,1780715260.368283749,106.419928074,0.085907130,-0.264174000,0.068931744,3.949498,0.085907130,-0.264174000,3.949498,-0.000002210,0.000735374
wheel,1780715260.388277769,106.439922094,0.085907130,-0.264174000,0.068931744,3.949498,0.085907130,-0.264174000,3.949498,-0.000002099,0.000728020
wheel,1780715260.408272505,106.459916830,0.085907130,-0.264174000,0.068931744,3.949498,0.085907130,-0.264174000,3.949498,-0.000001994,0.000720740
wheel,1780715260.428356886,106.480001211,0.085907130,-0.264174000,0.068931744,3.949498,0.085907130,-0.264174000,3.949498,-0.000001894,0.000713532
wheel,1780715260.448237658,106.499881983,0.085907130,-0.264174000,0.068931744,3.949498,0.085907130,-0.264174000,3.949498,-0.000001800,0.000706397
rtabmap,1780715260.466734409,107.068901777,0.087248817,-0.057657037,-2.069675365,-118.583663,0.013115175,0.103155131,-2.289668,-0.000107980,0.000348420
wheel,1780715260.468261719,106.519906044,0.085907130,-0.264174000,0.068931744,3.949498,0.085907130,-0.264174000,3.949498,-0.000001710,0.000699333
wheel,1780715260.488268375,106.539912701,0.085907130,-0.264174000,0.068931744,3.949498,0.085907130,-0.264174000,3.949498,-0.000001624,0.000692340
wheel,1780715260.508281708,106.559926033,0.085907130,-0.264174000,0.068931744,3.949498,0.085907130,-0.264174000,3.949498,-0.000001543,0.000685416
wheel,1780715260.529489279,106.581133604,0.085907130,-0.264174000,0.068931744,3.949498,0.085907130,-0.264174000,3.949498,-0.000001466,0.000678562
wheel,1780715260.548259497,106.599903822,0.085907130,-0.264174000,0.068931744,3.949498,0.085907130,-0.264174000,3.949498,-0.000001393,0.000671776
wheel,1780715260.568341732,106.619986057,0.085907130,-0.264174000,0.068931744,3.949498,0.085907130,-0.264174000,3.949498,-0.000001323,0.000665059
wheel,1780715260.589845181,106.641489506,0.085907130,-0.264174000,0.068931744,3.949498,0.085907130,-0.264174000,3.949498,-0.000001257,0.000658408
wheel,1780715260.608279228,106.659923553,0.085907130,-0.264174000,0.068931744,3.949498,0.085907130,-0.264174000,3.949498,-0.000001194,0.000651824
wheel,1780715260.628225088,106.679869413,0.085907130,-0.264174000,0.068931744,3.949498,0.085907130,-0.264174000,3.949498,-0.000001134,0.000645306
wheel,1780715260.648780346,106.700424671,0.085907130,-0.264174000,0.068931744,3.949498,0.085907130,-0.264174000,3.949498,-0.000001078,0.000638853
wheel,1780715260.668326616,106.719970942,0.085907130,-0.264174000,0.068931744,3.949498,0.085907130,-0.264174000,3.949498,-0.000001024,0.000632464
wheel,1780715260.688243389,106.739887714,0.085907130,-0.264174000,0.068931744,3.949498,0.085907130,-0.264174000,3.949498,-0.000000972,0.000626140
wheel,1780715260.708295822,106.759940147,0.085907130,-0.264174000,0.068931744,3.949498,0.085907130,-0.264174000,3.949498,-0.000000924,0.000619878
wheel,1780715260.728267431,106.779911757,0.085907130,-0.264174000,0.068931744,3.949498,0.085907130,-0.264174000,3.949498,-0.000000878,0.000613679
wheel,1780715260.748863935,106.800508261,0.085907130,-0.264174000,0.068931744,3.949498,0.085907130,-0.264174000,3.949498,-0.000000834,0.000607543
wheel,1780715260.768250704,106.819895029,0.085907130,-0.264174000,0.068931744,3.949498,0.085907130,-0.264174000,3.949498,-0.000000792,0.000601467
wheel,1780715260.788252115,106.839896441,0.085907130,-0.264174000,0.068931744,3.949498,0.085907130,-0.264174000,3.949498,-0.000000752,0.000595452
rtabmap,1780715260.799855709,107.402023077,0.088065654,-0.058108956,-2.069724153,-118.586459,0.013158495,0.104087642,-2.292463,0.000018105,-0.000144931
wheel,1780715260.808242083,106.859886408,0.085907130,-0.264174000,0.068931744,3.949498,0.085907130,-0.264174000,3.949498,-0.000000715,0.000589498
wheel,1780715260.828306913,106.879951239,0.085907130,-0.264174000,0.068931744,3.949498,0.085907130,-0.264174000,3.949498,-0.000000679,0.000583603
wheel,1780715260.851229429,106.902873755,0.085907130,-0.264174000,0.068931744,3.949498,0.085907130,-0.264174000,3.949498,-0.000000645,0.000577767
wheel,1780715260.868242741,106.919887066,0.085907130,-0.264174000,0.068931744,3.949498,0.085907130,-0.264174000,3.949498,-0.000000613,0.000571989
wheel,1780715260.892184019,106.943828344,0.085907130,-0.264174000,0.068931744,3.949498,0.085907130,-0.264174000,3.949498,-0.000000582,0.000566269
wheel,1780715260.908255577,106.959899902,0.085907130,-0.264174000,0.068931744,3.949498,0.085907130,-0.264174000,3.949498,-0.000000553,0.000560607
wheel,1780715260.930433989,106.982078314,0.085907130,-0.264174000,0.068931744,3.949498,0.085907130,-0.264174000,3.949498,-0.000000525,0.000555001
wheel,1780715260.949138641,107.000782967,0.085907130,-0.264174000,0.068931744,3.949498,0.085907130,-0.264174000,3.949498,-0.000000499,0.000549451
wheel,1780715260.968251705,107.019896030,0.085907130,-0.264174000,0.068931744,3.949498,0.085907130,-0.264174000,3.949498,-0.000000474,0.000543956
wheel,1780715260.988228798,107.039873123,0.085907130,-0.264174000,0.068931744,3.949498,0.085907130,-0.264174000,3.949498,-0.000000451,0.000538517
wheel,1780715261.008191824,107.059836149,0.085907130,-0.264174000,0.068931744,3.949498,0.085907130,-0.264174000,3.949498,-0.000000428,0.000533131
wheel,1780715261.028213739,107.079858065,0.085907130,-0.264174000,0.068931744,3.949498,0.085907130,-0.264174000,3.949498,-0.000000407,0.000527800
wheel,1780715261.048229218,107.099873543,0.085907130,-0.264174000,0.068931744,3.949498,0.085907130,-0.264174000,3.949498,-0.000000386,0.000522522
wheel,1780715261.068251371,107.119895697,0.085907130,-0.264174000,0.068931744,3.949498,0.085907130,-0.264174000,3.949498,-0.000000367,0.000517297
wheel,1780715261.088294983,107.139939308,0.085907130,-0.264174000,0.068931744,3.949498,0.085907130,-0.264174000,3.949498,-0.000000349,0.000512124
rtabmap,1780715261.099968910,107.702136278,0.087487027,-0.057668634,-2.069721591,-118.586312,0.013020051,0.103373831,-2.292316,-0.000365800,0.000010228
wheel,1780715261.108281374,107.159925699,0.085907130,-0.264174000,0.068931744,3.949498,0.085907130,-0.264174000,3.949498,-0.000000331,0.000507003
wheel,1780715261.128783464,107.180427790,0.085907130,-0.264174000,0.068931744,3.949498,0.085907130,-0.264174000,3.949498,-0.000000315,0.000501933
wheel,1780715261.148280382,107.199924707,0.085907130,-0.264174000,0.068931744,3.949498,0.085907130,-0.264174000,3.949498,-0.000000299,0.000496913
wheel,1780715261.168906927,107.220551252,0.085907130,-0.264174000,0.068931744,3.949498,0.085907130,-0.264174000,3.949498,-0.000000284,0.000491944
wheel,1780715261.188246012,107.239890337,0.085907130,-0.264174000,0.068931744,3.949498,0.085907130,-0.264174000,3.949498,-0.000000270,0.000487025
wheel,1780715261.208759069,107.260403395,0.085907130,-0.264174000,0.068931744,3.949498,0.085907130,-0.264174000,3.949498,-0.000000256,0.000482154
wheel,1780715261.228240490,107.279884815,0.085907130,-0.264174000,0.068931744,3.949498,0.085907130,-0.264174000,3.949498,-0.000000243,0.000477333
wheel,1780715261.248279572,107.299923897,0.085907130,-0.264174000,0.068931744,3.949498,0.085907130,-0.264174000,3.949498,-0.000000231,0.000472560
wheel,1780715261.268847704,107.320492029,0.085907130,-0.264174000,0.068931744,3.949498,0.085907130,-0.264174000,3.949498,-0.000000220,0.000467834
wheel,1780715261.288263083,107.339907408,0.085907130,-0.264174000,0.068931744,3.949498,0.085907130,-0.264174000,3.949498,-0.000000209,0.000463156
wheel,1780715261.308256626,107.359900951,0.085907130,-0.264174000,0.068931744,3.949498,0.085907130,-0.264174000,3.949498,-0.000000198,0.000458524
wheel,1780715261.328264952,107.379909277,0.085907130,-0.264174000,0.068931744,3.949498,0.085907130,-0.264174000,3.949498,-0.000000188,0.000453939
wheel,1780715261.348259211,107.399903536,0.085907130,-0.264174000,0.068931744,3.949498,0.085907130,-0.264174000,3.949498,-0.000000179,0.000449399
wheel,1780715261.368970871,107.420615196,0.085907130,-0.264174000,0.068931744,3.949498,0.085907130,-0.264174000,3.949498,-0.000000170,0.000444905
wheel,1780715261.388281345,107.439925671,0.085907130,-0.264174000,0.068931744,3.949498,0.085907130,-0.264174000,3.949498,-0.000000162,0.000440456
rtabmap,1780715261.399856329,108.002023697,0.087499015,-0.057546709,-2.069809342,-118.591340,0.012905431,0.103330569,-2.297344,-0.000376138,-0.000292471
wheel,1780715261.409262180,107.460906506,0.085907130,-0.264174000,0.068931744,3.949498,0.085907130,-0.264174000,3.949498,-0.000000153,0.000436052
wheel,1780715261.428280115,107.479924440,0.085907130,-0.264174000,0.068931744,3.949498,0.085907130,-0.264174000,3.949498,-0.000000146,0.000431691
wheel,1780715261.448842049,107.500486374,0.085907130,-0.264174000,0.068931744,3.949498,0.085907130,-0.264174000,3.949498,-0.000000138,0.000427374
wheel,1780715261.468435764,107.520080090,0.085907130,-0.264174000,0.068931744,3.949498,0.085907130,-0.264174000,3.949498,-0.000000132,0.000423101
wheel,1780715261.488234043,107.539878368,0.085907130,-0.264174000,0.068931744,3.949498,0.085907130,-0.264174000,3.949498,-0.000000125,0.000418870
wheel,1780715261.508239985,107.559884310,0.085907130,-0.264174000,0.068931744,3.949498,0.085907130,-0.264174000,3.949498,-0.000000119,0.000414681
wheel,1780715261.528289080,107.579933405,0.085907130,-0.264174000,0.068931744,3.949498,0.085907130,-0.264174000,3.949498,-0.000000113,0.000410534
wheel,1780715261.548390865,107.600035191,0.085907130,-0.264174000,0.068931744,3.949498,0.085907130,-0.264174000,3.949498,-0.000000107,0.000406429
wheel,1780715261.568285704,107.619930029,0.085907130,-0.264174000,0.068931744,3.949498,0.085907130,-0.264174000,3.949498,-0.000000102,0.000402365
wheel,1780715261.588281631,107.639925957,0.085907130,-0.264174000,0.068931744,3.949498,0.085907130,-0.264174000,3.949498,-0.000000097,0.000398341
wheel,1780715261.608250380,107.659894705,0.085907130,-0.264174000,0.068931744,3.949498,0.085907130,-0.264174000,3.949498,-0.000000092,0.000394357
wheel,1780715261.628279924,107.679924250,0.085907130,-0.264174000,0.068931744,3.949498,0.085907130,-0.264174000,3.949498,-0.000000087,0.000390414
wheel,1780715261.648311853,107.699956179,0.085907130,-0.264174000,0.068931744,3.949498,0.085907130,-0.264174000,3.949498,-0.000000083,0.000386510
wheel,1780715261.668258905,107.719903231,0.085907130,-0.264174000,0.068931744,3.949498,0.085907130,-0.264174000,3.949498,-0.000000079,0.000382645
wheel,1780715261.688232422,107.739876747,0.085907130,-0.264174000,0.068931744,3.949498,0.085907130,-0.264174000,3.949498,-0.000000075,0.000378818
rtabmap,1780715261.700047016,108.302214384,0.087546505,-0.057408962,-2.069709270,-118.585606,0.012760900,0.103312127,-2.291610,-0.000478607,0.000333177
wheel,1780715261.708264589,107.759908915,0.085907130,-0.264174000,0.068931744,3.949498,0.085907130,-0.264174000,3.949498,-0.000000071,0.000375030
wheel,1780715261.729272366,107.780916691,0.085907130,-0.264174000,0.068931744,3.949498,0.085907130,-0.264174000,3.949498,-0.000000068,0.000371280
wheel,1780715261.748275995,107.799920321,0.085907130,-0.264174000,0.068931744,3.949498,0.085907130,-0.264174000,3.949498,-0.000000064,0.000367567
wheel,1780715261.768386841,107.820031166,0.085907130,-0.264174000,0.068931744,3.949498,0.085907130,-0.264174000,3.949498,-0.000000061,0.000363891
wheel,1780715261.788269520,107.839913845,0.085907130,-0.264174000,0.068931744,3.949498,0.085907130,-0.264174000,3.949498,-0.000000058,0.000360252
wheel,1780715261.811744452,107.863388777,0.085907130,-0.264174000,0.068931744,3.949498,0.085907130,-0.264174000,3.949498,-0.000000055,0.000356650
wheel,1780715261.828279734,107.879924059,0.085907130,-0.264174000,0.068931744,3.949498,0.085907130,-0.264174000,3.949498,-0.000000052,0.000353083
wheel,1780715261.848258495,107.899902821,0.085907130,-0.264174000,0.068931744,3.949498,0.085907130,-0.264174000,3.949498,-0.000000050,0.000349553
wheel,1780715261.868296623,107.919940948,0.085907130,-0.264174000,0.068931744,3.949498,0.085907130,-0.264174000,3.949498,-0.000000047,0.000346057
wheel,1780715261.888303757,107.939948082,0.085907130,-0.264174000,0.068931744,3.949498,0.085907130,-0.264174000,3.949498,-0.000000045,0.000342596
wheel,1780715261.908248663,107.959892988,0.085907130,-0.264174000,0.068931744,3.949498,0.085907130,-0.264174000,3.949498,-0.000000043,0.000339170
wheel,1780715261.928239822,107.979884148,0.085907130,-0.264174000,0.068931744,3.949498,0.085907130,-0.264174000,3.949498,-0.000000040,0.000335779
rtabmap,1780715261.933173418,108.535340786,0.088243350,-0.057958402,-2.069839059,-118.593042,0.012944803,0.104180261,-2.299047,0.000639316,-0.000556349
wheel,1780715261.950382471,108.002026796,0.085907130,-0.264174000,0.068931744,3.949498,0.085907130,-0.264174000,3.949498,-0.000000038,0.000332421
wheel,1780715261.968258142,108.019902468,0.085907130,-0.264174000,0.068931744,3.949498,0.085907130,-0.264174000,3.949498,-0.000000036,0.000329097
wheel,1780715261.988262892,108.039907217,0.085907130,-0.264174000,0.068931744,3.949498,0.085907130,-0.264174000,3.949498,-0.000000035,0.000325806
wheel,1780715262.008249998,108.059894323,0.085907130,-0.264174000,0.068931744,3.949498,0.085907130,-0.264174000,3.949498,-0.000000033,0.000322548
wheel,1780715262.028282166,108.079926491,0.085907130,-0.264174000,0.068931744,3.949498,0.085907130,-0.264174000,3.949498,-0.000000031,0.000319322
wheel,1780715262.048262119,108.099906445,0.085834440,-0.264179035,0.069394374,3.976005,0.085834440,-0.264179035,3.976005,-0.000182357,0.000547656
wheel,1780715262.068283319,108.119927645,0.085834440,-0.264179035,0.069394374,3.976005,0.085834440,-0.264179035,3.976005,-0.000173240,0.000542180
wheel,1780715262.088791132,108.140435457,0.085834440,-0.264179035,0.069394374,3.976005,0.085834440,-0.264179035,3.976005,-0.000164578,0.000536758
wheel,1780715262.108245134,108.159889460,0.085761752,-0.264184104,0.069857003,4.002511,0.085761752,-0.264184104,4.002511,-0.000343594,0.000769162
wheel,1780715262.128378868,108.180023193,0.085761752,-0.264184104,0.069857003,4.002511,0.085761752,-0.264184104,4.002511,-0.000326414,0.000761470
wheel,1780715262.148244858,108.199889183,0.085689067,-0.264189207,0.070319632,4.029018,0.085689067,-0.264189207,4.029018,-0.000493469,0.000986714
wheel,1780715262.169732809,108.221377134,0.085689067,-0.264189207,0.070319632,4.029018,0.085689067,-0.264189207,4.029018,-0.000468796,0.000976847
wheel,1780715262.188252926,108.239897251,0.085689067,-0.264189207,0.070319632,4.029018,0.085689067,-0.264189207,4.029018,-0.000445356,0.000967078
wheel,1780715262.208285093,108.259929419,0.085616382,-0.264194310,0.069857003,4.002511,0.085616382,-0.264194310,4.002511,-0.000604971,0.000726445
wheel,1780715262.228271723,108.279916048,0.085616382,-0.264194310,0.069857003,4.002511,0.085616382,-0.264194310,4.002511,-0.000574723,0.000719181
wheel,1780715262.250769138,108.302413464,0.085616382,-0.264194310,0.069857003,4.002511,0.085616382,-0.264194310,4.002511,-0.000545986,0.000711989
wheel,1780715262.270219326,108.321863651,0.085616382,-0.264194310,0.069857003,4.002511,0.085616382,-0.264194310,4.002511,-0.000518687,0.000704869
wheel,1780715262.291295052,108.342939377,0.085689069,-0.264189240,0.069394374,3.976005,0.085689069,-0.264189240,3.976005,-0.000319894,0.000478317
wheel,1780715262.308245420,108.359889746,0.085689069,-0.264189240,0.069394374,3.976005,0.085689069,-0.264189240,3.976005,-0.000303899,0.000473534
wheel,1780715262.328250170,108.379894495,0.085616382,-0.264194310,0.069857003,4.002511,0.085616382,-0.264194310,4.002511,-0.000470826,0.000700064
rtabmap,1780715262.333401203,108.935568571,0.088102750,-0.057949889,-2.071118832,-118.666368,0.012999454,0.104050437,-2.372372,0.000149448,-0.003197607
wheel,1780715262.348304987,108.399949312,0.085616382,-0.264194310,0.069857003,4.002511,0.085616382,-0.264194310,4.002511,-0.000447284,0.000693063
wheel,1780715262.368279696,108.419924021,0.085616382,-0.264194310,0.069857003,4.002511,0.085616382,-0.264194310,4.002511,-0.000424920,0.000686133
wheel,1780715262.388312101,108.439956427,0.085616382,-0.264194310,0.069857003,4.002511,0.085616382,-0.264194310,4.002511,-0.000403674,0.000679271
wheel,1780715262.408312321,108.459956646,0.085616382,-0.264194310,0.069857003,4.002511,0.085616382,-0.264194310,4.002511,-0.000383491,0.000672479
wheel,1780715262.429636002,108.481280327,0.085616382,-0.264194310,0.069857003,4.002511,0.085616382,-0.264194310,4.002511,-0.000364316,0.000665754
wheel,1780715262.448293686,108.499938011,0.085616382,-0.264194310,0.069857003,4.002511,0.085616382,-0.264194310,4.002511,-0.000346100,0.000659096
wheel,1780715262.468288183,108.519932508,0.085616382,-0.264194310,0.069857003,4.002511,0.085616382,-0.264194310,4.002511,-0.000328795,0.000652505
wheel,1780715262.489263773,108.540908098,0.085616382,-0.264194310,0.069857003,4.002511,0.085616382,-0.264194310,4.002511,-0.000312355,0.000645980
wheel,1780715262.509079933,108.560724258,0.085616382,-0.264194310,0.069857003,4.002511,0.085616382,-0.264194310,4.002511,-0.000296738,0.000639520
wheel,1780715262.528275251,108.579919577,0.085616382,-0.264194310,0.069857003,4.002511,0.085616382,-0.264194310,4.002511,-0.000281901,0.000633125
wheel,1780715262.548248529,108.599892855,0.085616382,-0.264194310,0.069857003,4.002511,0.085616382,-0.264194310,4.002511,-0.000267806,0.000626794
wheel,1780715262.569471121,108.621115446,0.085616382,-0.264194310,0.069857003,4.002511,0.085616382,-0.264194310,4.002511,-0.000254415,0.000620526
wheel,1780715262.588240623,108.639884949,0.085616382,-0.264194310,0.069857003,4.002511,0.085616382,-0.264194310,4.002511,-0.000241695,0.000614321
wheel,1780715262.608274698,108.659919024,0.085616382,-0.264194310,0.069857003,4.002511,0.085616382,-0.264194310,4.002511,-0.000229610,0.000608178
wheel,1780715262.628453255,108.680097580,0.085616382,-0.264194310,0.069857003,4.002511,0.085616382,-0.264194310,4.002511,-0.000218129,0.000602096
wheel,1780715262.648235559,108.699879885,0.085616382,-0.264194310,0.069857003,4.002511,0.085616382,-0.264194310,4.002511,-0.000207223,0.000596075
wheel,1780715262.668351412,108.719995737,0.085616382,-0.264194310,0.069857003,4.002511,0.085616382,-0.264194310,4.002511,-0.000196862,0.000590114
wheel,1780715262.688237667,108.739881992,0.085616382,-0.264194310,0.069857003,4.002511,0.085616382,-0.264194310,4.002511,-0.000187019,0.000584213
rtabmap,1780715262.700058937,109.302226305,0.087673098,-0.058024570,-2.071111634,-118.665956,0.013256735,0.103698322,-2.371960,0.000740836,0.000019589
wheel,1780715262.708241224,108.759885550,0.085616382,-0.264194310,0.069857003,4.002511,0.085616382,-0.264194310,4.002511,-0.000177668,0.000578371
wheel,1780715262.730340719,108.781985044,0.085616382,-0.264194310,0.069857003,4.002511,0.085616382,-0.264194310,4.002511,-0.000168784,0.000572587
wheel,1780715262.753155470,108.804799795,0.085616382,-0.264194310,0.069857003,4.002511,0.085616382,-0.264194310,4.002511,-0.000160345,0.000566861
wheel,1780715262.770287037,108.821931362,0.085616382,-0.264194310,0.069857003,4.002511,0.085616382,-0.264194310,4.002511,-0.000152328,0.000561193
wheel,1780715262.788290262,108.839934587,0.085616382,-0.264194310,0.069857003,4.002511,0.085616382,-0.264194310,4.002511,-0.000144712,0.000555581
wheel,1780715262.808240414,108.859884739,0.085616382,-0.264194310,0.069857003,4.002511,0.085616382,-0.264194310,4.002511,-0.000137476,0.000550025
wheel,1780715262.828231335,108.879875660,0.085616382,-0.264194310,0.069857003,4.002511,0.085616382,-0.264194310,4.002511,-0.000130602,0.000544525
wheel,1780715262.848255396,108.899899721,0.085616382,-0.264194310,0.069857003,4.002511,0.085616382,-0.264194310,4.002511,-0.000124072,0.000539079
wheel,1780715262.868298531,108.919942856,0.085616382,-0.264194310,0.069857003,4.002511,0.085616382,-0.264194310,4.002511,-0.000117868,0.000533689
wheel,1780715262.891301632,108.942945957,0.085616382,-0.264194310,0.069857003,4.002511,0.085616382,-0.264194310,4.002511,-0.000111975,0.000528352
wheel,1780715262.908282757,108.959927082,0.085616382,-0.264194310,0.069857003,4.002511,0.085616382,-0.264194310,4.002511,-0.000106376,0.000523068
wheel,1780715262.928250313,108.979894638,0.085616382,-0.264194310,0.069857003,4.002511,0.085616382,-0.264194310,4.002511,-0.000101057,0.000517838
wheel,1780715262.948382616,109.000026941,0.085616382,-0.264194310,0.069857003,4.002511,0.085616382,-0.264194310,4.002511,-0.000096005,0.000512659
wheel,1780715262.968260765,109.019905090,0.085616382,-0.264194310,0.069857003,4.002511,0.085616382,-0.264194310,4.002511,-0.000091204,0.000507533
wheel,1780715262.992363930,109.044008255,0.085616382,-0.264194310,0.069857003,4.002511,0.085616382,-0.264194310,4.002511,-0.000086644,0.000502457
wheel,1780715263.008261681,109.059906006,0.085616382,-0.264194310,0.069857003,4.002511,0.085616382,-0.264194310,4.002511,-0.000082312,0.000497433
wheel,1780715263.028244019,109.079888344,0.085616382,-0.264194310,0.069857003,4.002511,0.085616382,-0.264194310,4.002511,-0.000078196,0.000492458
wheel,1780715263.048239946,109.099884272,0.085616382,-0.264194310,0.069857003,4.002511,0.085616382,-0.264194310,4.002511,-0.000074287,0.000487534
wheel,1780715263.068294525,109.119938850,0.085616382,-0.264194310,0.069857003,4.002511,0.085616382,-0.264194310,4.002511,-0.000070572,0.000482658
wheel,1780715263.088397264,109.140041590,0.085616382,-0.264194310,0.069857003,4.002511,0.085616382,-0.264194310,4.002511,-0.000067044,0.000477832
rtabmap,1780715263.099913359,109.702080727,0.088949040,-0.058301277,-2.071017587,-118.660567,0.012939598,0.104964820,-2.366571,-0.000923540,0.000234853
wheel,1780715263.108302355,109.159946680,0.085616382,-0.264194310,0.069857003,4.002511,0.085616382,-0.264194310,4.002511,-0.000063691,0.000473054
wheel,1780715263.128645182,109.180289507,0.085616382,-0.264194310,0.069857003,4.002511,0.085616382,-0.264194310,4.002511,-0.000060507,0.000468323
wheel,1780715263.148345470,109.199989796,0.085616382,-0.264194310,0.069857003,4.002511,0.085616382,-0.264194310,4.002511,-0.000057481,0.000463640
wheel,1780715263.168289185,109.219933510,0.085616382,-0.264194310,0.069857003,4.002511,0.085616382,-0.264194310,4.002511,-0.000054607,0.000459003
wheel,1780715263.188266277,109.239910603,0.085616382,-0.264194310,0.069857003,4.002511,0.085616382,-0.264194310,4.002511,-0.000051877,0.000454413
wheel,1780715263.209351063,109.260995388,0.085616382,-0.264194310,0.069857003,4.002511,0.085616382,-0.264194310,4.002511,-0.000049283,0.000449869
wheel,1780715263.229335546,109.280979872,0.085616382,-0.264194310,0.069857003,4.002511,0.085616382,-0.264194310,4.002511,-0.000046819,0.000445371
wheel,1780715263.254212141,109.305856466,0.085616382,-0.264194310,0.069857003,4.002511,0.085616382,-0.264194310,4.002511,-0.000044478,0.000440917
wheel,1780715263.268737316,109.320381641,0.085616382,-0.264194310,0.069857003,4.002511,0.085616382,-0.264194310,4.002511,-0.000042254,0.000436508
wheel,1780715263.288254499,109.339898825,0.085616382,-0.264194310,0.069857003,4.002511,0.085616382,-0.264194310,4.002511,-0.000040141,0.000432143
rtabmap,1780715263.300274611,109.902441978,0.088825181,-0.058113631,-2.071054375,-118.662675,0.012826234,0.104770654,-2.368679,-0.000525290,-0.000181317
wheel,1780715263.309362650,109.361006975,0.085616382,-0.264194310,0.069857003,4.002511,0.085616382,-0.264194310,4.002511,-0.000038134,0.000427821
wheel,1780715263.328446388,109.380090714,0.085616382,-0.264194310,0.069857003,4.002511,0.085616382,-0.264194310,4.002511,-0.000036228,0.000423543
wheel,1780715263.352200508,109.403844833,0.085616382,-0.264194310,0.069857003,4.002511,0.085616382,-0.264194310,4.002511,-0.000034416,0.000419308
wheel,1780715263.368285656,109.419929981,0.085616382,-0.264194310,0.069857003,4.002511,0.085616382,-0.264194310,4.002511,-0.000032695,0.000415114
wheel,1780715263.390886068,109.442530394,0.085616382,-0.264194310,0.069857003,4.002511,0.085616382,-0.264194310,4.002511,-0.000031061,0.000410963
wheel,1780715263.408354282,109.459998608,0.085616382,-0.264194310,0.069857003,4.002511,0.085616382,-0.264194310,4.002511,-0.000029508,0.000406854
wheel,1780715263.428327322,109.479971647,0.085616382,-0.264194310,0.069857003,4.002511,0.085616382,-0.264194310,4.002511,-0.000028032,0.000402785
wheel,1780715263.448277235,109.499921560,0.085616382,-0.264194310,0.069857003,4.002511,0.085616382,-0.264194310,4.002511,-0.000026631,0.000398757
wheel,1780715263.468278646,109.519922972,0.085616382,-0.264194310,0.069857003,4.002511,0.085616382,-0.264194310,4.002511,-0.000025299,0.000394770
wheel,1780715263.488258839,109.539903164,0.085616382,-0.264194310,0.069857003,4.002511,0.085616382,-0.264194310,4.002511,-0.000024034,0.000390822
wheel,1780715263.508253813,109.559898138,0.085616382,-0.264194310,0.069857003,4.002511,0.085616382,-0.264194310,4.002511,-0.000022832,0.000386914
wheel,1780715263.528335094,109.579979420,0.085616382,-0.264194310,0.069857003,4.002511,0.085616382,-0.264194310,4.002511,-0.000021691,0.000383045
wheel,1780715263.549010992,109.600655317,0.085616382,-0.264194310,0.069857003,4.002511,0.085616382,-0.264194310,4.002511,-0.000020606,0.000379214
wheel,1780715263.568254471,109.619898796,0.085616382,-0.264194310,0.069857003,4.002511,0.085616382,-0.264194310,4.002511,-0.000019576,0.000375422
wheel,1780715263.588246822,109.639891148,0.085616382,-0.264194310,0.069857003,4.002511,0.085616382,-0.264194310,4.002511,-0.000018597,0.000371668
wheel,1780715263.608235836,109.659880161,0.085616382,-0.264194310,0.069857003,4.002511,0.085616382,-0.264194310,4.002511,-0.000017667,0.000367951
wheel,1780715263.628239632,109.679883957,0.085616382,-0.264194310,0.069857003,4.002511,0.085616382,-0.264194310,4.002511,-0.000016784,0.000364272
wheel,1780715263.648287773,109.699932098,0.085616382,-0.264194310,0.069857003,4.002511,0.085616382,-0.264194310,4.002511,-0.000015945,0.000360629
wheel,1780715263.668207169,109.719851494,0.085616382,-0.264194310,0.069857003,4.002511,0.085616382,-0.264194310,4.002511,-0.000015148,0.000357023
wheel,1780715263.688291788,109.739936113,0.085616382,-0.264194310,0.069857003,4.002511,0.085616382,-0.264194310,4.002511,-0.000014390,0.000353452
wheel,1780715263.708253145,109.759897470,0.085616382,-0.264194310,0.069857003,4.002511,0.085616382,-0.264194310,4.002511,-0.000013671,0.000349918
wheel,1780715263.728236437,109.779880762,0.085616382,-0.264194310,0.069857003,4.002511,0.085616382,-0.264194310,4.002511,-0.000012987,0.000346419
wheel,1780715263.748298883,109.799943209,0.085616382,-0.264194310,0.069857003,4.002511,0.085616382,-0.264194310,4.002511,-0.000012338,0.000342955
wheel,1780715263.768292189,109.819936514,0.085616382,-0.264194310,0.069857003,4.002511,0.085616382,-0.264194310,4.002511,-0.000011721,0.000339525
wheel,1780715263.788351297,109.839995623,0.085616382,-0.264194310,0.069857003,4.002511,0.085616382,-0.264194310,4.002511,-0.000011135,0.000336130
wheel,1780715263.808264017,109.859908342,0.085616382,-0.264194310,0.069857003,4.002511,0.085616382,-0.264194310,4.002511,-0.000010578,0.000332768
wheel,1780715263.828347921,109.879992247,0.085616382,-0.264194310,0.069857003,4.002511,0.085616382,-0.264194310,4.002511,-0.000010049,0.000329441
wheel,1780715263.850132704,109.901777029,0.085616382,-0.264194310,0.069857003,4.002511,0.085616382,-0.264194310,4.002511,-0.000009547,0.000326146
wheel,1780715263.868358374,109.920002699,0.085616382,-0.264194310,0.069857003,4.002511,0.085616382,-0.264194310,4.002511,-0.000009069,0.000322885
wheel,1780715263.888257504,109.939901829,0.085616382,-0.264194310,0.069857003,4.002511,0.085616382,-0.264194310,4.002511,-0.000008616,0.000319656
wheel,1780715263.910084009,109.961728334,0.085616382,-0.264194310,0.069857003,4.002511,0.085616382,-0.264194310,4.002511,-0.000008185,0.000316459
wheel,1780715263.928298950,109.979943275,0.085616382,-0.264194310,0.069857003,4.002511,0.085616382,-0.264194310,4.002511,-0.000007776,0.000313295
wheel,1780715263.948281527,109.999925852,0.085616382,-0.264194310,0.069857003,4.002511,0.085616382,-0.264194310,4.002511,-0.000007387,0.000310162
wheel,1780715263.968314409,110.019958735,0.085180264,-0.264224825,0.069857003,4.002511,0.085180264,-0.264224825,4.002511,-0.001098133,0.000307060
wheel,1780715263.989230156,110.040874481,0.085180264,-0.264224825,0.069857003,4.002511,0.085180264,-0.264224825,4.002511,-0.001043226,0.000303990
rtabmap,1780715263.999999285,110.602166653,0.087818600,-0.055557437,-2.070130793,-118.609757,0.010980414,0.102735886,-2.315762,-0.002515482,0.001320124
wheel,1780715264.008298397,110.059942722,0.083726536,-0.264326544,0.069857003,4.002511,0.083726536,-0.264326544,4.002511,-0.004811767,0.000300950
wheel,1780715264.028292418,110.079936743,0.083290418,-0.264357059,0.069857003,4.002511,0.083290418,-0.264357059,4.002511,-0.005664689,0.000297940
wheel,1780715264.048262835,110.099907160,0.082854314,-0.264387777,0.070782261,4.055525,0.082854314,-0.264387777,4.055525,-0.006475865,0.000758203
wheel,1780715264.068290949,110.119935274,0.082345534,-0.264423731,0.070319632,4.029018,0.082345534,-0.264423731,4.029018,-0.007425737,0.000519571
wheel,1780715264.088249922,110.139894247,0.081982120,-0.264449413,0.070782261,4.055525,0.081982120,-0.264449413,4.055525,-0.007966808,0.000746085
wheel,1780715264.113693237,110.165337563,0.081982120,-0.264449413,0.070782261,4.055525,0.081982120,-0.264449413,4.055525,-0.007568467,0.000738624
wheel,1780715264.128247499,110.179891825,0.081909437,-0.264454549,0.070319632,4.029018,0.081909437,-0.264454549,4.029018,-0.007440334,0.000413409
wheel,1780715264.150453568,110.202097893,0.081909437,-0.264454549,0.070319632,4.029018,0.081909437,-0.264454549,4.029018,-0.007068317,0.000409275
wheel,1780715264.168251991,110.219896317,0.081909437,-0.264454549,0.070319632,4.029018,0.081909437,-0.264454549,4.029018,-0.006714901,0.000405183
wheel,1780715264.188302517,110.239946842,0.082054805,-0.264444310,0.070319632,4.029018,0.082054805,-0.264444310,4.029018,-0.006015741,0.000401131
wheel,1780715264.208295822,110.259940147,0.082200173,-0.264434071,0.070319632,4.029018,0.082200173,-0.264434071,4.029018,-0.005350507,0.000397119
wheel,1780715264.228250027,110.279894352,0.082345541,-0.264423832,0.070319632,4.029018,0.082345541,-0.264423832,4.029018,-0.004717869,0.000393148
rtabmap,1780715264.233158588,110.835325956,0.086509526,-0.059672039,-2.071051167,-118.662491,0.015249180,0.103384932,-2.368495,0.018180951,-0.003948735
wheel,1780715264.248245001,110.299889326,0.082636277,-0.264403354,0.070319632,4.029018,0.082636277,-0.264403354,4.029018,-0.003753151,0.000389217
wheel,1780715264.268412590,110.320056915,0.082636277,-0.264403354,0.070319632,4.029018,0.082636277,-0.264403354,4.029018,-0.003565494,0.000385325
wheel,1780715264.288287163,110.339931488,0.082927013,-0.264382876,0.070319632,4.029018,0.082927013,-0.264382876,4.029018,-0.002654542,0.000381471
wheel,1780715264.313237190,110.364881516,0.082927013,-0.264382876,0.070319632,4.029018,0.082927013,-0.264382876,4.029018,-0.002521815,0.000377657
wheel,1780715264.328301668,110.379945993,0.082999696,-0.264377739,0.070782261,4.055525,0.082999696,-0.264377739,4.055525,-0.002154067,0.000680746
wheel,1780715264.349617004,110.401261330,0.083072379,-0.264372603,0.070319632,4.029018,0.083072379,-0.264372603,4.029018,-0.001875441,0.000456893
wheel,1780715264.368261576,110.419905901,0.083072379,-0.264372603,0.070319632,4.029018,0.083072379,-0.264372603,4.029018,-0.001781669,0.000452325
wheel,1780715264.388252258,110.439896584,0.082927011,-0.264382842,0.070319632,4.029018,0.082927011,-0.264382842,4.029018,-0.002057141,0.000447801
wheel,1780715264.408616304,110.460260630,0.082927011,-0.264382842,0.070319632,4.029018,0.082927011,-0.264382842,4.029018,-0.001954284,0.000443323
wheel,1780715264.428306818,110.479951143,0.082781643,-0.264393081,0.070319632,4.029018,0.082781643,-0.264393081,4.029018,-0.002226621,0.000438890
wheel,1780715264.448307753,110.499952078,0.082781643,-0.264393081,0.070319632,4.029018,0.082781643,-0.264393081,4.029018,-0.002115289,0.000434501
wheel,1780715264.468279839,110.519924164,0.082781643,-0.264393081,0.070319632,4.029018,0.082781643,-0.264393081,4.029018,-0.002009525,0.000430156
wheel,1780715264.490789890,110.542434216,0.082781643,-0.264393081,0.070319632,4.029018,0.082781643,-0.264393081,4.029018,-0.001909049,0.000425855
wheel,1780715264.508289099,110.559933424,0.082781643,-0.264393081,0.070319632,4.029018,0.082781643,-0.264393081,4.029018,-0.001813596,0.000421596
wheel,1780715264.528347015,110.579991341,0.082927011,-0.264382842,0.070319632,4.029018,0.082927011,-0.264382842,4.029018,-0.001359566,0.000417380
wheel,1780715264.548328161,110.599972486,0.082927011,-0.264382842,0.070319632,4.029018,0.082927011,-0.264382842,4.029018,-0.001291588,0.000413206
wheel,1780715264.569406033,110.621050358,0.082927011,-0.264382842,0.070319632,4.029018,0.082927011,-0.264382842,4.029018,-0.001227008,0.000409074
wheel,1780715264.588738918,110.640383244,0.082854328,-0.264387978,0.070782261,4.055525,0.082854328,-0.264387978,4.055525,-0.001354102,0.000644277
wheel,1780715264.610245466,110.661889791,0.082854328,-0.264387978,0.070782261,4.055525,0.082854328,-0.264387978,4.055525,-0.001286396,0.000637834
wheel,1780715264.628257990,110.679902315,0.082854328,-0.264387978,0.070782261,4.055525,0.082854328,-0.264387978,4.055525,-0.001222077,0.000631456
wheel,1780715264.650307417,110.701951742,0.082854328,-0.264387978,0.070782261,4.055525,0.082854328,-0.264387978,4.055525,-0.001160973,0.000625141
rtabmap,1780715264.666899681,111.269067049,0.087283224,-0.060051475,-2.071668283,-118.697849,0.015246626,0.104246659,-2.403853,-0.000087992,-0.001421951
wheel,1780715264.668320894,110.719965219,0.082854328,-0.264387978,0.070782261,4.055525,0.082854328,-0.264387978,4.055525,-0.001102924,0.000618890
wheel,1780715264.688240767,110.739885092,0.082854328,-0.264387978,0.070782261,4.055525,0.082854328,-0.264387978,4.055525,-0.001047778,0.000612701
wheel,1780715264.708246231,110.759890556,0.082854328,-0.264387978,0.070782261,4.055525,0.082854328,-0.264387978,4.055525,-0.000995389,0.000606574
wheel,1780715264.728240252,110.779884577,0.082854328,-0.264387978,0.070782261,4.055525,0.082854328,-0.264387978,4.055525,-0.000945620,0.000600508
wheel,1780715264.748489618,110.800133944,0.082854328,-0.264387978,0.070782261,4.055525,0.082854328,-0.264387978,4.055525,-0.000898339,0.000594503
wheel,1780715264.770466805,110.822111130,0.082854328,-0.264387978,0.070782261,4.055525,0.082854328,-0.264387978,4.055525,-0.000853422,0.000588558
wheel,1780715264.788283825,110.839928150,0.082708965,-0.264398285,0.070782261,4.055525,0.082708965,-0.264398285,4.055525,-0.001219708,0.000582673
wheel,1780715264.810348034,110.861992359,0.082200252,-0.264435181,0.074020665,4.241072,0.082200252,-0.264435181,4.241072,-0.002314514,0.002044516
wheel,1780715264.828258038,110.879902363,0.080965236,-0.264530500,0.080034844,4.585659,0.080965236,-0.264530500,4.585659,-0.005656882,0.005382071
wheel,1780715264.848253489,110.899897814,0.080311644,-0.264583987,0.083273248,4.771206,0.080311644,-0.264583987,4.771206,-0.007014088,0.006948053
wheel,1780715264.868292332,110.919936657,0.080311644,-0.264583987,0.083273248,4.771206,0.080311644,-0.264583987,4.771206,-0.006663383,0.006878572
wheel,1780715264.888291836,110.939936161,0.079367822,-0.264664304,0.086511652,4.956753,0.079367822,-0.264664304,4.956753,-0.008697989,0.008428778
wheel,1780715264.908277512,110.959921837,0.077843740,-0.264800392,0.091600573,5.248326,0.077843740,-0.264800392,5.248326,-0.012091470,0.010890956
wheel,1780715264.928327560,110.979971886,0.077335840,-0.264847165,0.092063202,5.274833,0.077335840,-0.264847165,5.274833,-0.012758911,0.011012798
wheel,1780715264.948257923,110.999902248,0.076900507,-0.264887357,0.092063202,5.274833,0.076900507,-0.264887357,5.274833,-0.013217523,0.010902670
rtabmap,1780715264.966884613,111.569051981,0.083078533,-0.066395365,-2.094406383,-120.000646,0.022796714,0.103287215,-3.706651,0.025280220,-0.075799145
wheel,1780715264.970276594,111.021920919,0.076900507,-0.264887357,0.092063202,5.274833,0.076900507,-0.264887357,5.274833,-0.012556646,0.010793643
wheel,1780715264.988267899,111.039912224,0.076174890,-0.264953672,0.090212686,5.168806,0.076174890,-0.264953672,5.168806,-0.013953392,0.009657349
wheel,1780715265.008599758,111.060244083,0.076174890,-0.264953672,0.089287427,5.115793,0.076174890,-0.264953672,5.115793,-0.013255723,0.009105527
wheel,1780715265.028248310,111.079892635,0.076247465,-0.264947192,0.088824798,5.089286,0.076247465,-0.264947192,5.089286,-0.012407588,0.008779108
wheel,1780715265.048268080,111.099912405,0.076247465,-0.264947192,0.088824798,5.089286,0.076247465,-0.264947192,5.089286,-0.011787209,0.008691317
wheel,1780715265.071004152,111.122648478,0.076320044,-0.264940745,0.088362169,5.062779,0.076320044,-0.264940745,5.062779,-0.011037634,0.008400958
wheel,1780715265.088241577,111.139885902,0.077045812,-0.264876109,0.089287427,5.115793,0.077045812,-0.264876109,5.115793,-0.008372297,0.008853699
wheel,1780715265.108241320,111.159885645,0.077190960,-0.264863114,0.089287427,5.115793,0.077190960,-0.264863114,5.115793,-0.007589357,0.008765162
wheel,1780715265.128472090,111.180116415,0.077190960,-0.264863114,0.089287427,5.115793,0.077190960,-0.264863114,5.115793,-0.007209889,0.008677510
wheel,1780715265.148252964,111.199897289,0.077989255,-0.264791460,0.089750057,5.142299,0.077989255,-0.264791460,5.142299,-0.004824045,0.008824542
wheel,1780715265.168283224,111.219927549,0.077989255,-0.264791460,0.089750057,5.142299,0.077989255,-0.264791460,5.142299,-0.004582843,0.008736296
wheel,1780715265.188298225,111.239942551,0.078206972,-0.264771918,0.089287427,5.115793,0.078206972,-0.264771918,5.115793,-0.003807578,0.008417770
wheel,1780715265.208262205,111.259906530,0.078424716,-0.264752678,0.086974282,4.983259,0.078424716,-0.264752678,4.983259,-0.003069758,0.007174988
wheel,1780715265.228246689,111.279891014,0.078424716,-0.264752678,0.086049023,4.930246,0.078424716,-0.264752678,4.930246,-0.002916270,0.006640294
wheel,1780715265.248361588,111.300005913,0.078424716,-0.264752678,0.086049023,4.930246,0.078424716,-0.264752678,4.930246,-0.002770457,0.006573891
wheel,1780715265.268235683,111.319880009,0.078279522,-0.264765136,0.085123765,4.877232,0.078279522,-0.264765136,4.877232,-0.002998497,0.006042676
wheel,1780715265.288250923,111.339895248,0.078206920,-0.264771314,0.084661136,4.850726,0.078206920,-0.264771314,4.850726,-0.003030591,0.005751114
wheel,1780715265.308315277,111.359959602,0.078061714,-0.264783637,0.084661136,4.850726,0.078061714,-0.264783637,4.850726,-0.003242226,0.005693602
wheel,1780715265.328317165,111.379961491,0.077989112,-0.264789815,0.085123765,4.877232,0.077989112,-0.264789815,4.877232,-0.003262265,0.005867967
wheel,1780715265.348337650,111.399981976,0.077916513,-0.264796026,0.085586394,4.903739,0.077916513,-0.264796026,4.903739,-0.003281119,0.006040357
wheel,1780715265.368257284,111.419901609,0.077916513,-0.264796026,0.085586394,4.903739,0.077916513,-0.264796026,4.903739,-0.003117063,0.005979954
wheel,1780715265.388249874,111.439894199,0.077916513,-0.264796026,0.085586394,4.903739,0.077916513,-0.264796026,4.903739,-0.002961210,0.005920154
rtabmap,1780715265.399969578,112.002136946,0.083272390,-0.063886024,-2.087735186,-119.618415,0.020461134,0.102349433,-3.324419,-0.005241625,0.015406408
wheel,1780715265.408297539,111.459941864,0.077916513,-0.264796026,0.085586394,4.903739,0.077916513,-0.264796026,4.903739,-0.002813149,0.005860953
wheel,1780715265.428306341,111.479950666,0.077989109,-0.264789781,0.086049023,4.930246,0.077989109,-0.264789781,4.930246,-0.002490401,0.006033570
wheel,1780715265.448242188,111.499886513,0.077989109,-0.264789781,0.086049023,4.930246,0.077989109,-0.264789781,4.930246,-0.002365881,0.005973234
wheel,1780715265.468271255,111.519915581,0.077989109,-0.264789781,0.086049023,4.930246,0.077989109,-0.264789781,4.930246,-0.002247587,0.005913502
wheel,1780715265.488574982,111.540219307,0.077989109,-0.264789781,0.086049023,4.930246,0.077989109,-0.264789781,4.930246,-0.002135207,0.005854367
wheel,1780715265.508255243,111.559899569,0.078061705,-0.264783536,0.085586394,4.903739,0.078061705,-0.264783536,4.903739,-0.001843341,0.005560767
wheel,1780715265.528255939,111.579900265,0.078061705,-0.264783536,0.085586394,4.903739,0.078061705,-0.264783536,4.903739,-0.001751174,0.005505160
wheel,1780715265.548257589,111.599901915,0.078061705,-0.264783536,0.085586394,4.903739,0.078061705,-0.264783536,4.903739,-0.001663615,0.005450108
wheel,1780715265.568248749,111.619893074,0.078061705,-0.264783536,0.085586394,4.903739,0.078061705,-0.264783536,4.903739,-0.001580434,0.005395607
wheel,1780715265.588948488,111.640592813,0.078061705,-0.264783536,0.085586394,4.903739,0.078061705,-0.264783536,4.903739,-0.001501413,0.005341651
wheel,1780715265.608234167,111.659878492,0.078061705,-0.264783536,0.085586394,4.903739,0.078061705,-0.264783536,4.903739,-0.001426342,0.005288235
wheel,1780715265.628240824,111.679885149,0.078061705,-0.264783536,0.085586394,4.903739,0.078061705,-0.264783536,4.903739,-0.001355025,0.005235352
wheel,1780715265.649111271,111.700755596,0.077989109,-0.264789781,0.086049023,4.930246,0.077989109,-0.264789781,4.930246,-0.001461649,0.005404428
wheel,1780715265.668263435,111.719907761,0.077989109,-0.264789781,0.086049023,4.930246,0.077989109,-0.264789781,4.930246,-0.001388567,0.005350384
wheel,1780715265.688265085,111.739909410,0.077989109,-0.264789781,0.086049023,4.930246,0.077989109,-0.264789781,4.930246,-0.001319138,0.005296880
wheel,1780715265.708258867,111.759903193,0.077989109,-0.264789781,0.086049023,4.930246,0.077989109,-0.264789781,4.930246,-0.001253181,0.005243911
wheel,1780715265.728266239,111.779910564,0.077989109,-0.264789781,0.086049023,4.930246,0.077989109,-0.264789781,4.930246,-0.001190522,0.005191472
wheel,1780715265.748208284,111.799852610,0.077989109,-0.264789781,0.086049023,4.930246,0.077989109,-0.264789781,4.930246,-0.001130996,0.005139557
rtabmap,1780715265.766556501,112.368723869,0.083846018,-0.063691609,-2.087634946,-119.612672,0.020032730,0.102777588,-3.318676,-0.001234392,0.000274783
wheel,1780715265.769243479,111.820887804,0.077989109,-0.264789781,0.086049023,4.930246,0.077989109,-0.264789781,4.930246,-0.001074446,0.005088162
wheel,1780715265.788296700,111.839941025,0.078061705,-0.264783536,0.085586394,4.903739,0.078061705,-0.264783536,4.903739,-0.000829517,0.004794477
wheel,1780715265.808823586,111.860467911,0.078061705,-0.264783536,0.085586394,4.903739,0.078061705,-0.264783536,4.903739,-0.000788041,0.004746532
wheel,1780715265.830093384,111.881737709,0.078061705,-0.264783536,0.085586394,4.903739,0.078061705,-0.264783536,4.903739,-0.000748639,0.004699067
wheel,1780715265.848288059,111.899932384,0.078061705,-0.264783536,0.085586394,4.903739,0.078061705,-0.264783536,4.903739,-0.000711207,0.004652076
wheel,1780715265.868311882,111.919956207,0.078061705,-0.264783536,0.085586394,4.903739,0.078061705,-0.264783536,4.903739,-0.000675647,0.004605556
wheel,1780715265.888313532,111.939957857,0.077989109,-0.264789781,0.086049023,4.930246,0.077989109,-0.264789781,4.930246,-0.000824027,0.004790818
wheel,1780715265.908318520,111.959962845,0.077989109,-0.264789781,0.086049023,4.930246,0.077989109,-0.264789781,4.930246,-0.000782826,0.004742910
wheel,1780715265.928250551,111.979894876,0.077989109,-0.264789781,0.086049023,4.930246,0.077989109,-0.264789781,4.930246,-0.000743684,0.004695480
wheel,1780715265.948278666,111.999922991,0.077989109,-0.264789781,0.086049023,4.930246,0.077989109,-0.264789781,4.930246,-0.000706500,0.004648526
wheel,1780715265.968237400,112.019881725,0.077989109,-0.264789781,0.086049023,4.930246,0.077989109,-0.264789781,4.930246,-0.000671175,0.004602040
wheel,1780715265.988282442,112.039926767,0.078061705,-0.264783536,0.085586394,4.903739,0.078061705,-0.264783536,4.903739,-0.000455863,0.004325222
wheel,1780715266.008280277,112.059924603,0.078061705,-0.264783536,0.085586394,4.903739,0.078061705,-0.264783536,4.903739,-0.000433070,0.004281970
wheel,1780715266.028271437,112.079915762,0.078061705,-0.264783536,0.085586394,4.903739,0.078061705,-0.264783536,4.903739,-0.000411417,0.004239150
rtabmap,1780715266.033264875,112.635432243,0.083371483,-0.063716769,-2.087420190,-119.600367,0.020265495,0.102363297,-3.306371,0.000961195,0.000806437
wheel,1780715266.048265457,112.099909782,0.078061705,-0.264783536,0.085586394,4.903739,0.078061705,-0.264783536,4.903739,-0.000390846,0.004196759
wheel,1780715266.068545818,112.120190144,0.078061705,-0.264783536,0.085586394,4.903739,0.078061705,-0.264783536,4.903739,-0.000371303,0.004154791
wheel,1780715266.088295698,112.139940023,0.078206906,-0.264771146,0.084661136,4.850726,0.078206906,-0.264771146,4.850726,0.000016245,0.003644693
wheel,1780715266.108291864,112.159936190,0.078279510,-0.264765001,0.084198507,4.824219,0.078279510,-0.264765001,4.824219,0.000197571,0.003376959
wheel,1780715266.129581928,112.181226254,0.078206906,-0.264771146,0.084661136,4.850726,0.078206906,-0.264771146,4.850726,0.000016419,0.003560680
wheel,1780715266.148255110,112.199899435,0.078061699,-0.264783469,0.084661136,4.850726,0.078061699,-0.264783469,4.850726,-0.000374231,0.003525073
wheel,1780715266.168248892,112.219893217,0.077916499,-0.264795859,0.085586394,4.903739,0.077916499,-0.264795859,4.903739,-0.000719962,0.003952607
wheel,1780715266.188687325,112.240331650,0.077843903,-0.264802104,0.086049023,4.930246,0.077843903,-0.264802104,4.930246,-0.000862212,0.004139428
wheel,1780715266.208269358,112.259913683,0.077698714,-0.264814628,0.086049023,4.930246,0.077698714,-0.264814628,4.930246,-0.001191212,0.004098033
wheel,1780715266.228292227,112.279936552,0.077771307,-0.264808349,0.086511652,4.956753,0.077771307,-0.264808349,4.956753,-0.000949708,0.004288093
wheel,1780715266.248598576,112.300242901,0.077771307,-0.264808349,0.086511652,4.956753,0.077771307,-0.264808349,4.956753,-0.000902222,0.004245212
rtabmap,1780715266.266415119,112.868582487,0.083213493,-0.065299340,-2.088092267,-119.638874,0.021754308,0.102922697,-3.344878,0.006236611,-0.002882061
wheel,1780715266.268233776,112.319878101,0.077916490,-0.264795758,0.086511652,4.956753,0.077916490,-0.264795758,4.956753,-0.000486445,0.004202759
wheel,1780715266.288260937,112.339905262,0.078134269,-0.264776921,0.086049023,4.930246,0.078134269,-0.264776921,4.930246,0.000083591,0.003929742
wheel,1780715266.308430672,112.360074997,0.078134269,-0.264776921,0.086049023,4.930246,0.078134269,-0.264776921,4.930246,0.000079411,0.003890445
wheel,1780715266.328252316,112.379896641,0.078279464,-0.264764464,0.085123765,4.877232,0.078279464,-0.264764464,4.877232,0.000443030,0.003384759
wheel,1780715266.348261833,112.399906158,0.078279464,-0.264764464,0.085123765,4.877232,0.078279464,-0.264764464,4.877232,0.000420879,0.003350912
wheel,1780715266.368385077,112.420029402,0.078279464,-0.264764464,0.085123765,4.877232,0.078279464,-0.264764464,4.877232,0.000399835,0.003317403
wheel,1780715266.388252258,112.439896584,0.078279464,-0.264764464,0.085123765,4.877232,0.078279464,-0.264764464,4.877232,0.000379843,0.003284229
wheel,1780715266.408976316,112.460620642,0.077916470,-0.264795523,0.085586394,4.903739,0.077916470,-0.264795523,4.903739,-0.000517744,0.003474522
wheel,1780715266.428285599,112.479929924,0.077771275,-0.264807980,0.085586394,4.903739,0.077771275,-0.264807980,4.903739,-0.000869201,0.003439777
wheel,1780715266.448250055,112.499894381,0.077771275,-0.264807980,0.085586394,4.903739,0.077771275,-0.264807980,4.903739,-0.000825740,0.003405379
wheel,1780715266.471460581,112.523104906,0.077771275,-0.264807980,0.085586394,4.903739,0.077771275,-0.264807980,4.903739,-0.000784453,0.003371325
wheel,1780715266.489215136,112.540859461,0.077771275,-0.264807980,0.085586394,4.903739,0.077771275,-0.264807980,4.903739,-0.000745231,0.003337612
wheel,1780715266.508276939,112.559921265,0.077843871,-0.264801734,0.086049023,4.930246,0.077843871,-0.264801734,4.930246,-0.000516846,0.003546932
wheel,1780715266.528259039,112.579903364,0.078061659,-0.264782998,0.085586394,4.903739,0.078061659,-0.264782998,4.903739,0.000056006,0.003279924
wheel,1780715266.548343658,112.599987984,0.078061659,-0.264782998,0.085586394,4.903739,0.078061659,-0.264782998,4.903739,0.000053206,0.003247125
wheel,1780715266.568239927,112.619884253,0.078206854,-0.264770541,0.085586394,4.903739,0.078206854,-0.264770541,4.903739,0.000416752,0.003214654
wheel,1780715266.588269949,112.639914274,0.078134255,-0.264776753,0.085123765,4.877232,0.078134255,-0.264776753,4.877232,0.000214040,0.002951556
wheel,1780715266.608243465,112.659887791,0.078134255,-0.264776753,0.085123765,4.877232,0.078134255,-0.264776753,4.877232,0.000203338,0.002922040
wheel,1780715266.628248692,112.679893017,0.077989054,-0.264789143,0.085123765,4.877232,0.077989054,-0.264789143,4.877232,-0.000171076,0.002892820
wheel,1780715266.648297548,112.699941874,0.077916455,-0.264795355,0.085586394,4.903739,0.077916455,-0.264795355,4.903739,-0.000344249,0.003094656
wheel,1780715266.668332100,112.719976425,0.077916455,-0.264795355,0.085586394,4.903739,0.077916455,-0.264795355,4.903739,-0.000327037,0.003063710
wheel,1780715266.688274145,112.739918470,0.077843859,-0.264801600,0.086049023,4.930246,0.077843859,-0.264801600,4.930246,-0.000493309,0.003264976
wheel,1780715266.708249092,112.759893417,0.077843859,-0.264801600,0.086049023,4.930246,0.077843859,-0.264801600,4.930246,-0.000468643,0.003232327
wheel,1780715266.729408741,112.781053066,0.077843859,-0.264801600,0.086049023,4.930246,0.077843859,-0.264801600,4.930246,-0.000445211,0.003200003
rtabmap,1780715266.733042955,113.335210323,0.083434187,-0.063812681,-2.087862396,-119.625703,0.020323707,0.102462000,-3.331708,-0.003003003,0.000492226
wheel,1780715266.748613119,112.800257444,0.077843859,-0.264801600,0.086049023,4.930246,0.077843859,-0.264801600,4.930246,-0.000422951,0.003168003
wheel,1780715266.768281698,112.819926023,0.077989048,-0.264789076,0.086049023,4.930246,0.077989048,-0.264789076,4.930246,-0.000031375,0.003136323
wheel,1780715266.789211273,112.840855598,0.077989048,-0.264789076,0.086049023,4.930246,0.077989048,-0.264789076,4.930246,-0.000029806,0.003104960
wheel,1780715266.813278437,112.864922762,0.077989048,-0.264789076,0.086049023,4.930246,0.077989048,-0.264789076,4.930246,-0.000028316,0.003073911
wheel,1780715266.828279495,112.879923820,0.077989048,-0.264789076,0.086049023,4.930246,0.077989048,-0.264789076,4.930246,-0.000026900,0.003043171
wheel,1780715266.848253250,112.899897575,0.077989048,-0.264789076,0.086049023,4.930246,0.077989048,-0.264789076,4.930246,-0.000025555,0.003012740
wheel,1780715266.869499207,112.921143532,0.077989048,-0.264789076,0.086049023,4.930246,0.077989048,-0.264789076,4.930246,-0.000024278,0.002982612
wheel,1780715266.889311314,112.940955639,0.077989048,-0.264789076,0.086049023,4.930246,0.077989048,-0.264789076,4.930246,-0.000023064,0.002952786
wheel,1780715266.908311367,112.959955692,0.077989048,-0.264789076,0.086049023,4.930246,0.077989048,-0.264789076,4.930246,-0.000021910,0.002923258
wheel,1780715266.928253651,112.979897976,0.077989048,-0.264789076,0.086049023,4.930246,0.077989048,-0.264789076,4.930246,-0.000020815,0.002894026
wheel,1780715266.948248863,112.999893188,0.077989048,-0.264789076,0.086049023,4.930246,0.077989048,-0.264789076,4.930246,-0.000019774,0.002865085
wheel,1780715266.968349457,113.019993782,0.077989048,-0.264789076,0.086049023,4.930246,0.077989048,-0.264789076,4.930246,-0.000018785,0.002836435
wheel,1780715266.988290071,113.039934397,0.077916453,-0.264795321,0.085586394,4.903739,0.077916453,-0.264795321,4.903739,-0.000200510,0.002576117
wheel,1780715267.008318186,113.059962511,0.077916453,-0.264795321,0.085586394,4.903739,0.077916453,-0.264795321,4.903739,-0.000190484,0.002550356
wheel,1780715267.028252125,113.079896450,0.077843857,-0.264801567,0.086049023,4.930246,0.077843857,-0.264801567,4.930246,-0.000363484,0.002756628
rtabmap,1780715267.033305645,113.635473013,0.084070504,-0.064713262,-2.087633024,-119.612561,0.020849234,0.103431416,-3.318566,0.001559629,0.000764058
wheel,1780715267.048260689,113.099905014,0.077843857,-0.264801567,0.086049023,4.930246,0.077843857,-0.264801567,4.930246,-0.000345310,0.002729062
wheel,1780715267.068271875,113.119916201,0.077843857,-0.264801567,0.086049023,4.930246,0.077843857,-0.264801567,4.930246,-0.000328044,0.002701771
wheel,1780715267.088282585,113.139926910,0.077843857,-0.264801567,0.086049023,4.930246,0.077843857,-0.264801567,4.930246,-0.000311642,0.002674754
wheel,1780715267.108288288,113.159932613,0.077843857,-0.264801567,0.086049023,4.930246,0.077843857,-0.264801567,4.930246,-0.000296060,0.002648006
wheel,1780715267.128251791,113.179896116,0.077843857,-0.264801567,0.086049023,4.930246,0.077843857,-0.264801567,4.930246,-0.000281257,0.002621526
wheel,1780715267.148267269,113.199911594,0.077843857,-0.264801567,0.086049023,4.930246,0.077843857,-0.264801567,4.930246,-0.000267194,0.002595311
wheel,1780715267.169194937,113.220839262,0.077843857,-0.264801567,0.086049023,4.930246,0.077843857,-0.264801567,4.930246,-0.000253834,0.002569358
wheel,1780715267.188265562,113.239909887,0.077843857,-0.264801567,0.086049023,4.930246,0.077843857,-0.264801567,4.930246,-0.000241143,0.002543664
wheel,1780715267.208243370,113.259887695,0.077916453,-0.264795321,0.085586394,4.903739,0.077916453,-0.264795321,4.903739,-0.000046740,0.002286678
wheel,1780715267.228233576,113.279877901,0.077916453,-0.264795321,0.085586394,4.903739,0.077916453,-0.264795321,4.903739,-0.000044403,0.002263811
wheel,1780715267.248266935,113.299911261,0.077916453,-0.264795321,0.085586394,4.903739,0.077916453,-0.264795321,4.903739,-0.000042183,0.002241173
wheel,1780715267.268274784,113.319919109,0.077916453,-0.264795321,0.085586394,4.903739,0.077916453,-0.264795321,4.903739,-0.000040074,0.002218761
wheel,1780715267.288289309,113.339933634,0.077916453,-0.264795321,0.085586394,4.903739,0.077916453,-0.264795321,4.903739,-0.000038070,0.002196574
wheel,1780715267.309280157,113.360924482,0.077916453,-0.264795321,0.085586394,4.903739,0.077916453,-0.264795321,4.903739,-0.000036167,0.002174608
wheel,1780715267.328625679,113.380270004,0.077916453,-0.264795321,0.085586394,4.903739,0.077916453,-0.264795321,4.903739,-0.000034358,0.002152862
wheel,1780715267.348271608,113.399915934,0.077916453,-0.264795321,0.085586394,4.903739,0.077916453,-0.264795321,4.903739,-0.000032640,0.002131333
wheel,1780715267.368272305,113.419916630,0.077843857,-0.264801567,0.086049023,4.930246,0.077843857,-0.264801567,4.930246,-0.000213164,0.002341329
wheel,1780715267.388340235,113.439984560,0.077843857,-0.264801567,0.086049023,4.930246,0.077843857,-0.264801567,4.930246,-0.000202506,0.002317916
wheel,1780715267.408244610,113.459888935,0.077843857,-0.264801567,0.086049023,4.930246,0.077843857,-0.264801567,4.930246,-0.000192381,0.002294737
wheel,1780715267.428304434,113.479948759,0.077843857,-0.264801567,0.086049023,4.930246,0.077843857,-0.264801567,4.930246,-0.000182762,0.002271789
rtabmap,1780715267.433391809,114.035559177,0.083839886,-0.064282335,-2.087570804,-119.608997,0.020565052,0.103033769,-3.315001,-0.000651567,0.000155982
wheel,1780715267.450037241,113.501681566,0.077843857,-0.264801567,0.086049023,4.930246,0.077843857,-0.264801567,4.930246,-0.000173624,0.002249072
wheel,1780715267.468664408,113.520308733,0.077916453,-0.264795321,0.085586394,4.903739,0.077916453,-0.264795321,4.903739,0.000030660,0.001978196
wheel,1780715267.488305092,113.539949417,0.077916453,-0.264795321,0.085586394,4.903739,0.077916453,-0.264795321,4.903739,0.000029127,0.001958414
wheel,1780715267.508281708,113.559926033,0.077989051,-0.264789109,0.085123765,4.877232,0.077989051,-0.264789109,4.877232,0.000210042,0.001707247
wheel,1780715267.528257370,113.579901695,0.078061653,-0.264782931,0.084661136,4.850726,0.078061653,-0.264782931,4.850726,0.000381922,0.001458578
wheel,1780715267.548239708,113.599884033,0.078061653,-0.264782931,0.084661136,4.850726,0.078061653,-0.264782931,4.850726,0.000362826,0.001443993
wheel,1780715267.568261147,113.619905472,0.078279467,-0.264764497,0.084198507,4.824219,0.078279467,-0.264764497,4.824219,0.000890581,0.001198486
wheel,1780715267.588346004,113.639990330,0.078279467,-0.264764497,0.084198507,4.824219,0.078279467,-0.264764497,4.824219,0.000846051,0.001186501
wheel,1780715267.608241558,113.659885883,0.078424684,-0.264752309,0.083273248,4.771206,0.078424684,-0.264752309,4.771206,0.001169894,0.000709690
wheel,1780715267.628252506,113.679896832,0.078424684,-0.264752309,0.083273248,4.771206,0.078424684,-0.264752309,4.771206,0.001111399,0.000702593
wheel,1780715267.648298264,113.699942589,0.078424684,-0.264752309,0.083273248,4.771206,0.078424684,-0.264752309,4.771206,0.001055830,0.000695567
wheel,1780715267.668288231,113.719932556,0.078424684,-0.264752309,0.083273248,4.771206,0.078424684,-0.264752309,4.771206,0.001003038,0.000688611
wheel,1780715267.688318253,113.739962578,0.078424684,-0.264752309,0.083273248,4.771206,0.078424684,-0.264752309,4.771206,0.000952886,0.000681725
wheel,1780715267.708756685,113.760401011,0.078424684,-0.264752309,0.083273248,4.771206,0.078424684,-0.264752309,4.771206,0.000905242,0.000674908
wheel,1780715267.728258610,113.779902935,0.078206854,-0.264770541,0.083735878,4.797712,0.078206854,-0.264770541,4.797712,0.000299597,0.000905358
wheel,1780715267.748335361,113.799979687,0.078134246,-0.264776652,0.084198507,4.824219,0.078134246,-0.264776652,4.824219,0.000103162,0.001126724
wheel,1780715267.771210909,113.822855234,0.078134246,-0.264776652,0.084198507,4.824219,0.078134246,-0.264776652,4.824219,0.000098004,0.001115456
wheel,1780715267.788344383,113.839988708,0.077916433,-0.264795086,0.084661136,4.850726,0.077916433,-0.264795086,4.850726,-0.000544922,0.001374365
rtabmap,1780715267.799841404,114.402008772,0.084049784,-0.063809849,-2.086271068,-119.534527,0.020048473,0.103012648,-3.240531,-0.001403993,0.003547090
wheel,1780715267.808399916,113.860044241,0.077916433,-0.264795086,0.084661136,4.850726,0.077916433,-0.264795086,4.850726,-0.000517676,0.001360622
wheel,1780715267.828273773,113.879918098,0.077843831,-0.264801264,0.085123765,4.877232,0.077843831,-0.264801264,4.877232,-0.000675102,0.001579790
wheel,1780715267.848622322,113.900266647,0.077843831,-0.264801264,0.085123765,4.877232,0.077843831,-0.264801264,4.877232,-0.000641347,0.001563992
wheel,1780715267.868538857,113.920183182,0.077771232,-0.264807476,0.085586394,4.903739,0.077771232,-0.264807476,4.903739,-0.000792216,0.001780653
wheel,1780715267.888265133,113.939909458,0.077843831,-0.264801264,0.085123765,4.877232,0.077843831,-0.264801264,4.877232,-0.000567924,0.001528330
wheel,1780715267.908281803,113.959926128,0.077843831,-0.264801264,0.085123765,4.877232,0.077843831,-0.264801264,4.877232,-0.000539528,0.001513047
wheel,1780715267.930136681,113.981781006,0.077916433,-0.264795086,0.084661136,4.850726,0.077916433,-0.264795086,4.850726,-0.000345854,0.001286237
wheel,1780715267.948303461,113.999947786,0.077989037,-0.264788941,0.084198507,4.824219,0.077989037,-0.264788941,4.824219,-0.000127990,0.001018681
wheel,1780715267.968330622,114.019974947,0.078061642,-0.264782797,0.084661136,4.850726,0.078061642,-0.264782797,4.850726,0.000060338,0.001239514
wheel,1780715267.988275528,114.039919853,0.078134246,-0.264776652,0.084198507,4.824219,0.078134246,-0.264776652,4.824219,0.000239969,0.000995185
wheel,1780715268.008252859,114.059897184,0.078134246,-0.264776652,0.084198507,4.824219,0.078134246,-0.264776652,4.824219,0.000227971,0.000985233
wheel,1780715268.028267145,114.079911470,0.078134246,-0.264776652,0.084198507,4.824219,0.078134246,-0.264776652,4.824219,0.000216572,0.000975381
wheel,1780715268.048249722,114.099894047,0.078134246,-0.264776652,0.084198507,4.824219,0.078134246,-0.264776652,4.824219,0.000205744,0.000965627
wheel,1780715268.068244457,114.119888783,0.078134246,-0.264776652,0.084198507,4.824219,0.078134246,-0.264776652,4.824219,0.000195456,0.000955971
wheel,1780715268.088322878,114.139967203,0.078134246,-0.264776652,0.084198507,4.824219,0.078134246,-0.264776652,4.824219,0.000185684,0.000946411
wheel,1780715268.110553503,114.162197828,0.078061642,-0.264782797,0.084661136,4.850726,0.078061642,-0.264782797,4.850726,0.000012389,0.001145214
wheel,1780715268.128268003,114.179912329,0.078061642,-0.264782797,0.084661136,4.850726,0.078061642,-0.264782797,4.850726,0.000011769,0.001133762
wheel,1780715268.149105310,114.200749636,0.078061642,-0.264782797,0.084661136,4.850726,0.078061642,-0.264782797,4.850726,0.000011181,0.001122424
wheel,1780715268.169256210,114.220900536,0.077989037,-0.264788941,0.084198507,4.824219,0.077989037,-0.264788941,4.824219,-0.000170164,0.000881631
wheel,1780715268.188347340,114.239991665,0.078134255,-0.264776753,0.083273248,4.771206,0.078134255,-0.264776753,4.771206,0.000219900,0.000388301
wheel,1780715268.208260536,114.259904861,0.078279478,-0.264764632,0.083273248,4.771206,0.078279478,-0.264764632,4.771206,0.000574848,0.000384418
wheel,1780715268.228274584,114.279918909,0.078352091,-0.264758588,0.082810619,4.744699,0.078352091,-0.264758588,4.744699,0.000728132,0.000149430
wheel,1780715268.248241663,114.299885988,0.078424704,-0.264752544,0.083273248,4.771206,0.078424704,-0.264752544,4.771206,0.000874179,0.000379623
wheel,1780715268.268264055,114.319908381,0.078497317,-0.264746500,0.082810619,4.744699,0.078497317,-0.264746500,4.744699,0.001012427,0.000144771
wheel,1780715268.288325310,114.339969635,0.078497317,-0.264746500,0.082810619,4.744699,0.078497317,-0.264746500,4.744699,0.000961805,0.000143323
wheel,1780715268.308241844,114.359886169,0.078424704,-0.264752544,0.083273248,4.771206,0.078424704,-0.264752544,4.771206,0.000730794,0.000374171
wheel,1780715268.328287840,114.379932165,0.078352094,-0.264758622,0.083735878,4.797712,0.078352094,-0.264758622,4.797712,0.000512261,0.000601532
rtabmap,1780715268.333092928,114.935260296,0.083806522,-0.059628747,-2.084210045,-119.416439,0.016407737,0.100942424,-3.122443,-0.001013945,0.006054979
wheel,1780715268.348241329,114.399885654,0.078279484,-0.264764699,0.083273248,4.771206,0.078279484,-0.264764699,4.771206,0.000304318,0.000363987
wheel,1780715268.368326664,114.419970989,0.078206873,-0.264770776,0.083735878,4.797712,0.078206873,-0.264770776,4.797712,0.000107675,0.000590731
wheel,1780715268.388237715,114.439882040,0.078279484,-0.264764699,0.083273248,4.771206,0.078279484,-0.264764699,4.771206,0.000285221,0.000352531
wheel,1780715268.408418417,114.460062742,0.078352097,-0.264758655,0.082810619,4.744699,0.078352097,-0.264758655,4.744699,0.000451483,0.000119770
wheel,1780715268.428236485,114.479880810,0.078497325,-0.264746601,0.082810619,4.744699,0.078497325,-0.264746601,4.744699,0.000796605,0.000118573
wheel,1780715268.448443413,114.500087738,0.078497325,-0.264746601,0.082810619,4.744699,0.078497325,-0.264746601,4.744699,0.000756774,0.000117387
wheel,1780715268.468235970,114.519880295,0.078569941,-0.264740591,0.082347990,4.718192,0.078569941,-0.264740591,4.718192,0.000902983,-0.000117498
wheel,1780715268.488301039,114.539945364,0.078642560,-0.264734614,0.081885361,4.691686,0.078642560,-0.264734614,4.691686,0.001039464,-0.000346964
wheel,1780715268.509091854,114.560736179,0.078642560,-0.264734614,0.081885361,4.691686,0.078642560,-0.264734614,4.691686,0.000987490,-0.000343494
wheel,1780715268.528470278,114.580114603,0.078642560,-0.264734614,0.081885361,4.691686,0.078642560,-0.264734614,4.691686,0.000938116,-0.000340059
wheel,1780715268.548236609,114.599880934,0.078642560,-0.264734614,0.081885361,4.691686,0.078642560,-0.264734614,4.691686,0.000891210,-0.000336659
wheel,1780715268.568261623,114.619905949,0.078497320,-0.264746534,0.081885361,4.691686,0.078497320,-0.264746534,4.691686,0.000482780,-0.000333292
wheel,1780715268.588274479,114.639918804,0.078424701,-0.264752511,0.082347990,4.718192,0.078424701,-0.264752511,4.718192,0.000276583,-0.000098774
rtabmap,1780715268.599947691,115.202115059,0.084133796,-0.063417971,-2.083808725,-119.393445,0.019659926,0.102914375,-3.099450,0.011766507,0.001504553
wheel,1780715268.608277321,114.659921646,0.078352086,-0.264758521,0.082810619,4.744699,0.078352086,-0.264758521,4.744699,0.000080632,0.000133479
wheel,1780715268.628246307,114.679890633,0.078206862,-0.264770642,0.083735878,4.797712,0.078206862,-0.264770642,4.797712,-0.000288277,0.000595481
wheel,1780715268.648333549,114.699977875,0.078206862,-0.264770642,0.083735878,4.797712,0.078206862,-0.264770642,4.797712,-0.000273863,0.000589526
wheel,1780715268.668294191,114.719938517,0.078061650,-0.264782898,0.084661136,4.850726,0.078061650,-0.264782898,4.850726,-0.000625296,0.001047283
wheel,1780715268.688269615,114.739913940,0.078061650,-0.264782898,0.084661136,4.850726,0.078061650,-0.264782898,4.850726,-0.000594031,0.001036810
wheel,1780715268.708237410,114.759881735,0.078061650,-0.264782898,0.084661136,4.850726,0.078061650,-0.264782898,4.850726,-0.000564330,0.001026442
wheel,1780715268.728271246,114.779915571,0.078061650,-0.264782898,0.084661136,4.850726,0.078061650,-0.264782898,4.850726,-0.000536113,0.001016178
wheel,1780715268.748489618,114.800133944,0.078061650,-0.264782898,0.084661136,4.850726,0.078061650,-0.264782898,4.850726,-0.000509308,0.001006016
wheel,1780715268.770267248,114.821911573,0.078061650,-0.264782898,0.084661136,4.850726,0.078061650,-0.264782898,4.850726,-0.000483842,0.000995956
wheel,1780715268.788280487,114.839924812,0.078134255,-0.264776753,0.084198507,4.824219,0.078134255,-0.264776753,4.824219,-0.000257281,0.000729019
wheel,1780715268.808489799,114.860134125,0.078134255,-0.264776753,0.084198507,4.824219,0.078134255,-0.264776753,4.824219,-0.000244417,0.000721729
wheel,1780715268.828250647,114.879894972,0.078134255,-0.264776753,0.084198507,4.824219,0.078134255,-0.264776753,4.824219,-0.000232196,0.000714512
wheel,1780715268.848225117,114.899869442,0.078061650,-0.264782898,0.084661136,4.850726,0.078061650,-0.264782898,4.850726,-0.000402966,0.000938960
rtabmap,1780715268.866614342,115.468781710,0.083675623,-0.064173244,-2.086150935,-119.527644,0.020540013,0.102838177,-3.233648,0.003310947,-0.008783119
wheel,1780715268.869792700,114.921437025,0.078061650,-0.264782898,0.084661136,4.850726,0.078061650,-0.264782898,4.850726,-0.000382818,0.000929570
wheel,1780715268.888509750,114.940154076,0.078061650,-0.264782898,0.084661136,4.850726,0.078061650,-0.264782898,4.850726,-0.000363677,0.000920275
wheel,1780715268.908276081,114.959920406,0.078061650,-0.264782898,0.084661136,4.850726,0.078061650,-0.264782898,4.850726,-0.000345493,0.000911072
wheel,1780715268.929444551,114.981088877,0.078134255,-0.264776753,0.084198507,4.824219,0.078134255,-0.264776753,4.824219,-0.000156146,0.000683457
wheel,1780715268.948287964,114.999932289,0.078206862,-0.264770642,0.083735878,4.797712,0.078206862,-0.264770642,4.797712,0.000045012,0.000431097
wheel,1780715268.968276024,115.019920349,0.078206862,-0.264770642,0.083735878,4.797712,0.078206862,-0.264770642,4.797712,0.000042761,0.000426786
wheel,1780715268.988283873,115.039928198,0.078206862,-0.264770642,0.083735878,4.797712,0.078206862,-0.264770642,4.797712,0.000040623,0.000422519
wheel,1780715269.008257151,115.059901476,0.078206862,-0.264770642,0.083735878,4.797712,0.078206862,-0.264770642,4.797712,0.000038592,0.000418293
wheel,1780715269.028252840,115.079897165,0.078134255,-0.264776753,0.084198507,4.824219,0.078134255,-0.264776753,4.824219,-0.000145550,0.000645491
wheel,1780715269.049185276,115.100829601,0.078134255,-0.264776753,0.084198507,4.824219,0.078134255,-0.264776753,4.824219,-0.000138272,0.000639037
wheel,1780715269.068251371,115.119895697,0.078134255,-0.264776753,0.084198507,4.824219,0.078134255,-0.264776753,4.824219,-0.000131359,0.000632646
wheel,1780715269.088272333,115.139916658,0.078134255,-0.264776753,0.084198507,4.824219,0.078134255,-0.264776753,4.824219,-0.000124791,0.000626320
rtabmap,1780715269.100433111,115.702600479,0.082934149,-0.062121347,-2.085716818,-119.502771,0.019028876,0.101264477,-3.208775,-0.006072913,0.001856826
wheel,1780715269.108244419,115.159888744,0.078134255,-0.264776753,0.084198507,4.824219,0.078134255,-0.264776753,4.824219,-0.000118551,0.000620057
wheel,1780715269.128233671,115.179877996,0.078134255,-0.264776753,0.084198507,4.824219,0.078134255,-0.264776753,4.824219,-0.000112624,0.000613856
wheel,1780715269.148228407,115.199872732,0.078134255,-0.264776753,0.084198507,4.824219,0.078134255,-0.264776753,4.824219,-0.000106993,0.000607717
wheel,1780715269.168253422,115.219897747,0.078206862,-0.264770642,0.083735878,4.797712,0.078206862,-0.264770642,4.797712,0.000080316,0.000370582
wheel,1780715269.191111803,115.242756128,0.078206862,-0.264770642,0.083735878,4.797712,0.078206862,-0.264770642,4.797712,0.000076300,0.000366876
wheel,1780715269.210287094,115.261931419,0.078206862,-0.264770642,0.083735878,4.797712,0.078206862,-0.264770642,4.797712,0.000072485,0.000363207
wheel,1780715269.228272676,115.279917002,0.078206862,-0.264770642,0.083735878,4.797712,0.078206862,-0.264770642,4.797712,0.000068861,0.000359575
wheel,1780715269.248250484,115.299894810,0.078206862,-0.264770642,0.083735878,4.797712,0.078206862,-0.264770642,4.797712,0.000065418,0.000355979
rtabmap,1780715269.266746283,115.868913651,0.084086180,-0.060332149,-2.085271235,-119.477241,0.016914478,0.101504737,-3.183245,-0.012774300,0.002680926
wheel,1780715269.268287420,115.319931746,0.078206862,-0.264770642,0.083735878,4.797712,0.078206862,-0.264770642,4.797712,0.000062147,0.000352419
wheel,1780715269.289206266,115.340850592,0.078134255,-0.264776753,0.084198507,4.824219,0.078134255,-0.264776753,4.824219,-0.000115149,0.000570087
wheel,1780715269.308381319,115.360025644,0.078061648,-0.264782864,0.083735878,4.797712,0.078061648,-0.264782864,4.797712,-0.000299332,0.000323192
wheel,1780715269.328728199,115.380372524,0.078061648,-0.264782864,0.083735878,4.797712,0.078061648,-0.264782864,4.797712,-0.000284366,0.000319960
wheel,1780715269.348248720,115.399893045,0.078061648,-0.264782864,0.083735878,4.797712,0.078061648,-0.264782864,4.797712,-0.000270147,0.000316761
wheel,1780715269.371215105,115.422859430,0.078061648,-0.264782864,0.083735878,4.797712,0.078061648,-0.264782864,4.797712,-0.000256640,0.000313593
wheel,1780715269.388236761,115.439881086,0.078061648,-0.264782864,0.083735878,4.797712,0.078061648,-0.264782864,4.797712,-0.000243808,0.000310457
wheel,1780715269.408278704,115.459923029,0.078134255,-0.264776753,0.084198507,4.824219,0.078134255,-0.264776753,4.824219,-0.000049819,0.000538208
wheel,1780715269.428297281,115.479941607,0.078134255,-0.264776753,0.084198507,4.824219,0.078134255,-0.264776753,4.824219,-0.000047328,0.000532826
wheel,1780715269.448261499,115.499905825,0.078134255,-0.264776753,0.084198507,4.824219,0.078134255,-0.264776753,4.824219,-0.000044962,0.000527497
wheel,1780715269.468267202,115.519911528,0.078134255,-0.264776753,0.084198507,4.824219,0.078134255,-0.264776753,4.824219,-0.000042714,0.000522222
wheel,1780715269.488337994,115.539982319,0.078134255,-0.264776753,0.084198507,4.824219,0.078134255,-0.264776753,4.824219,-0.000040578,0.000517000
wheel,1780715269.508579493,115.560223818,0.078061648,-0.264782864,0.083735878,4.797712,0.078061648,-0.264782864,4.797712,-0.000218525,0.000283289
wheel,1780715269.528230906,115.579875231,0.078061648,-0.264782864,0.083735878,4.797712,0.078061648,-0.264782864,4.797712,-0.000207599,0.000280456
wheel,1780715269.548282623,115.599926949,0.077916430,-0.264795052,0.083735878,4.797712,0.077916430,-0.264795052,4.797712,-0.000560604,0.000277651
wheel,1780715269.568236351,115.619880676,0.077916430,-0.264795052,0.083735878,4.797712,0.077916430,-0.264795052,4.797712,-0.000532574,0.000274875
wheel,1780715269.588235378,115.639879704,0.077916430,-0.264795052,0.083735878,4.797712,0.077916430,-0.264795052,4.797712,-0.000505945,0.000272126
wheel,1780715269.608244658,115.659888983,0.077989037,-0.264788941,0.084198507,4.824219,0.077989037,-0.264788941,4.824219,-0.000298548,0.000500643
wheel,1780715269.628264666,115.679908991,0.078061645,-0.264782830,0.083735878,4.797712,0.078061645,-0.264782830,4.797712,-0.000101639,0.000264547
wheel,1780715269.648307562,115.699951887,0.078061645,-0.264782830,0.083735878,4.797712,0.078061645,-0.264782830,4.797712,-0.000096557,0.000261902
rtabmap,1780715269.666888237,116.269055605,0.084374763,-0.057981007,-2.084976746,-119.460368,0.014678766,0.100721959,-3.166372,-0.005470046,0.000736452
wheel,1780715269.670314789,115.721959114,0.078061645,-0.264782830,0.083735878,4.797712,0.078061645,-0.264782830,4.797712,-0.000091729,0.000259283
wheel,1780715269.690719604,115.742363930,0.078134252,-0.264776719,0.084198507,4.824219,0.078134252,-0.264776719,4.824219,0.000091362,0.000483362
wheel,1780715269.708248138,115.759892464,0.078134252,-0.264776719,0.084198507,4.824219,0.078134252,-0.264776719,4.824219,0.000086794,0.000478529
wheel,1780715269.728442430,115.780086756,0.078061645,-0.264782830,0.083735878,4.797712,0.078061645,-0.264782830,4.797712,-0.000097970,0.000244633
wheel,1780715269.748260021,115.799904346,0.077989037,-0.264788941,0.084198507,4.824219,0.077989037,-0.264788941,4.824219,-0.000276929,0.000475655
wheel,1780715269.768331766,115.819976091,0.077989037,-0.264788941,0.084198507,4.824219,0.077989037,-0.264788941,4.824219,-0.000263082,0.000470899
wheel,1780715269.788272381,115.839916706,0.077916430,-0.264795052,0.083735878,4.797712,0.077916430,-0.264795052,4.797712,-0.000432546,0.000234295
wheel,1780715269.808266401,115.859910727,0.077843823,-0.264801163,0.084198507,4.824219,0.077843823,-0.264801163,4.824219,-0.000593133,0.000463335
wheel,1780715269.828253508,115.879897833,0.077771215,-0.264807274,0.083735878,4.797712,0.077771215,-0.264807274,4.797712,-0.000745772,0.000227216
wheel,1780715269.848247290,115.899891615,0.077771215,-0.264807274,0.083735878,4.797712,0.077771215,-0.264807274,4.797712,-0.000708483,0.000224944
wheel,1780715269.868521214,115.920165539,0.077771215,-0.264807274,0.083735878,4.797712,0.077771215,-0.264807274,4.797712,-0.000673059,0.000222695
wheel,1780715269.888280153,115.939924479,0.077771215,-0.264807274,0.083735878,4.797712,0.077771215,-0.264807274,4.797712,-0.000639406,0.000220468
wheel,1780715269.908230782,115.959875107,0.077771215,-0.264807274,0.083735878,4.797712,0.077771215,-0.264807274,4.797712,-0.000607436,0.000218263
wheel,1780715269.928258419,115.979902744,0.077843825,-0.264801197,0.083273248,4.771206,0.077843825,-0.264801197,4.771206,-0.000395118,-0.000014962
wheel,1780715269.948268652,115.999912977,0.077843825,-0.264801197,0.083273248,4.771206,0.077843825,-0.264801197,4.771206,-0.000375362,-0.000014812
wheel,1780715269.969227791,116.020872116,0.077843825,-0.264801197,0.083273248,4.771206,0.077843825,-0.264801197,4.771206,-0.000356594,-0.000014664
wheel,1780715269.988339663,116.039983988,0.077843825,-0.264801197,0.083273248,4.771206,0.077843825,-0.264801197,4.771206,-0.000338764,-0.000014517
wheel,1780715270.009388208,116.061032534,0.077916436,-0.264795120,0.083735878,4.797712,0.077916436,-0.264795120,4.797712,-0.000148731,0.000205432
wheel,1780715270.028249502,116.079893827,0.077771218,-0.264807308,0.083735878,4.797712,0.077771218,-0.264807308,4.797712,-0.000527639,0.000203377
wheel,1780715270.048273325,116.099917650,0.077771218,-0.264807308,0.083735878,4.797712,0.077771218,-0.264807308,4.797712,-0.000501257,0.000201344
wheel,1780715270.068296909,116.119941235,0.077771218,-0.264807308,0.083735878,4.797712,0.077771218,-0.264807308,4.797712,-0.000476194,0.000199330
wheel,1780715270.088265181,116.139909506,0.077771218,-0.264807308,0.083735878,4.797712,0.077771218,-0.264807308,4.797712,-0.000452384,0.000197337
wheel,1780715270.109089136,116.160733461,0.077771218,-0.264807308,0.083735878,4.797712,0.077771218,-0.264807308,4.797712,-0.000429765,0.000195363
wheel,1780715270.128243685,116.179888010,0.077771218,-0.264807308,0.083735878,4.797712,0.077771218,-0.264807308,4.797712,-0.000408277,0.000193410
wheel,1780715270.148280144,116.199924469,0.077771218,-0.264807308,0.083735878,4.797712,0.077771218,-0.264807308,4.797712,-0.000387863,0.000191476
wheel,1780715270.168244123,116.219888449,0.077771218,-0.264807308,0.083735878,4.797712,0.077771218,-0.264807308,4.797712,-0.000368470,0.000189561
wheel,1780715270.188238382,116.239882708,0.077771218,-0.264807308,0.083735878,4.797712,0.077771218,-0.264807308,4.797712,-0.000350046,0.000187665
wheel,1780715270.208261251,116.259905577,0.077771218,-0.264807308,0.083735878,4.797712,0.077771218,-0.264807308,4.797712,-0.000332544,0.000185789
wheel,1780715270.228252172,116.279896498,0.077771218,-0.264807308,0.083735878,4.797712,0.077771218,-0.264807308,4.797712,-0.000315917,0.000183931
wheel,1780715270.249001741,116.300646067,0.077843825,-0.264801197,0.084198507,4.824219,0.077843825,-0.264801197,4.824219,-0.000124559,0.000405027
wheel,1780715270.268429041,116.320073366,0.077843825,-0.264801197,0.084198507,4.824219,0.077843825,-0.264801197,4.824219,-0.000118331,0.000400977
wheel,1780715270.288277864,116.339922190,0.077843825,-0.264801197,0.084198507,4.824219,0.077843825,-0.264801197,4.824219,-0.000112415,0.000396967
wheel,1780715270.308227062,116.359871387,0.077843825,-0.264801197,0.084198507,4.824219,0.077843825,-0.264801197,4.824219,-0.000106794,0.000392997
wheel,1780715270.329280615,116.380924940,0.077843825,-0.264801197,0.084198507,4.824219,0.077843825,-0.264801197,4.824219,-0.000101454,0.000389067
wheel,1780715270.348233223,116.399877548,0.077843825,-0.264801197,0.084198507,4.824219,0.077843825,-0.264801197,4.824219,-0.000096382,0.000385177
wheel,1780715270.368225098,116.419869423,0.077843825,-0.264801197,0.084198507,4.824219,0.077843825,-0.264801197,4.824219,-0.000091563,0.000381325
wheel,1780715270.388261318,116.439905643,0.077843825,-0.264801197,0.084198507,4.824219,0.077843825,-0.264801197,4.824219,-0.000086984,0.000377512
