source,t,rel_t,x,y,yaw_rad,yaw_deg,rel_x,rel_y,rel_yaw_deg,vx,wz
rtabmap,1780713856.830427170,0.000000000,0.000410266,-0.000582756,-1.337501706,-76.633203,0.000000000,0.000000000,0.000000,-0.000200386,-0.000313306
rtabmap,1780713857.163764238,0.333337069,0.000963898,-0.000159488,-1.337452360,-76.630375,-0.000283810,0.000636487,0.002827,-0.000851420,0.000148503
wheel,1780713857.441371918,0.000000000,0.000000000,0.000000000,0.000000000,0.000000,0.000000000,0.000000000,0.000000,0.000000000,0.000002484
wheel,1780713857.458895683,0.017523766,0.000000000,0.000000000,0.000000000,0.000000,0.000000000,0.000000000,0.000000,0.000000000,0.000002460
wheel,1780713857.478942871,0.037570953,0.000000000,0.000000000,0.000000000,0.000000,0.000000000,0.000000000,0.000000,0.000000000,0.000002435
wheel,1780713857.498909473,0.057537556,0.000000000,0.000000000,0.000000000,0.000000,0.000000000,0.000000000,0.000000,0.000000000,0.000002411
wheel,1780713857.518917084,0.077545166,0.000000000,0.000000000,0.000000000,0.000000,0.000000000,0.000000000,0.000000,0.000000000,0.000002387
rtabmap,1780713857.530738115,0.700310946,0.001244074,-0.000433171,-1.337479376,-76.631923,0.000047231,0.000845802,0.001279,0.000902110,-0.000073699
wheel,1780713857.544563770,0.103191853,0.000000000,0.000000000,0.000000000,0.000000,0.000000000,0.000000000,0.000000,0.000000000,0.000002363
wheel,1780713857.558928728,0.117556810,0.000000000,0.000000000,0.000000000,0.000000,0.000000000,0.000000000,0.000000,0.000000000,0.000002339
wheel,1780713857.578887939,0.137516022,0.000072864,-0.000000017,-0.000462629,-0.026507,0.000072864,-0.000000017,-0.026507,0.000182491,-0.000229419
wheel,1780713857.599129915,0.157757998,0.000145728,-0.000000067,-0.000925258,-0.053013,0.000145728,-0.000000067,-0.053013,0.000353353,-0.000455680
wheel,1780713857.618909121,0.177537203,0.000291456,-0.000000270,-0.001850517,-0.106027,0.000291456,-0.000000270,-0.106027,0.000704175,-0.000919046
wheel,1780713857.638888836,0.197516918,0.000437184,-0.000000607,-0.002775775,-0.159040,0.000437184,-0.000000607,-0.159040,0.001033561,-0.001372833
wheel,1780713857.658931494,0.217559576,0.000437184,-0.000000607,-0.002775775,-0.159040,0.000437184,-0.000000607,-0.159040,0.000981883,-0.001359105
wheel,1780713857.678897142,0.237525225,0.000728638,-0.000001685,-0.004626292,-0.265067,0.000728638,-0.000001685,-0.265067,0.001662509,-0.002272142
wheel,1780713857.698980093,0.257608175,0.000874365,-0.000002427,-0.005551550,-0.318080,0.000874365,-0.000002427,-0.318080,0.001942411,-0.002710407
wheel,1780713857.720524073,0.279152155,0.001020090,-0.000003303,-0.006476808,-0.371094,0.001020090,-0.000003303,-0.371094,0.002183340,-0.003112573
wheel,1780713857.738906622,0.297534704,0.001165815,-0.000004315,-0.007402067,-0.424107,0.001165815,-0.000004315,-0.424107,0.002470529,-0.003584757
wheel,1780713857.758892775,0.317520857,0.001165815,-0.000004315,-0.007402067,-0.424107,0.001165815,-0.000004315,-0.424107,0.002347003,-0.003548909
wheel,1780713857.778933048,0.337561131,0.001311538,-0.000005528,-0.009252583,-0.530134,0.001311538,-0.000005528,-0.530134,0.002593314,-0.004437006
wheel,1780713857.798942804,0.357570887,0.001384399,-0.000006253,-0.010640471,-0.609654,0.001384399,-0.000006253,-0.609654,0.002645729,-0.005086274
wheel,1780713857.818921804,0.377549887,0.001384399,-0.000006253,-0.011565729,-0.662667,0.001384399,-0.000006253,-0.662667,0.002513442,-0.005498449
wheel,1780713857.839096785,0.397724867,0.001311540,-0.000005360,-0.012953616,-0.742188,0.001311540,-0.000005360,-0.742188,0.002207203,-0.006131341
wheel,1780713857.858911991,0.417540073,0.001311540,-0.000005360,-0.012953616,-0.742188,0.001311540,-0.000005360,-0.742188,0.002096842,-0.006070028
wheel,1780713857.878889084,0.437517166,0.001384396,-0.000006422,-0.016192021,-0.927734,0.001384396,-0.000006422,-0.927734,0.002174332,-0.007630057
wheel,1780713857.898950577,0.457578659,0.001311543,-0.000005191,-0.017579908,-1.007255,0.001311543,-0.000005191,-1.007255,0.001883962,-0.008245771
wheel,1780713857.919240475,0.477868557,0.001238691,-0.000003826,-0.019893054,-1.139788,0.001238691,-0.000003826,-1.139788,0.001610236,-0.009303174
wheel,1780713857.938880205,0.497508287,0.001238691,-0.000003826,-0.021743570,-1.245815,0.001238691,-0.000003826,-1.245815,0.001529724,-0.010152270
wheel,1780713857.958946228,0.517574310,0.001238691,-0.000003826,-0.021743570,-1.245815,0.001238691,-0.000003826,-1.245815,0.001453238,-0.010050747
wheel,1780713857.978901625,0.537529707,0.001238691,-0.000003826,-0.026369862,-1.510882,0.001238691,-0.000003826,-1.510882,0.001380576,-0.012267753
wheel,1780713857.998923540,0.557551622,0.001238691,-0.000003826,-0.029145637,-1.669922,0.001238691,-0.000003826,-1.669922,0.001311547,-0.013531576
wheel,1780713858.018897295,0.577525377,0.001311522,-0.000006034,-0.031458783,-1.802455,0.001311522,-0.000006034,-1.802455,0.001428356,-0.014554270
wheel,1780713858.041225433,0.599853516,0.001311522,-0.000006034,-0.035159816,-2.014509,0.001311522,-0.000006034,-2.014509,0.001356939,-0.016066363
wheel,1780713858.058932066,0.617560148,0.001311522,-0.000006034,-0.035159816,-2.014509,0.001311522,-0.000006034,-2.014509,0.001289092,-0.015905699
wheel,1780713858.078900814,0.637528896,0.001529955,-0.000014375,-0.041173995,-2.359096,0.001529955,-0.000014375,-2.359096,0.001771855,-0.018757791
rtabmap,1780713858.097412586,1.266985416,0.004896176,0.002740931,-1.292133778,-74.033812,-0.002196577,0.005132770,2.599391,-0.003959436,0.080020502
wheel,1780713858.098970175,0.657598257,0.001675548,-0.000020643,-0.044875028,-2.571150,0.001675548,-0.000020643,-2.571150,0.002046462,-0.020415035
wheel,1780713858.118908644,0.677536726,0.001821117,-0.000027449,-0.048576062,-2.783203,0.001821117,-0.000027449,-2.783203,0.002309549,-0.022066935
wheel,1780713858.138897896,0.697525978,0.001893890,-0.000031105,-0.051814466,-2.968750,0.001893890,-0.000031105,-2.968750,0.002376290,-0.023465990
wheel,1780713858.158922672,0.717550755,0.001893890,-0.000031105,-0.051814466,-2.968750,0.001893890,-0.000031105,-2.968750,0.002257476,-0.023231330
wheel,1780713858.179018497,0.737646580,0.002184890,-0.000047412,-0.060141790,-3.445871,0.002184890,-0.000047412,-3.445871,0.002869786,-0.027142924
wheel,1780713858.198911190,0.757539272,0.002330334,-0.000056507,-0.064768082,-3.710938,0.002330334,-0.000056507,-3.710938,0.003092754,-0.029198206
wheel,1780713858.218879938,0.777508020,0.002475730,-0.000066343,-0.070319632,-4.029018,0.002475730,-0.000066343,-4.029018,0.003302780,-0.031684618
wheel,1780713858.238886356,0.797514439,0.002621054,-0.000077187,-0.078646957,-4.506139,0.002621054,-0.000077187,-4.506139,0.003501866,-0.035530346
wheel,1780713858.258891582,0.817519665,0.002621054,-0.000077187,-0.078646957,-4.506139,0.002621054,-0.000077187,-4.506139,0.003326773,-0.035175043
wheel,1780713858.278933048,0.837561131,0.002693655,-0.000083365,-0.091137944,-5.221820,0.002693655,-0.000083365,-5.221820,0.003342265,-0.041057496
wheel,1780713858.298924685,0.857552767,0.002040726,-0.000022323,-0.095301606,-5.460380,0.002040726,-0.000022323,-5.460380,0.001535181,-0.042729424
wheel,1780713858.320487022,0.879115105,0.002983035,-0.000118782,-0.108717852,-6.229074,0.002983035,-0.000118782,-6.229074,0.003654484,-0.048522966
wheel,1780713858.338917494,0.897545576,0.003127836,-0.000135197,-0.117045177,-6.706195,0.003127836,-0.000135197,-6.706195,0.003867162,-0.052556617
wheel,1780713858.358943939,0.917572021,0.003127836,-0.000135197,-0.117045177,-6.706195,0.003127836,-0.000135197,-6.706195,0.003673804,-0.052031050
wheel,1780713858.378886700,0.937514782,0.003127836,-0.000135197,-0.135550343,-7.766463,0.003127836,-0.000135197,-7.766463,0.003490113,-0.060784780
wheel,1780713858.399005413,0.957633495,0.003272125,-0.000155625,-0.145728185,-8.349610,0.003272125,-0.000155625,-8.349610,0.003678045,-0.065239544
wheel,1780713858.418967724,0.977595806,0.003416209,-0.000177453,-0.154980768,-8.879744,0.003416209,-0.000177453,-8.879744,0.003859046,-0.069220847
wheel,1780713858.439432383,0.998060465,0.003488144,-0.000189050,-0.164695980,-9.436385,0.003488144,-0.000189050,-9.436385,0.003844035,-0.073273739
wheel,1780713858.458882332,1.017510414,0.003488144,-0.000189050,-0.164695980,-9.436385,0.003488144,-0.000189050,-9.436385,0.003651833,-0.072541002
wheel,1780713858.480036736,1.038664818,0.003416383,-0.000176423,-0.183663776,-10.523159,0.003416383,-0.000176423,-10.523159,0.003297028,-0.080781646
rtabmap,1780713858.497744799,1.667317629,0.007084555,0.010836782,-1.140228493,-65.330280,-0.009567193,0.009133499,11.302923,-0.017939076,0.379448056
wheel,1780713858.498940229,1.057568312,0.003416383,-0.000176423,-0.193841617,-11.106307,0.003416383,-0.000176423,-11.106307,0.003132176,-0.085360110
wheel,1780713858.518904686,1.077532768,0.003487826,-0.000190740,-0.201706313,-11.556920,0.003487826,-0.000190740,-11.556920,0.003158009,-0.088444917
wheel,1780713858.538983822,1.097611904,0.003345203,-0.000160818,-0.211884154,-12.140068,0.003345203,-0.000160818,-12.140068,0.002637219,-0.092629392
wheel,1780713858.558911324,1.117539406,0.003345203,-0.000160818,-0.211884154,-12.140068,0.003345203,-0.000160818,-12.140068,0.002505358,-0.091703098
wheel,1780713858.578942776,1.137570858,0.003274132,-0.000144754,-0.232702466,-13.332869,0.003274132,-0.000144754,-13.332869,0.002198182,-0.101180859
wheel,1780713858.598908186,1.157536268,0.003344973,-0.000161803,-0.239641904,-13.730470,0.003344973,-0.000161803,-13.730470,0.002270718,-0.103644199
wheel,1780713858.618899822,1.177527905,0.003415678,-0.000179408,-0.248431858,-14.234097,0.003415678,-0.000179408,-14.234097,0.002339412,-0.107004416
wheel,1780713858.638896227,1.197524309,0.003486226,-0.000197635,-0.257221812,-14.737724,0.003486226,-0.000197635,-14.737724,0.002404658,-0.110330715
wheel,1780713858.659493208,1.218121290,0.003486226,-0.000197635,-0.257221812,-14.737724,0.003486226,-0.000197635,-14.737724,0.002284425,-0.109227408
wheel,1780713858.678933144,1.237561226,0.003345606,-0.000159390,-0.273876461,-15.691965,0.003345606,-0.000159390,-15.691965,0.001795415,-0.116701739
wheel,1780713858.698945999,1.257574081,0.003485756,-0.000199323,-0.281278528,-16.116073,0.003485756,-0.000199323,-16.116073,0.002069830,-0.119234391
wheel,1780713858.718899727,1.277527809,0.003555686,-0.000219792,-0.288217965,-16.513673,0.003555686,-0.000219792,-16.513673,0.002148841,-0.121518275
wheel,1780713858.738936901,1.297564983,0.003485900,-0.000198839,-0.295157403,-16.911273,0.003485900,-0.000198839,-16.911273,0.001859555,-0.123766786
wheel,1780713858.758918524,1.317546606,0.003485900,-0.000198839,-0.295157403,-16.911273,0.003485900,-0.000198839,-16.911273,0.001766577,-0.122529118
wheel,1780713858.779537916,1.338165998,0.003346751,-0.000155546,-0.308111019,-17.653461,0.003346751,-0.000155546,-17.653461,0.001324892,-0.127585713
wheel,1780713858.798935890,1.357563972,0.003416117,-0.000177851,-0.314125198,-17.998048,0.003416117,-0.000177851,-17.998048,0.001446475,-0.129410501
wheel,1780713858.818913460,1.377541542,0.003416117,-0.000177851,-0.320602006,-18.369142,0.003416117,-0.000177851,-18.369142,0.001374151,-0.131357972
wheel,1780713858.838943481,1.397571564,0.003416117,-0.000177851,-0.327078814,-18.740236,0.003416117,-0.000177851,-18.740236,0.001305444,-0.133278250
wheel,1780713858.860051870,1.418679953,0.003416117,-0.000177851,-0.327078814,-18.740236,0.003416117,-0.000177851,-18.740236,0.001240172,-0.131945468
rtabmap,1780713858.864207983,2.033780813,0.012835737,0.015628662,-0.993166680,-56.904259,-0.012899679,0.015836688,19.728944,-0.005332191,0.401300579
wheel,1780713858.878922224,1.437550306,0.003003028,-0.000034715,-0.340032431,-19.482423,0.003003028,-0.000034715,-19.482423,0.000019802,-0.137490372
wheel,1780713858.898888111,1.457516193,0.002934421,-0.000010175,-0.346971868,-19.880024,0.002934421,-0.000010175,-19.880024,-0.000163657,-0.139591074
wheel,1780713858.918888092,1.477516174,0.003002833,-0.000035253,-0.355761822,-20.383651,0.003002833,-0.000035253,-20.383651,0.000026675,-0.142589882
wheel,1780713858.938908339,1.497536421,0.002866395,0.000015946,-0.362238630,-20.754745,0.002866395,0.000015946,-20.754745,-0.000338619,-0.144399190
wheel,1780713858.958895206,1.517523289,0.002866395,0.000015946,-0.362238630,-20.754745,0.002866395,0.000015946,-20.754745,-0.000321688,-0.142955198
wheel,1780713858.979238510,1.537866592,0.002594722,0.000121495,-0.378893280,-21.708986,0.002594722,0.000121495,-21.708986,-0.001021906,-0.149711963
wheel,1780713858.999377966,1.558006048,0.002527132,0.000148713,-0.386757976,-22.159600,0.002527132,0.000148713,-22.159600,-0.001151719,-0.152120147
wheel,1780713859.019041538,1.577669621,0.002459759,0.000176462,-0.394622672,-22.610214,0.002459759,0.000176462,-22.610214,-0.001279472,-0.154599931
wheel,1780713859.038932800,1.597560883,0.002594000,0.000119751,-0.404800513,-23.193361,0.002594000,0.000119751,-23.193361,-0.000849261,-0.158169629
wheel,1780713859.058926582,1.617554665,0.002594000,0.000119751,-0.404800513,-23.193361,0.002594000,0.000119751,-23.193361,-0.000806798,-0.156587933
wheel,1780713859.081312418,1.639940500,0.002460505,0.000178196,-0.420529904,-24.094589,0.002460505,0.000178196,-24.094589,-0.001091982,-0.162049220
wheel,1780713859.099259138,1.657887220,0.002327695,0.000238181,-0.427931971,-24.518696,0.002327695,0.000238181,-24.518696,-0.001443342,-0.164552757
wheel,1780713859.122216702,1.680844784,0.002195417,0.000299330,-0.438109812,-25.101843,0.002195417,0.000299330,-25.101843,-0.001688561,-0.167340558
wheel,1780713859.139344454,1.697972536,0.002195417,0.000299330,-0.444586621,-25.472937,0.002195417,0.000299330,-25.472937,-0.001604132,-0.169451098
wheel,1780713859.158902645,1.717530727,0.002195417,0.000299330,-0.444586621,-25.472937,0.002195417,0.000299330,-25.472937,-0.001523926,-0.167756587
wheel,1780713859.178909779,1.737537861,0.002195417,0.000299330,-0.461241270,-26.427178,0.002195417,0.000299330,-26.427178,-0.001447730,-0.174403773
wheel,1780713859.198876858,1.757504940,0.002000006,0.000397296,-0.468180708,-26.824779,0.002000006,0.000397296,-26.824779,-0.001922673,-0.176134843
wheel,1780713859.220835686,1.779463768,0.001870234,0.000463598,-0.476508032,-27.301899,0.001870234,0.000463598,-27.301899,-0.002158476,-0.178167057
wheel,1780713859.238918066,1.797546148,0.001934850,0.000429923,-0.484372728,-27.752513,0.001934850,0.000429923,-27.752513,-0.001849156,-0.180732979
wheel,1780713859.258884668,1.817512751,0.001934850,0.000429923,-0.484372728,-27.752513,0.001934850,0.000429923,-27.752513,-0.001756698,-0.178925650
wheel,1780713859.278912067,1.837540150,0.002191767,0.000292300,-0.499176861,-28.600727,0.002191767,0.000292300,-28.600727,-0.000941124,-0.184529301
wheel,1780713859.299201250,1.857829332,0.002127916,0.000327402,-0.506116299,-28.998328,0.002127916,0.000327402,-28.998328,-0.001073606,-0.186103791
wheel,1780713859.318948746,1.877576828,0.002064309,0.000362946,-0.513055736,-29.395928,0.002064309,0.000362946,-29.395928,-0.001204418,-0.187756880
rtabmap,1780713859.331469774,2.501042604,0.019806137,0.024046980,-0.803269920,-46.023976,-0.019478498,0.024564442,30.609227,-0.006947733,0.406403512
wheel,1780713859.338950872,1.897578955,0.002064309,0.000362946,-0.520457802,-29.820035,0.002064309,0.000362946,-29.820035,-0.001144197,-0.189580568
wheel,1780713859.359104156,1.917732239,0.002064309,0.000362946,-0.520457802,-29.820035,0.002064309,0.000362946,-29.820035,-0.001086987,-0.187684763
wheel,1780713859.381219387,1.939847469,0.002316298,0.000216493,-0.532486161,-30.509210,0.002316298,0.000216493,-30.509210,-0.000374050,-0.191243874
wheel,1780713859.398895741,1.957523823,0.002378963,0.000179313,-0.538500340,-30.853797,0.002378963,0.000179313,-30.853797,-0.000149272,-0.192733317
wheel,1780713859.418897867,1.977525949,0.002254066,0.000254397,-0.544051889,-31.171877,0.002254066,0.000254397,-31.171877,-0.000506095,-0.193581497
wheel,1780713859.438905239,1.997533321,0.002191871,0.000292356,-0.551916585,-31.622491,0.002191871,0.000292356,-31.622491,-0.000662916,-0.195577284
wheel,1780713859.458884716,2.017512798,0.002191871,0.000292356,-0.551916585,-31.622491,0.002191871,0.000292356,-31.622491,-0.000629770,-0.193621511
wheel,1780713859.478909969,2.037538052,0.002253730,0.000253851,-0.561631797,-32.179132,0.002253730,0.000253851,-32.179132,-0.000416355,-0.196536661
wheel,1780713859.498998404,2.057626486,0.002192176,0.000292842,-0.567645976,-32.523719,0.002192176,0.000292842,-32.523719,-0.000576898,-0.197565181
wheel,1780713859.518914700,2.077542782,0.002253494,0.000253482,-0.573660156,-32.868306,0.002253494,0.000253482,-32.868306,-0.000365123,-0.198609329
wheel,1780713859.539110661,2.097738743,0.002070307,0.000372750,-0.580599593,-33.265906,0.002070307,0.000372750,-33.265906,-0.000888019,-0.200059126
wheel,1780713859.559219599,2.117847681,0.002070307,0.000372750,-0.580599593,-33.265906,0.002070307,0.000372750,-33.265906,-0.000843618,-0.198058535
wheel,1780713859.578888893,2.137516975,0.001888287,0.000493793,-0.593090580,-33.981587,0.001888287,0.000493793,-33.981587,-0.001357066,-0.202427988
wheel,1780713859.598921537,2.157549620,0.001828008,0.000534728,-0.600030018,-34.379188,0.001828008,0.000534728,-34.379188,-0.001471106,-0.203868350
wheel,1780713859.618983030,2.177611113,0.001828008,0.000534728,-0.607432084,-34.803295,0.001828008,0.000534728,-34.803295,-0.001397551,-0.205520672
wheel,1780713859.639650822,2.198278904,0.001828008,0.000534728,-0.614834151,-35.227402,0.001828008,0.000534728,-35.227402,-0.001327673,-0.207046626
wheel,1780713859.658883572,2.217511654,0.001828008,0.000534728,-0.614834151,-35.227402,0.001828008,0.000534728,-35.227402,-0.001261290,-0.204976160
wheel,1780713859.679023027,2.237651110,0.001709672,0.000619776,-0.631488800,-36.181643,0.001709672,0.000619776,-36.181643,-0.001560117,-0.211198215
rtabmap,1780713859.697698116,2.867270947,0.024665024,0.028098077,-0.677701328,-38.829426,-0.022296553,0.030228251,37.803777,0.001251978,0.342869401
wheel,1780713859.698884010,2.257512093,0.001651029,0.000663022,-0.639353496,-36.632257,0.001651029,0.000663022,-36.632257,-0.001665474,-0.213044537
wheel,1780713859.718921185,2.277549267,0.001709330,0.000619316,-0.647218192,-37.082871,0.001709330,0.000619316,-37.082871,-0.001400326,-0.214840265
wheel,1780713859.738905907,2.297533989,0.001709330,0.000619316,-0.655545516,-37.559991,0.001709330,0.000619316,-37.559991,-0.001330310,-0.216858012
wheel,1780713859.758925676,2.317553759,0.001709330,0.000619316,-0.655545516,-37.559991,0.001709330,0.000619316,-37.559991,-0.001263794,-0.214689432
wheel,1780713859.778925896,2.337553978,0.001709330,0.000619316,-0.672200166,-38.514233,0.001709330,0.000619316,-38.514233,-0.001200605,-0.220869473
wheel,1780713859.799003363,2.357631445,0.001652496,0.000664913,-0.680064862,-38.964846,0.001652496,0.000664913,-38.964846,-0.001322118,-0.222579815
wheel,1780713859.818901062,2.377529144,0.001652496,0.000664913,-0.688392187,-39.441967,0.001652496,0.000664913,-39.441967,-0.001256012,-0.224537332
wheel,1780713859.839000940,2.397629023,0.001708563,0.000618376,-0.697182141,-39.945594,0.001708563,0.000618376,-39.945594,-0.001011980,-0.226664526
wheel,1780713859.858889103,2.417517185,0.001708563,0.000618376,-0.697182141,-39.945594,0.001708563,0.000618376,-39.945594,-0.000961381,-0.224397881
wheel,1780713859.880506754,2.439134836,0.001708563,0.000618376,-0.713836790,-40.899835,0.001708563,0.000618376,-40.899835,-0.000913312,-0.229858942
wheel,1780713859.898913860,2.457541943,0.001049258,0.001192691,-0.719388340,-41.217916,0.001049258,0.001192691,-41.217916,-0.003242394,-0.230575905
wheel,1780713859.918875694,2.477503777,0.001649338,0.000661360,-0.730028811,-41.827570,0.001649338,0.000661360,-41.827570,-0.001072752,-0.233600362
rtabmap,1780713859.930641174,3.100214005,0.026152488,0.033416912,-0.577323475,-33.078199,-0.027127424,0.032905050,43.555004,-0.009342065,0.430911392
wheel,1780713859.938890457,2.497518539,0.001757523,0.000563724,-0.738356136,-42.304690,0.001757523,0.000563724,-42.304690,-0.000655015,-0.235425495
wheel,1780713859.958876848,2.517504930,0.001757523,0.000563724,-0.738356136,-42.304690,0.001757523,0.000563724,-42.304690,-0.000622265,-0.233071240
wheel,1780713859.978897333,2.537525415,0.001864525,0.000464793,-0.754085527,-43.205918,0.001864525,0.000464793,-43.205918,-0.000227139,-0.238598580
wheel,1780713859.998963594,2.557591677,0.001811611,0.000514886,-0.761950223,-43.656532,0.001811611,0.000514886,-43.656532,-0.000397371,-0.240132609
wheel,1780713860.018920422,2.577548504,0.001759070,0.000565369,-0.768889660,-44.054132,0.001759070,0.000565369,-44.054132,-0.000560019,-0.241207801
wheel,1780713860.038939953,2.597568035,0.001863473,0.000463700,-0.775366468,-44.425226,0.001863473,0.000463700,-44.425226,-0.000168032,-0.242031161
wheel,1780713860.058881760,2.617509842,0.001863473,0.000463700,-0.775366468,-44.425226,0.001863473,0.000463700,-44.425226,-0.000159630,-0.239610849
wheel,1780713860.078891277,2.637519360,0.002018626,0.000309719,-0.787857456,-45.140907,0.002018626,0.000309719,-45.140907,0.000394670,-0.243458379
wheel,1780713860.098949671,2.657577753,0.001967385,0.000361522,-0.793871635,-45.485494,0.001967385,0.000361522,-45.485494,0.000193103,-0.244025485
wheel,1780713860.118942976,2.677571058,0.001916458,0.000413633,-0.799885814,-45.830081,0.001916458,0.000413633,-45.830081,0.000001437,-0.244589851
wheel,1780713860.138922691,2.697550774,0.001916458,0.000413633,-0.805437364,-46.148162,0.001916458,0.000413633,-46.148162,0.000001366,-0.244922545
wheel,1780713860.158919334,2.717547417,0.001916458,0.000413633,-0.805437364,-46.148162,0.001916458,0.000413633,-46.148162,0.000001297,-0.242473320
wheel,1780713860.178904057,2.737532139,0.002016784,0.000307938,-0.817465722,-46.837336,0.002016784,0.000307938,-46.837336,0.000365866,-0.246067938
rtabmap,1780713860.197152615,3.366725445,0.030125488,0.039368842,-0.487077696,-27.907496,-0.031999621,0.038146413,48.725707,0.000302498,0.338619292
wheel,1780713860.198907375,2.757535458,0.002066468,0.000254640,-0.823479901,-47.181923,0.002066468,0.000254640,-47.181923,0.000529688,-0.246613598
wheel,1780713860.218911886,2.777539968,0.002066468,0.000254640,-0.829956709,-47.553017,0.002066468,0.000254640,-47.553017,0.000503203,-0.247384943
wheel,1780713860.238890409,2.797518492,0.002017478,0.000308577,-0.836896146,-47.950617,0.002017478,0.000308577,-47.950617,0.000295681,-0.248384667
wheel,1780713860.258970737,2.817598820,0.002017478,0.000308577,-0.836896146,-47.950617,0.002017478,0.000308577,-47.950617,0.000280897,-0.245900820
wheel,1780713860.278899670,2.837527752,0.001920627,0.000417465,-0.850775021,-48.745818,0.001920627,0.000417465,-48.745818,-0.000098694,-0.250404580
wheel,1780713860.298917055,2.857545137,0.001968458,0.000362498,-0.858639717,-49.196432,0.001968458,0.000362498,-49.196432,0.000088278,-0.251830215
wheel,1780713860.318917990,2.877546072,0.002015855,0.000307156,-0.866504412,-49.647046,0.002015855,0.000307156,-49.647046,0.000265977,-0.253243234
wheel,1780713860.339512348,2.898140430,0.002015855,0.000307156,-0.874831737,-50.124166,0.002015855,0.000307156,-50.124166,0.000252678,-0.254754346
wheel,1780713860.358912230,2.917540312,0.002015855,0.000307156,-0.874831737,-50.124166,0.002015855,0.000307156,-50.124166,0.000240044,-0.252206803
wheel,1780713860.378898382,2.937526464,0.001877072,0.000476041,-0.891023758,-51.051901,0.001877072,0.000476041,-51.051901,-0.000318798,-0.257786065
wheel,1780713860.399000406,2.957628489,0.001922626,0.000419173,-0.899813712,-51.555528,0.001922626,0.000419173,-51.555528,-0.000121532,-0.259583054
wheel,1780713860.418926954,2.977555037,0.001967705,0.000361927,-0.907678407,-52.006142,0.001967705,0.000361927,-52.006142,0.000067311,-0.260932651
rtabmap,1780713860.430456161,3.600028992,0.030159669,0.043780468,-0.393206959,-22.529099,-0.036283835,0.039199566,54.104104,-0.008720974,0.402354032
wheel,1780713860.438878059,2.997506142,0.001967705,0.000361927,-0.916005732,-52.483262,0.001967705,0.000361927,-52.483262,0.000063945,-0.262496243
wheel,1780713860.458886385,3.017514467,0.001967705,0.000361927,-0.916005732,-52.483262,0.001967705,0.000361927,-52.483262,0.000060748,-0.259871281
wheel,1780713860.478906155,3.037534237,0.001879924,0.000478250,-0.932660382,-53.437504,0.001879924,0.000478250,-53.437504,-0.000306276,-0.265592264
wheel,1780713860.498967886,3.057595968,0.001879924,0.000478250,-0.940987707,-53.914624,0.001879924,0.000478250,-53.914624,-0.000290963,-0.267088820
wheel,1780713860.520224810,3.078852892,0.001922608,0.000419197,-0.948852402,-54.365238,0.001922608,0.000419197,-54.365238,-0.000105073,-0.268116723
wheel,1780713860.539366007,3.097994089,0.001964826,0.000359811,-0.956717098,-54.815852,0.001964826,0.000359811,-54.815852,0.000090490,-0.269543823
wheel,1780713860.559500217,3.118128300,0.001964826,0.000359811,-0.956717098,-54.815852,0.001964826,0.000359811,-54.815852,0.000085965,-0.266848385
wheel,1780713860.579180717,3.137808800,0.001881852,0.000479610,-0.973371748,-55.770093,0.001881852,0.000479610,-55.770093,-0.000288640,-0.272644055
wheel,1780713860.598915339,3.157543421,0.001841074,0.000539995,-0.980311185,-56.167694,0.001841074,0.000539995,-56.167694,-0.000458766,-0.273433015
wheel,1780713860.618918180,3.177546263,0.001841074,0.000539995,-0.989563768,-56.697827,0.001841074,0.000539995,-56.697827,-0.000435828,-0.275325146
wheel,1780713860.638880968,3.197509050,0.001960458,0.000356883,-0.996503206,-57.095428,0.001960458,0.000356883,-57.095428,0.000133345,-0.276047334
wheel,1780713860.658891678,3.217519760,0.001960458,0.000356883,-0.996503206,-57.095428,0.001960458,0.000356883,-57.095428,0.000126678,-0.273286861
wheel,1780713860.678907394,3.237535477,0.001960458,0.000356883,-1.011307339,-57.943642,0.001960458,0.000356883,-57.943642,0.000120344,-0.277950687
wheel,1780713860.698901892,3.257529974,0.001922000,0.000418771,-1.018246776,-58.341243,0.001922000,0.000418771,-58.341243,-0.000067864,-0.278641482
wheel,1780713860.718871355,3.277499437,0.001960057,0.000356635,-1.024260955,-58.685830,0.001960057,0.000356635,-58.685830,0.000117964,-0.278866683
rtabmap,1780713860.730593920,3.900166750,0.029742016,0.052617677,-0.273698983,-15.681797,-0.044978198,0.040836249,60.951406,-0.012566850,0.398177832
wheel,1780713860.738936186,3.297564268,0.002035392,0.000231891,-1.030737763,-59.056924,0.002035392,0.000231891,-59.056924,0.000475701,-0.279310335
wheel,1780713860.758901358,3.317529440,0.002035392,0.000231891,-1.030737763,-59.056924,0.002035392,0.000231891,-59.056924,0.000451916,-0.276517232
wheel,1780713860.778951883,3.337579966,0.002072496,0.000169181,-1.042303492,-59.719591,0.002072496,0.000169181,-59.719591,0.000611201,-0.279526050
wheel,1780713860.801248074,3.359876156,0.002035916,0.000232198,-1.047392413,-60.011165,0.002035916,0.000232198,-60.011165,0.000417373,-0.279011353
wheel,1780713860.818937778,3.377565861,0.001999686,0.000295416,-1.053406592,-60.355752,0.001999686,0.000295416,-60.355752,0.000190365,-0.279624177
wheel,1780713860.838881969,3.397510052,0.001999686,0.000295416,-1.058958142,-60.673832,0.001999686,0.000295416,-60.673832,0.000180847,-0.279608586
wheel,1780713860.861271143,3.419899225,0.001999686,0.000295416,-1.058958142,-60.673832,0.001999686,0.000295416,-60.673832,0.000171805,-0.276812500
wheel,1780713860.878920794,3.437548876,0.002035006,0.000231684,-1.070523871,-61.336500,0.002035006,0.000231684,-61.336500,0.000369638,-0.280597503
wheel,1780713860.898949385,3.457577467,0.002000248,0.000295724,-1.076538050,-61.681087,0.002000248,0.000295724,-61.681087,0.000169243,-0.280794539
wheel,1780713860.918960094,3.477588177,0.001965875,0.000359971,-1.082552229,-62.025674,0.001965875,0.000359971,-62.025674,-0.000021328,-0.280992826
wheel,1780713860.938901186,3.497529268,0.001931920,0.000424440,-1.089491666,-62.423274,0.001931920,0.000424440,-62.423274,-0.000202927,-0.281662242
wheel,1780713860.958971262,3.517599344,0.001931920,0.000424440,-1.089491666,-62.423274,0.001931920,0.000424440,-62.423274,-0.000192780,-0.278845620
rtabmap,1780713860.963870525,4.133443356,0.029852277,0.055527806,-0.201394483,-11.539054,-0.047784002,0.041616299,65.094149,-0.002916859,0.309951127
wheel,1780713860.979054689,3.537682772,0.001865355,0.000554077,-1.103370541,-63.218475,0.001865355,0.000554077,-63.218475,-0.000546164,-0.282971879
wheel,1780713860.998943090,3.557571173,0.001897931,0.000488901,-1.111235237,-63.669089,0.001897931,0.000488901,-63.669089,-0.000335770,-0.284094488
wheel,1780713861.018937111,3.577565193,0.001897931,0.000488901,-1.119562562,-64.146210,0.001897931,0.000488901,-64.146210,-0.000318981,-0.285418302
wheel,1780713861.038969994,3.597598076,0.001897931,0.000488901,-1.127889886,-64.623330,0.001897931,0.000488901,-64.623330,-0.000303032,-0.286720552
wheel,1780713861.059242725,3.617870808,0.001897931,0.000488901,-1.127889886,-64.623330,0.001897931,0.000488901,-64.623330,-0.000287881,-0.283853346
wheel,1780713861.078939915,3.637567997,0.001867269,0.000554999,-1.145007165,-65.604078,0.001867269,0.000554999,-65.604078,-0.000458503,-0.289707657
rtabmap,1780713861.097189426,4.266762257,0.028141437,0.059685905,-0.144613639,-8.285751,-0.052224976,0.040913093,68.347452,-0.018812289,0.425903320
wheel,1780713861.098920584,3.657548666,0.001867269,0.000554999,-1.153334490,-66.081199,0.001867269,0.000554999,-66.081199,-0.000435578,-0.290977078
wheel,1780713861.118897915,3.677525997,0.001925736,0.000421514,-1.162587073,-66.611333,0.001925736,0.000421514,-66.611333,-0.000049139,-0.292697909
wheel,1780713861.139682055,3.698310137,0.001897075,0.000488504,-1.170451769,-67.061946,0.001897075,0.000488504,-67.061946,-0.000222095,-0.293557612
wheel,1780713861.159202814,3.717830896,0.001897075,0.000488504,-1.170451769,-67.061946,0.001897075,0.000488504,-67.061946,-0.000210990,-0.290622036
wheel,1780713861.178915024,3.737543106,0.001813794,0.000690611,-1.189419564,-68.148721,0.001813794,0.000690611,-68.148721,-0.000754913,-0.297338407
wheel,1780713861.198971033,3.757599115,0.001813794,0.000690611,-1.195896373,-68.519815,0.001813794,0.000690611,-68.519815,-0.000717167,-0.297595382
wheel,1780713861.218905687,3.777533770,0.001840209,0.000622703,-1.203761068,-68.970429,0.001840209,0.000622703,-68.970429,-0.000498613,-0.298563345
wheel,1780713861.238962650,3.797590733,0.001840209,0.000622703,-1.212088393,-69.447549,0.001840209,0.000622703,-69.447549,-0.000473682,-0.299731524
wheel,1780713861.258917809,3.817545891,0.001840209,0.000622703,-1.212088393,-69.447549,0.001840209,0.000622703,-69.447549,-0.000449998,-0.296734209
wheel,1780713861.278918266,3.837546349,0.001765128,0.000827997,-1.228280414,-70.375284,0.001765128,0.000827997,-70.375284,-0.000973927,-0.301862113
wheel,1780713861.298900843,3.857528925,0.001765128,0.000827997,-1.228280414,-70.375284,0.001765128,0.000827997,-70.375284,-0.000925231,-0.298843492
wheel,1780713861.318887949,3.877516031,0.001836875,0.000621514,-1.244472434,-71.303018,0.001836875,0.000621514,-71.303018,-0.000332208,-0.303955227
wheel,1780713861.338910818,3.897538900,0.001883079,0.000483305,-1.251874501,-71.727125,0.001883079,0.000483305,-71.727125,0.000048302,-0.304612437
wheel,1780713861.358916759,3.917544842,0.001883079,0.000483305,-1.251874501,-71.727125,0.001883079,0.000483305,-71.727125,0.000045887,-0.301566312
rtabmap,1780713861.364020348,4.533593178,0.025484566,0.059664223,-0.030731179,-1.760767,-0.052818109,0.038323184,74.872436,-0.009841478,0.426795989
wheel,1780713861.379228592,3.937856674,0.001883079,0.000483305,-1.266678634,-72.575340,0.001883079,0.000483305,-72.575340,0.000043593,-0.305837367
wheel,1780713861.398939848,3.957567930,0.001861501,0.000552900,-1.273618071,-72.972940,0.001861501,0.000552900,-72.972940,-0.000143415,-0.306299539
wheel,1780713861.418914795,3.977542877,0.001882628,0.000483166,-1.279632250,-73.317527,0.001882628,0.000483166,-73.317527,0.000046146,-0.306247440
wheel,1780713861.438915491,3.997543573,0.001944748,0.000273587,-1.285646429,-73.662114,0.001944748,0.000273587,-73.662114,0.000590327,-0.306192094
wheel,1780713861.458922863,4.017550945,0.001944748,0.000273587,-1.285646429,-73.662114,0.001944748,0.000273587,-73.662114,0.000560810,-0.303130173
wheel,1780713861.478929281,4.037557364,0.001904532,0.000413656,-1.296749529,-74.298275,0.001904532,0.000413656,-74.298275,0.000168649,-0.305647384
wheel,1780713861.498908043,4.057536125,0.001904532,0.000413656,-1.301375821,-74.563342,0.001904532,0.000413656,-74.563342,0.000160216,-0.304906653
wheel,1780713861.518882990,4.077511072,0.001904532,0.000413656,-1.304151596,-74.722382,0.001904532,0.000413656,-74.722382,0.000152205,-0.303247049
wheel,1780713861.539437771,4.098065853,0.001885381,0.000483958,-1.305539483,-74.801902,0.001885381,0.000483958,-74.801902,-0.000032659,-0.300889832
wheel,1780713861.558918238,4.117546320,0.001885381,0.000483958,-1.305539483,-74.801902,0.001885381,0.000483958,-74.801902,-0.000031026,-0.297880933
rtabmap,1780713861.564214945,4.733787775,0.025112228,0.060856123,0.016008392,0.917213,-0.054063798,0.038236481,77.550416,-0.002041933,0.233470961
wheel,1780713861.578873873,4.137501955,0.001866296,0.000554278,-1.306002112,-74.828409,0.001866296,0.000554278,-74.828409,-0.000212024,-0.295133933
wheel,1780713861.599009275,4.157637358,0.001847178,0.000624590,-1.304614225,-74.748889,0.001847178,0.000624590,-74.748889,-0.000382399,-0.291493162
wheel,1780713861.619006395,4.177634478,0.001827962,0.000694874,-1.303226337,-74.669369,0.001827962,0.000694874,-74.669369,-0.000545553,-0.287883855
wheel,1780713861.638931990,4.197560072,0.001847275,0.000624616,-1.301838450,-74.589849,0.001847275,0.000624616,-74.589849,-0.000335524,-0.284308823
wheel,1780713861.658910751,4.217538834,0.001847275,0.000624616,-1.301838450,-74.589849,0.001847275,0.000624616,-74.589849,-0.000318748,-0.281465735
wheel,1780713861.678941488,4.237569571,0.001827832,0.000694838,-1.299525304,-74.457315,0.001827832,0.000694838,-74.457315,-0.000484893,-0.277495000
wheel,1780713861.698895931,4.257524014,0.001827832,0.000694838,-1.299525304,-74.457315,0.001827832,0.000694838,-74.457315,-0.000460648,-0.274720050
wheel,1780713861.718888760,4.277516842,0.001847373,0.000624643,-1.299062675,-74.430809,0.001847373,0.000624643,-74.430809,-0.000255399,-0.271741463
wheel,1780713861.738892078,4.297520161,0.001847373,0.000624643,-1.299062675,-74.430809,0.001847373,0.000624643,-74.430809,-0.000242629,-0.269024048
wheel,1780713861.758888960,4.317517042,0.001847373,0.000624643,-1.299062675,-74.430809,0.001847373,0.000624643,-74.430809,-0.000230498,-0.266333808
rtabmap,1780713861.764176607,4.933749437,0.024037724,0.061124045,0.007697071,0.441010,-0.054572871,0.037253025,77.074213,-0.005351418,-0.041564576
wheel,1780713861.778926373,4.337554455,0.001847373,0.000624643,-1.299062675,-74.430809,0.001847373,0.000624643,-74.430809,-0.000218973,-0.263670469
wheel,1780713861.798951149,4.357579231,0.001847373,0.000624643,-1.299062675,-74.430809,0.001847373,0.000624643,-74.430809,-0.000208024,-0.261033765
wheel,1780713861.819205523,4.377833605,0.001847373,0.000624643,-1.299062675,-74.430809,0.001847373,0.000624643,-74.430809,-0.000197623,-0.258423427
wheel,1780713861.838902712,4.397530794,0.001827799,0.000694829,-1.298600046,-74.404302,0.001827799,0.000694829,-74.404302,-0.000372725,-0.255604294
wheel,1780713861.858891964,4.417520046,0.001827799,0.000694829,-1.298600046,-74.404302,0.001827799,0.000694829,-74.404302,-0.000354088,-0.253048251
wheel,1780713861.883034706,4.441662788,0.001847405,0.000624652,-1.298137416,-74.377795,0.001847405,0.000624652,-74.377795,-0.000185489,-0.250326155
wheel,1780713861.898922205,4.457550287,0.001847405,0.000624652,-1.298137416,-74.377795,0.001847405,0.000624652,-74.377795,-0.000176214,-0.247822894
wheel,1780713861.919675589,4.478303671,0.001847405,0.000624652,-1.298137416,-74.377795,0.001847405,0.000624652,-74.377795,-0.000167404,-0.245344665
wheel,1780713861.938908100,4.497536182,0.001847405,0.000624652,-1.297212158,-74.324782,0.001847405,0.000624652,-74.324782,-0.000159033,-0.242410145
wheel,1780713861.958918095,4.517546177,0.001847405,0.000624652,-1.297212158,-74.324782,0.001847405,0.000624652,-74.324782,-0.000151082,-0.239986044
wheel,1780713861.980722427,4.539350510,0.001867108,0.000554503,-1.296749529,-74.298275,0.001867108,0.000554503,-74.298275,0.000023559,-0.237374010
rtabmap,1780713861.997222662,5.166795492,0.024870720,0.061700571,0.004845523,0.277628,-0.054941203,0.038196738,76.910831,0.003593316,-0.012235987
wheel,1780713861.998946667,4.557574749,0.001867108,0.000554503,-1.295824271,-74.245262,0.001867108,0.000554503,-74.245262,0.000022381,-0.234492516
wheel,1780713862.018869877,4.577497959,0.001867108,0.000554503,-1.294899012,-74.192248,0.001867108,0.000554503,-74.192248,0.000021262,-0.231683268
wheel,1780713862.038915634,4.597543716,0.001926801,0.000344219,-1.293511125,-74.112728,0.001926801,0.000344219,-74.112728,0.000565568,-0.228673902
wheel,1780713862.058914661,4.617542744,0.001926801,0.000344219,-1.293511125,-74.112728,0.001926801,0.000344219,-74.112728,0.000537290,-0.226387163
wheel,1780713862.078931332,4.637559414,0.001966952,0.000204131,-1.289810092,-73.900675,0.001966952,0.000204131,-73.900675,0.000874468,-0.222274184
wheel,1780713862.098945856,4.657573938,0.001987239,0.000134148,-1.287496946,-73.768141,0.001987239,0.000134148,-73.768141,0.001012786,-0.218895626
wheel,1780713862.118933916,4.677561998,0.001987239,0.000134148,-1.283795913,-73.556088,0.001987239,0.000134148,-73.556088,0.000962147,-0.214855247
wheel,1780713862.138914347,4.697542429,0.001987239,0.000134148,-1.281020138,-73.397047,0.001987239,0.000134148,-73.397047,0.000914039,-0.211317447
wheel,1780713862.159342527,4.717970610,0.001987239,0.000134148,-1.281020138,-73.397047,0.001987239,0.000134148,-73.397047,0.000868337,-0.209204273
wheel,1780713862.179107904,4.737735987,0.001966144,0.000203892,-1.273155442,-72.946433,0.001966144,0.000203892,-72.946433,0.000640582,-0.203132868
wheel,1780713862.199532747,4.758160830,0.001944631,0.000273508,-1.268991780,-72.707873,0.001944631,0.000273508,-72.707873,0.000430207,-0.199063296
wheel,1780713862.218875885,4.777503967,0.001944631,0.000273508,-1.265290746,-72.495820,0.001944631,0.000273508,-72.495820,0.000408697,-0.195159353
rtabmap,1780713862.230844021,5.400416851,0.025602229,0.061498456,-0.030304365,-1.736312,-0.054575450,0.038861705,74.896891,0.003126949,-0.150456682
wheel,1780713862.238941908,4.797569990,0.001944631,0.000273508,-1.260664455,-72.230753,0.001944631,0.000273508,-72.230753,0.000388262,-0.190901786
wheel,1780713862.258941174,4.817569256,0.001944631,0.000273508,-1.260664455,-72.230753,0.001944631,0.000273508,-72.230753,0.000368849,-0.188992768
wheel,1780713862.278908730,4.837536812,0.001944631,0.000273508,-1.253262388,-71.806645,0.001944631,0.000273508,-71.806645,0.000350406,-0.183396015
wheel,1780713862.299392223,4.858020306,0.001944631,0.000273508,-1.248636097,-71.541578,0.001944631,0.000273508,-71.541578,0.000332886,-0.179303667
wheel,1780713862.318973303,4.877601385,0.001967813,0.000204430,-1.245397693,-71.356032,0.001967813,0.000204430,-71.356032,0.000502390,-0.175855981
wheel,1780713862.338963032,4.897591114,0.001967813,0.000204430,-1.241696659,-71.143978,0.001967813,0.000204430,-71.143978,0.000477270,-0.172246660
wheel,1780713862.358929634,4.917557716,0.001967813,0.000204430,-1.241696659,-71.143978,0.001967813,0.000204430,-71.143978,0.000453407,-0.170524193
wheel,1780713862.378898621,4.937526703,0.001967813,0.000204430,-1.234294593,-70.719871,0.001967813,0.000204430,-70.719871,0.000430736,-0.165116414
wheel,1780713862.399698019,4.958326101,0.001967813,0.000204430,-1.230593559,-70.507817,0.001967813,0.000204430,-70.507817,0.000409200,-0.161686120
wheel,1780713862.418867350,4.977495432,0.001967813,0.000204430,-1.226892526,-70.295764,0.001967813,0.000204430,-70.295764,0.000388740,-0.158138578
rtabmap,1780713862.430864096,5.600436926,0.026931632,0.059692517,-0.070142700,-4.018881,-0.052511097,0.039737590,72.614322,0.006916872,-0.199171692
wheel,1780713862.439038038,4.997666121,0.001967813,0.000204430,-1.223191493,-70.083710,0.001967813,0.000204430,-70.083710,0.000369303,-0.154720793
wheel,1780713862.458898306,5.017526388,0.001967813,0.000204430,-1.223191493,-70.083710,0.001967813,0.000204430,-70.083710,0.000350837,-0.153173585
wheel,1780713862.478885412,5.037513494,0.001942723,0.000272838,-1.215326797,-69.633096,0.001942723,0.000272838,-69.633096,0.000151035,-0.147707340
wheel,1780713862.499007225,5.057635307,0.001968224,0.000204582,-1.211163135,-69.394536,0.001968224,0.000204582,-69.394536,0.000324741,-0.144158756
wheel,1780713862.518939495,5.077567577,0.001942439,0.000272731,-1.206999472,-69.155976,0.001942439,0.000272731,-69.155976,0.000125928,-0.140630584
wheel,1780713862.539308786,5.097936869,0.001916339,0.000340760,-1.201910552,-68.864402,0.001916339,0.000340760,-68.864402,-0.000059291,-0.136725042
wheel,1780713862.558915615,5.117543697,0.001916339,0.000340760,-1.201910552,-68.864402,0.001916339,0.000340760,-68.864402,-0.000056327,-0.135357792
wheel,1780713862.578955889,5.137583971,0.001836436,0.000544225,-1.191270081,-68.254748,0.001836436,0.000544225,-68.254748,-0.000598906,-0.128694544
wheel,1780713862.598909855,5.157537937,0.001836436,0.000544225,-1.185718531,-67.936668,0.001836436,0.000544225,-67.936668,-0.000568961,-0.124625353
wheel,1780713862.618886948,5.177515030,0.001836436,0.000544225,-1.180166981,-67.618587,0.001836436,0.000544225,-67.618587,-0.000540513,-0.120600639
rtabmap,1780713862.630622387,5.800195217,0.027901828,0.059024017,-0.121188134,-6.943569,-0.051636413,0.040526957,69.689634,0.005079453,-0.255536020
wheel,1780713862.638879061,5.197507143,0.001864383,0.000476934,-1.174152802,-67.274000,0.001864383,0.000476934,-67.274000,-0.000331244,-0.116386178
wheel,1780713862.659368992,5.217997074,0.001864383,0.000476934,-1.174152802,-67.274000,0.001864383,0.000476934,-67.274000,-0.000314682,-0.115222316
wheel,1780713862.678925037,5.237553120,0.001892951,0.000409904,-1.161661815,-66.558319,0.001892951,0.000409904,-66.558319,-0.000112800,-0.107687874
wheel,1780713862.698932409,5.257560492,0.001863764,0.000476667,-1.155647636,-66.213732,0.001863764,0.000476667,-66.213732,-0.000289281,-0.103604548
wheel,1780713862.719033241,5.277661324,0.001893352,0.000410080,-1.149633457,-65.869145,0.001893352,0.000410080,-65.869145,-0.000093517,-0.099575610
wheel,1780713862.738884687,5.297512770,0.001893352,0.000410080,-1.142231390,-65.445038,0.001893352,0.000410080,-65.445038,-0.000088841,-0.094853362
wheel,1780713862.758893967,5.317522049,0.001893352,0.000410080,-1.142231390,-65.445038,0.001893352,0.000410080,-65.445038,-0.000084399,-0.093904829
wheel,1780713862.778885126,5.337513208,0.001924045,0.000343996,-1.129740403,-64.729357,0.001924045,0.000343996,-64.729357,0.000102060,-0.086717599
wheel,1780713862.799067020,5.357695103,0.001861347,0.000475547,-1.122338337,-64.305250,0.001861347,0.000475547,-64.305250,-0.000264072,-0.082182833
wheel,1780713862.818957806,5.377585888,0.001861347,0.000475547,-1.115861528,-63.934156,0.001861347,0.000475547,-63.934156,-0.000250868,-0.078104234
wheel,1780713862.838903189,5.397531271,0.001829104,0.000540889,-1.108922091,-63.536556,0.001829104,0.000540889,-63.536556,-0.000420975,-0.073844138
wheel,1780713862.859063387,5.417691469,0.001829104,0.000540889,-1.108922091,-63.536556,0.001829104,0.000540889,-63.536556,-0.000399926,-0.073105697
rtabmap,1780713862.863878727,6.033451557,0.030704509,0.056368571,-0.202409352,-11.597202,-0.048404967,0.042639817,65.036001,0.013303588,-0.348205835
wheel,1780713862.878998280,5.437626362,0.001862071,0.000475909,-1.093655329,-62.661835,0.001862071,0.000475909,-62.661835,-0.000197096,-0.064713029
wheel,1780713862.898920536,5.457548618,0.001862071,0.000475909,-1.086253262,-62.237727,0.001862071,0.000475909,-62.237727,-0.000187241,-0.060352201
wheel,1780713862.918905258,5.477533340,0.001827847,0.000540236,-1.077463308,-61.734100,0.001827847,0.000540236,-61.734100,-0.000360185,-0.055350184
wheel,1780713862.938910484,5.497538567,0.001827847,0.000540236,-1.069135983,-61.256980,0.001827847,0.000540236,-61.256980,-0.000342176,-0.050634108
wheel,1780713862.958918095,5.517546177,0.001827847,0.000540236,-1.069135983,-61.256980,0.001827847,0.000540236,-61.256980,-0.000325067,-0.050127767
wheel,1780713862.979468584,5.538096666,0.002498917,-0.000670663,-1.060346029,-60.753352,0.002498917,-0.000670663,-60.753352,0.003059167,-0.045349688
wheel,1780713862.998876810,5.557504892,0.001920411,0.000341502,-1.042766121,-59.746098,0.001920411,0.000341502,-59.746098,-0.000097222,-0.035838223
wheel,1780713863.018908739,5.577536821,0.001883423,0.000404280,-1.033976167,-59.242471,0.001883423,0.000404280,-59.242471,-0.000274259,-0.031091190
wheel,1780713863.039237261,5.597865343,0.001845885,0.000466731,-1.025186213,-58.738843,0.001845885,0.000466731,-58.738843,-0.000439763,-0.026456327
wheel,1780713863.059730291,5.618358374,0.001845885,0.000466731,-1.025186213,-58.738843,0.001845885,0.000466731,-58.738843,-0.000417775,-0.026191764
wheel,1780713863.079387188,5.638015270,0.001960916,0.000280854,-1.008068935,-57.758095,0.001960916,0.000280854,-57.758095,0.000158965,-0.017224459
wheel,1780713863.099215746,5.657843828,0.002039174,0.000157921,-0.999741610,-57.280975,0.002039174,0.000157921,-57.280975,0.000518509,-0.012852299
wheel,1780713863.121212959,5.679841042,0.002039174,0.000157921,-0.992339543,-56.856868,0.002039174,0.000157921,-56.856868,0.000492584,-0.009358482
rtabmap,1780713863.130562305,6.300135136,0.027912708,0.047786620,-0.318300681,-18.237286,-0.040700921,0.037939634,58.395917,-0.003785670,-0.434565008
wheel,1780713863.138991356,5.697619438,0.002039174,0.000157921,-0.984937477,-56.432761,0.002039174,0.000157921,-56.432761,0.000467955,-0.005102106
wheel,1780713863.158918381,5.717546463,0.002039174,0.000157921,-0.984937477,-56.432761,0.002039174,0.000157921,-56.432761,0.000444557,-0.005051085
wheel,1780713863.179242373,5.737870455,0.002120590,0.000037057,-0.971058602,-55.637560,0.002120590,0.000037057,-55.637560,0.000780892,0.001829201
wheel,1780713863.200231552,5.758859634,0.002161925,-0.000022948,-0.964119165,-55.239959,0.002161925,-0.000022948,-55.239959,0.000915387,0.005116431
wheel,1780713863.218934059,5.777562141,0.002203648,-0.000082684,-0.958104986,-54.895372,0.002203648,-0.000082684,-54.895372,0.001064455,0.008281630
wheel,1780713863.238917112,5.797545195,0.002161566,-0.000023200,-0.952090807,-54.550785,0.002161566,-0.000023200,-54.550785,0.000828929,0.011208274
wheel,1780713863.258882999,5.817511082,0.002161566,-0.000023200,-0.952090807,-54.550785,0.002161566,-0.000023200,-54.550785,0.000787482,0.011096191
wheel,1780713863.278905153,5.837533236,0.002204196,-0.000082292,-0.939599819,-53.835104,0.002204196,-0.000082292,-53.835104,0.000930097,0.017224852
wheel,1780713863.299037695,5.857665777,0.002204196,-0.000082292,-0.934048269,-53.517024,0.002204196,-0.000082292,-53.517024,0.000883592,0.019810692
wheel,1780713863.318888664,5.877516747,0.002291169,-0.000199222,-0.928496719,-53.198943,0.002291169,-0.000199222,-53.198943,0.001206367,0.022408427
rtabmap,1780713863.330367804,6.499940634,0.028955556,0.046081435,-0.384291488,-22.018280,-0.038800840,0.038560020,54.614922,0.007627951,-0.330274880
wheel,1780713863.338897228,5.897525311,0.002334992,-0.000257434,-0.922482540,-52.854356,0.002334992,-0.000257434,-52.854356,0.001328122,0.025190002
wheel,1780713863.359517097,5.918145180,0.002334992,-0.000257434,-0.922482540,-52.854356,0.002334992,-0.000257434,-52.854356,0.001261716,0.024938102
wheel,1780713863.379066944,5.937695026,0.002423633,-0.000373104,-0.911379441,-52.218195,0.002423633,-0.000373104,-52.218195,0.001571331,0.030367962
wheel,1780713863.398940325,5.957568407,0.002468420,-0.000430578,-0.906290520,-51.926622,0.002468420,-0.000430578,-51.926622,0.001676107,0.032625262
wheel,1780713863.418899775,5.977527857,0.002513499,-0.000487824,-0.901201599,-51.635048,0.002513499,-0.000487824,-51.635048,0.001774814,0.034848395
wheel,1780713863.440761566,5.999389648,0.002468129,-0.000430809,-0.896112678,-51.343474,0.002468129,-0.000430809,-51.343474,0.001519425,0.036827706
wheel,1780713863.458912373,6.017540455,0.002468129,-0.000430809,-0.896112678,-51.343474,0.002468129,-0.000430809,-51.343474,0.001443453,0.036459429
wheel,1780713863.478874207,6.037502289,0.002559789,-0.000544101,-0.885009579,-50.707314,0.002559789,-0.000544101,-50.707314,0.001736198,0.041655471
wheel,1780713863.498934269,6.057562351,0.002513528,-0.000487806,-0.880845916,-50.468753,0.002513528,-0.000487806,-50.468753,0.001467719,0.043315131
wheel,1780713863.519067049,6.077695131,0.002466981,-0.000431748,-0.874831737,-50.124166,0.002466981,-0.000431748,-50.124166,0.001213419,0.045868494
rtabmap,1780713863.530455589,6.700028419,0.027748799,0.044430606,-0.438670545,-25.133971,-0.037473715,0.037004308,51.499232,-0.002498108,-0.271775991
wheel,1780713863.538944721,6.097572803,0.002420124,-0.000375948,-0.869742816,-49.832593,0.002420124,-0.000375948,-49.832593,0.000969452,0.047970143
wheel,1780713863.558930397,6.117558479,0.002420124,-0.000375948,-0.869742816,-49.832593,0.002420124,-0.000375948,-49.832593,0.000920979,0.047490442
wheel,1780713863.578911066,6.137539148,0.002372804,-0.000320541,-0.858177088,-49.169925,0.002372804,-0.000320541,-49.169925,0.000692615,0.052803306
wheel,1780713863.599374056,6.158002138,0.002324998,-0.000265552,-0.852162908,-48.825338,0.002324998,-0.000265552,-48.825338,0.000479603,0.055219986
wheel,1780713863.618900537,6.177528620,0.002276838,-0.000210873,-0.845223471,-48.427738,0.002276838,-0.000210873,-48.427738,0.000269409,0.058214717
wheel,1780713863.638911963,6.197540045,0.002228274,-0.000156553,-0.837358775,-47.977124,0.002228274,-0.000156553,-47.977124,0.000073871,0.061562906
wheel,1780713863.658873320,6.217501402,0.002228274,-0.000156553,-0.837358775,-47.977124,0.002228274,-0.000156553,-47.977124,0.000070178,0.060947277
wheel,1780713863.678874254,6.237502337,0.002129921,-0.000049020,-0.822554642,-47.128909,0.002129921,-0.000049020,-47.128909,-0.000297648,0.067739790
rtabmap,1780713863.697077751,6.866650581,0.024913877,0.039943065,-0.498050510,-28.536192,-0.033763131,0.033208736,48.097011,-0.003963955,-0.356374919
wheel,1780713863.698942423,6.257570505,0.002080113,0.000004163,-0.813764688,-46.625282,0.002080113,0.000004163,-46.625282,-0.000464350,0.071443481
wheel,1780713863.718952656,6.277580738,0.002080113,0.000004163,-0.805437364,-46.148162,0.002080113,0.000004163,-46.148162,-0.000441132,0.074890926
wheel,1780713863.738912106,6.297540188,0.002080113,0.000004163,-0.796184780,-45.618028,0.002080113,0.000004163,-45.618028,-0.000419076,0.078776822
wheel,1780713863.758899689,6.317527771,0.002080113,0.000004163,-0.796184780,-45.618028,0.002080113,0.000004163,-45.618028,-0.000398122,0.077989054
wheel,1780713863.778921366,6.337549448,0.002080113,0.000004163,-0.778604872,-44.610773,0.002080113,0.000004163,-44.610773,-0.000378216,0.085990646
wheel,1780713863.798930883,6.357558966,0.002184376,-0.000097651,-0.768427031,-44.027626,0.002184376,-0.000097651,-44.027626,0.000004825,0.090216997
wheel,1780713863.818893433,6.377521515,0.002236917,-0.000148134,-0.762412852,-43.683039,0.002236917,-0.000148134,-43.683039,0.000187088,0.092327594
wheel,1780713863.838881254,6.397509336,0.002342722,-0.000248344,-0.754085527,-43.205918,0.002342722,-0.000248344,-43.205918,0.000542263,0.095570369
wheel,1780713863.858905315,6.417533398,0.002342722,-0.000248344,-0.754085527,-43.205918,0.002342722,-0.000248344,-43.205918,0.000515150,0.094614665
wheel,1780713863.878917217,6.437545300,0.002449679,-0.000347324,-0.739281394,-42.357704,0.002449679,-0.000347324,-42.357704,0.000853448,0.101065213
wheel,1780713863.898967743,6.457595825,0.002503692,-0.000396229,-0.732341957,-41.960103,0.002503692,-0.000396229,-41.960103,0.000992557,0.103517060
wheel,1780713863.918888569,6.477516651,0.002449341,-0.000347700,-0.725402519,-41.562503,0.002449341,-0.000347700,-41.562503,0.000760130,0.105963773
wheel,1780713863.938911200,6.497539282,0.002504005,-0.000395876,-0.719388340,-41.217916,0.002504005,-0.000395876,-41.217916,0.000904100,0.107908183
wheel,1780713863.958887815,6.517515898,0.002504005,-0.000395876,-0.719388340,-41.217916,0.002504005,-0.000395876,-41.217916,0.000858895,0.106829102
rtabmap,1780713863.964317083,7.133889914,0.025087807,0.034676518,-0.605579391,-34.697143,-0.028599044,0.032160412,41.936060,0.009986199,-0.402369082
wheel,1780713863.979595184,6.538223267,0.002559135,-0.000443519,-0.705972095,-40.449221,0.002559135,-0.000443519,-40.449221,0.000991894,0.112240006
wheel,1780713864.001204014,6.559832096,0.002392234,-0.000302358,-0.698107399,-39.998608,0.002392234,-0.000302358,-39.998608,0.000436527,0.114757020
wheel,1780713864.020205259,6.578833342,0.002392234,-0.000302358,-0.692555849,-39.680527,0.002392234,-0.000302358,-39.680527,0.000414701,0.116531017
wheel,1780713864.038900614,6.597528696,0.002392234,-0.000302358,-0.685153783,-39.256420,0.002392234,-0.000302358,-39.256420,0.000393966,0.119325419
wheel,1780713864.058904648,6.617532730,0.002392234,-0.000302358,-0.685153783,-39.256420,0.002392234,-0.000302358,-39.256420,0.000374268,0.118132165
wheel,1780713864.078887224,6.637515306,0.002448962,-0.000348086,-0.671737537,-38.487726,0.002448962,-0.000348086,-38.487726,0.000537869,0.123664655
wheel,1780713864.099302530,6.657930613,0.002448962,-0.000348086,-0.666185987,-38.169645,0.002448962,-0.000348086,-38.169645,0.000510976,0.125147348
wheel,1780713864.119104862,6.677732944,0.002448962,-0.000348086,-0.658783921,-37.745538,0.002448962,-0.000348086,-37.745538,0.000485427,0.127633671
wheel,1780713864.138990641,6.697618723,0.002333441,-0.000259251,-0.652307112,-37.374444,0.002333441,-0.000259251,-37.374444,0.000094281,0.129618445
wheel,1780713864.158923626,6.717551708,0.002333441,-0.000259251,-0.652307112,-37.374444,0.002333441,-0.000259251,-37.374444,0.000089566,0.128322261
wheel,1780713864.180212975,6.738841057,0.002100603,-0.000083943,-0.638428238,-36.579244,0.002100603,-0.000083943,-36.579244,-0.000599294,0.133556961
wheel,1780713864.198908806,6.757536888,0.002276531,-0.000213681,-0.632414059,-36.234656,0.002276531,-0.000213681,-36.234656,0.000015243,0.135438083
wheel,1780713864.220215321,6.778843403,0.002276531,-0.000213681,-0.625937250,-35.863563,0.002276531,-0.000213681,-35.863563,0.000014481,0.137123391
wheel,1780713864.241226912,6.799854994,0.002158155,-0.000128688,-0.619460442,-35.492469,0.002158155,-0.000128688,-35.492469,-0.000333036,0.138834755
wheel,1780713864.261198997,6.819827080,0.002158155,-0.000128688,-0.619460442,-35.492469,0.002158155,-0.000128688,-35.492469,-0.000316384,0.137446408
wheel,1780713864.278890133,6.837518215,0.001859922,0.000080565,-0.604193680,-34.617748,0.001859922,0.000080565,-34.617748,-0.001330359,0.144702602
rtabmap,1780713864.297521830,7.467094660,0.019785145,0.029136615,-0.722205909,-41.379351,-0.024435108,0.025720662,35.253852,-0.003619925,-0.350014418
wheel,1780713864.298928738,6.857556820,0.001859922,0.000080565,-0.597716872,-34.246654,0.001859922,0.000080565,-34.246654,-0.001263841,0.146487933
wheel,1780713864.318928242,6.877556324,0.001859922,0.000080565,-0.589389547,-33.769534,0.001859922,0.000080565,-33.769534,-0.001200649,0.149187366
wheel,1780713864.339583158,6.898211241,0.001799193,0.000120828,-0.581524851,-33.318920,0.001799193,0.000120828,-33.318920,-0.001316958,0.151502232
wheel,1780713864.359347343,6.917975426,0.001799193,0.000120828,-0.581524851,-33.318920,0.001799193,0.000120828,-33.318920,-0.001251110,0.149987210
wheel,1780713864.378887892,6.937515974,0.001554246,0.000278778,-0.563944943,-32.311665,0.001554246,0.000278778,-32.311665,-0.001934328,0.157483967
wheel,1780713864.398900270,6.957528353,0.001554246,0.000278778,-0.555617618,-31.834545,0.001554246,0.000278778,-31.834545,-0.001837612,0.160070363
wheel,1780713864.418889761,6.977517843,0.001492157,0.000316910,-0.545902406,-31.277904,0.001492157,0.000316910,-31.277904,-0.001927972,0.163329414
wheel,1780713864.438904047,6.997532129,0.001679476,0.000204241,-0.537112452,-30.774277,0.001679476,0.000204241,-30.774277,-0.001285457,0.166088169
wheel,1780713864.458896399,7.017524481,0.001679476,0.000204241,-0.537112452,-30.774277,0.001679476,0.000204241,-30.774277,-0.001221184,0.164427287
wheel,1780713864.478895664,7.037523746,0.001616555,0.000240986,-0.519995173,-29.793529,0.001616555,0.000240986,-29.793529,-0.001342296,0.171342172
wheel,1780713864.499511957,7.058140039,0.001616555,0.000240986,-0.511667848,-29.316408,0.001616555,0.000240986,-29.316408,-0.001275181,0.173668227
wheel,1780713864.518956184,7.077584267,0.001743981,0.000170280,-0.501490007,-28.733261,0.001743981,0.000170280,-28.733261,-0.000836661,0.177166307
rtabmap,1780713864.530629635,7.700202465,0.020282820,0.024450004,-0.826470311,-47.353261,-0.019760403,0.025121384,29.279942,0.014892127,-0.447279006
wheel,1780713864.538898945,7.097527027,0.001807994,0.000135474,-0.494550570,-28.335660,0.001807994,0.000135474,-28.335660,-0.000612173,0.178873780
wheel,1780713864.559028387,7.117656469,0.001807994,0.000135474,-0.494550570,-28.335660,0.001807994,0.000135474,-28.335660,-0.000581564,0.177085042
wheel,1780713864.578903913,7.137531996,0.001807994,0.000135474,-0.478821178,-27.434433,0.001807994,0.000135474,-27.434433,-0.000552486,0.183228236
wheel,1780713864.598942757,7.157570839,0.001743178,0.000168760,-0.470031224,-26.930805,0.001743178,0.000168760,-26.930805,-0.000706753,0.185784448
wheel,1780713864.619011879,7.177639961,0.001743178,0.000168760,-0.463554416,-26.559712,0.001743178,0.000168760,-26.559712,-0.000671416,0.187153088
wheel,1780713864.638897896,7.197525978,0.001808465,0.000136407,-0.456614979,-26.162111,0.001808465,0.000136407,-26.162111,-0.000454680,0.188770410
wheel,1780713864.658875227,7.217503309,0.001808465,0.000136407,-0.456614979,-26.162111,0.001808465,0.000136407,-26.162111,-0.000431946,0.186882706
wheel,1780713864.679345369,7.237973452,0.001611581,0.000231377,-0.442273475,-25.340403,0.001611581,0.000231377,-25.340403,-0.000944901,0.192028108
wheel,1780713864.698944330,7.257572412,0.001545606,0.000262304,-0.434408779,-24.889790,0.001545606,0.000262304,-24.889790,-0.001083333,0.194116105
wheel,1780713864.718926430,7.277554512,0.001611808,0.000231867,-0.427469342,-24.492189,0.001611808,0.000231867,-24.492189,-0.000846817,0.195648268
wheel,1780713864.738897085,7.297525167,0.001678220,0.000201890,-0.420529904,-24.094589,0.001678220,0.000201890,-24.094589,-0.000622075,0.197166105
wheel,1780713864.758918762,7.317546844,0.001678220,0.000201890,-0.420529904,-24.094589,0.001678220,0.000201890,-24.094589,-0.000590971,0.195194444
wheel,1780713864.778918505,7.337546587,0.002744225,-0.000270110,-0.413127838,-23.670482,0.002744225,-0.000270110,-23.670482,0.002352831,0.196943139
wheel,1780713864.798906803,7.357534885,0.001807316,0.000133375,-0.400174221,-22.928294,0.001807316,0.000133375,-22.928294,-0.000316425,0.201453998
wheel,1780713864.819008827,7.377636909,0.001807316,0.000133375,-0.393697413,-22.557200,0.001807316,0.000133375,-22.557200,-0.000300603,0.202663492
wheel,1780713864.838930845,7.397558928,0.001874702,0.000105658,-0.386757976,-22.159600,0.001874702,0.000105658,-22.159600,-0.000102807,0.204118116
wheel,1780713864.858929873,7.417557955,0.001874702,0.000105658,-0.386757976,-22.159600,0.001874702,0.000105658,-22.159600,-0.000097667,0.202076934
wheel,1780713864.878906488,7.437534571,0.002010020,0.000051566,-0.373804359,-21.417412,0.002010020,0.000051566,-21.417412,0.000271920,0.206539781
wheel,1780713864.898959160,7.457587242,0.002010020,0.000051566,-0.367327551,-21.046318,0.002010020,0.000051566,-21.046318,0.000258324,0.207705088
wheel,1780713864.921339989,7.479968071,0.002010020,0.000051566,-0.360850743,-20.675225,0.002010020,0.000051566,-20.675225,0.000245408,0.208521299
rtabmap,1780713864.930542707,8.100115538,0.012224874,0.018300408,-0.972045497,-55.694104,-0.015640270,0.015860038,20.939098,-0.002339917,-0.364016414
wheel,1780713864.938927650,7.497555733,0.001941759,0.000077056,-0.353911306,-20.277624,0.001941759,0.000077056,-20.277624,0.000025939,0.210382730
wheel,1780713864.958896875,7.517524958,0.001941759,0.000077056,-0.353911306,-20.277624,0.001941759,0.000077056,-20.277624,0.000024642,0.208278903
wheel,1780713864.980546951,7.539175034,0.002010276,0.000052262,-0.340495060,-19.508930,0.002010276,0.000052262,-19.508930,0.000191671,0.212392427
wheel,1780713864.998916388,7.557544470,0.001941511,0.000076357,-0.333555623,-19.111329,0.001941511,0.000076357,-19.111329,-0.000016275,0.214046848
wheel,1780713865.018948793,7.577576876,0.001872558,0.000099910,-0.324765669,-18.607702,0.001872558,0.000099910,-18.607702,-0.000197355,0.216294926
wheel,1780713865.038897753,7.597525835,0.001803391,0.000122824,-0.315050456,-18.051061,0.001803391,0.000122824,-18.051061,-0.000370070,0.219000848
wheel,1780713865.058952570,7.617580652,0.001803391,0.000122824,-0.315050456,-18.051061,0.001803391,0.000122824,-18.051061,-0.000351567,0.216810839
wheel,1780713865.078901291,7.637529373,0.001942297,0.000078760,-0.299321065,-17.149834,0.001942297,0.000078760,-17.149834,0.000031147,0.222525005
wheel,1780713865.098938704,7.657566786,0.001872599,0.000100003,-0.292381628,-16.752233,0.001872599,0.000100003,-16.752233,-0.000152287,0.223764067
wheel,1780713865.119247437,7.677875519,0.001942462,0.000079308,-0.283591674,-16.248606,0.001942462,0.000079308,-16.248606,0.000034691,0.225853931
wheel,1780713865.139553070,7.698181152,0.001942462,0.000079308,-0.275264349,-15.771485,0.001942462,0.000079308,-15.771485,0.000032956,0.227696769
wheel,1780713865.158878326,7.717506409,0.001942462,0.000079308,-0.275264349,-15.771485,0.001942462,0.000079308,-15.771485,0.000031308,0.225419801
wheel,1780713865.179241896,7.737869978,0.002012759,0.000060137,-0.257221812,-14.737724,0.002012759,0.000060137,-14.737724,0.000208689,0.232027675
wheel,1780713865.198940277,7.757568359,0.002224402,0.000005458,-0.248431858,-14.234097,0.002224402,0.000005458,-14.234097,0.000753069,0.234169400
wheel,1780713865.218969584,7.777597666,0.002365804,-0.000029786,-0.240104533,-13.756976,0.002365804,-0.000029786,-13.756976,0.001079264,0.235985969
rtabmap,1780713865.230500937,8.400073767,0.008152967,0.012891611,-1.098543952,-62.941932,-0.011319357,0.010648012,13.691271,0.007244057,-0.421720445
wheel,1780713865.239239931,7.797868013,0.002365804,-0.000029786,-0.231777208,-13.279856,0.002365804,-0.000029786,-13.279856,0.001025300,0.237738982
wheel,1780713865.258958817,7.817586899,0.002365804,-0.000029786,-0.231777208,-13.279856,0.002365804,-0.000029786,-13.279856,0.000974035,0.235361592
wheel,1780713865.280278921,7.838907003,0.002294763,-0.000013590,-0.216510446,-12.405135,0.002294763,-0.000013590,-12.405135,0.000754506,0.240166470
wheel,1780713865.298895597,7.857523680,0.002365994,-0.000028930,-0.207720492,-11.901507,0.002365994,-0.000028930,-11.901507,0.000912464,0.242486051
wheel,1780713865.319244146,7.877872229,0.002437337,-0.000043742,-0.201706313,-11.556920,0.002437337,-0.000043742,-11.556920,0.001045885,0.243016841
wheel,1780713865.338902473,7.897530556,0.002294456,-0.000015076,-0.194304246,-11.132813,0.002294456,-0.000015076,-11.132813,0.000622907,0.244352352
wheel,1780713865.358902216,7.917530298,0.002294456,-0.000015076,-0.194304246,-11.132813,0.002294456,-0.000015076,-11.132813,0.000591761,0.241908828
wheel,1780713865.378985405,7.937613487,0.002151278,0.000012069,-0.180425371,-10.337612,0.002151278,0.000012069,-10.337612,0.000199332,0.246401007
wheel,1780713865.398954630,7.957582712,0.002079552,0.000024896,-0.173485934,-9.940012,0.002079552,0.000024896,-9.940012,0.000006870,0.247413100
wheel,1780713865.418926001,7.977554083,0.002223185,0.000000272,-0.166083868,-9.515905,0.002223185,0.000000272,-9.515905,0.000371277,0.248644379
wheel,1780713865.438885212,7.997513294,0.002295082,-0.000011558,-0.160069689,-9.171318,0.002295082,-0.000011558,-9.171318,0.000535218,0.249170702
wheel,1780713865.458934307,8.017562389,0.002295082,-0.000011558,-0.160069689,-9.171318,0.002295082,-0.000011558,-9.171318,0.000508457,0.246678995
wheel,1780713865.478952408,8.037580490,0.002151028,0.000010471,-0.143415039,-8.217076,0.002151028,0.000010471,-8.217076,0.000118865,0.252536065
wheel,1780713865.498914003,8.057542086,0.002151028,0.000010471,-0.139714006,-8.005023,0.002151028,0.000010471,-8.005023,0.000112922,0.251863785
wheel,1780713865.518954515,8.077582598,0.002223213,0.000000541,-0.133699827,-7.660436,0.002223213,0.000000541,-7.660436,0.000289126,0.252347123
wheel,1780713865.538918972,8.097547054,0.002367702,-0.000018417,-0.127223018,-7.289342,0.002367702,-0.000018417,-7.289342,0.000639504,0.253066620
wheel,1780713865.558884382,8.117512465,0.002367702,-0.000018417,-0.127223018,-7.289342,0.002367702,-0.000018417,-7.289342,0.000607529,0.250535954
wheel,1780713865.578882217,8.137510300,0.002367702,-0.000018417,-0.114269402,-6.547154,0.002367702,-0.000018417,-6.547154,0.000577152,0.254507872
rtabmap,1780713865.597225189,8.766798019,-0.000240606,0.011007268,-1.228716080,-70.400246,-0.011426521,0.002046190,6.232957,-0.005835682,-0.354959339
wheel,1780713865.598910093,8.157538176,0.002440120,-0.000026474,-0.107329965,-6.149554,0.002440120,-0.000026474,-6.149554,0.000730232,0.255428260
wheel,1780713865.619287014,8.177915096,0.002440120,-0.000026474,-0.100853156,-5.778460,0.002440120,-0.000026474,-5.778460,0.000693720,0.256051996
wheel,1780713865.638908863,8.197536945,0.002512639,-0.000033559,-0.093913719,-5.380860,0.002512639,-0.000033559,-5.380860,0.000844732,0.257028579
wheel,1780713865.658890963,8.217519045,0.002512639,-0.000033559,-0.093913719,-5.380860,0.002512639,-0.000033559,-5.380860,0.000802495,0.254458293
wheel,1780713865.678932667,8.237560749,0.002657816,-0.000046217,-0.080034844,-4.585659,0.002657816,-0.000046217,-4.585659,0.001125985,0.258839696
wheel,1780713865.698895454,8.257523537,0.002657816,-0.000046217,-0.072632778,-4.161552,0.002657816,-0.000046217,-4.161552,0.001069686,0.259958922
wheel,1780713865.718905926,8.277534008,0.002585124,-0.000041216,-0.064768082,-3.710938,0.002585124,-0.000041216,-3.710938,0.000834126,0.261289857
wheel,1780713865.738916397,8.297544479,0.002657857,-0.000045578,-0.055052870,-3.154297,0.002657857,-0.000045578,-3.154297,0.000974480,0.263531907
wheel,1780713865.758904696,8.317532778,0.002657857,-0.000045578,-0.055052870,-3.154297,0.002657857,-0.000045578,-3.154297,0.000925756,0.260896588
wheel,1780713865.778925180,8.337553263,0.002657857,-0.000045578,-0.040248737,-2.306083,0.002657857,-0.000045578,-2.306083,0.000879468,0.265682731
wheel,1780713865.798924446,8.357552528,0.002803493,-0.000050768,-0.030996154,-1.775949,0.002803493,-0.000050768,-1.775949,0.001199733,0.267651152
wheel,1780713865.818911791,8.377539873,0.002803493,-0.000050768,-0.022668829,-1.298828,0.002803493,-0.000050768,-1.298828,0.001139746,0.269141386
wheel,1780713865.838918209,8.397546291,0.002803493,-0.000050768,-0.014341504,-0.821708,0.002803493,-0.000050768,-0.821708,0.001082759,0.270612200
wheel,1780713865.858927727,8.417555809,0.002803493,-0.000050768,-0.014341504,-0.821708,0.002803493,-0.000050768,-0.821708,0.001028621,0.267906078
wheel,1780713865.878911734,8.437539816,0.002949218,-0.000051645,0.002313146,0.132533,0.002949218,-0.000051645,0.132533,0.001341824,0.273561504
wheel,1780713865.898907900,8.457535982,0.003094944,-0.000050768,0.009715212,0.556641,0.003094944,-0.000050768,0.556641,0.001639119,0.274527587
wheel,1780713865.918952703,8.477580786,0.003167802,-0.000049808,0.016654650,0.954241,0.003167802,-0.000049808,0.954241,0.001738944,0.275244810
wheel,1780713865.938887119,8.497515202,0.003167802,-0.000049808,0.023131458,1.325335,0.003167802,-0.000049808,1.325335,0.001651997,0.275740876
wheel,1780713865.958898306,8.517526388,0.003167802,-0.000049808,0.023131458,1.325335,0.003167802,-0.000049808,1.325335,0.001569397,0.272983468
wheel,1780713865.978895903,8.537523985,0.003240634,-0.000047668,0.035622445,2.041016,0.003240634,-0.000047668,2.041016,0.001673111,0.276499952
wheel,1780713865.998889923,8.557518005,0.003313445,-0.000044887,0.040711366,2.332589,0.003313445,-0.000044887,2.332589,0.001771690,0.276280447
wheel,1780713866.018903017,8.577531099,0.003386241,-0.000041736,0.045800287,2.624163,0.003386241,-0.000041736,2.624163,0.001865140,0.276060347
wheel,1780713866.040431499,8.599059582,0.003386241,-0.000041736,0.051351837,2.942244,0.003386241,-0.000041736,2.942244,0.001771883,0.275878158
wheel,1780713866.061450720,8.620078802,0.003313485,-0.000045695,0.057366016,3.286831,0.003313485,-0.000045695,3.286831,0.001509956,0.275980750
wheel,1780713866.078918934,8.637547016,0.003313485,-0.000045695,0.061067049,3.498884,0.003313485,-0.000045695,3.498884,0.001434458,0.275339956
wheel,1780713866.098927736,8.657555819,0.003240768,-0.000050327,0.066155970,3.790458,0.003240768,-0.000050327,3.790458,0.001180629,0.275130261
wheel,1780713866.120966434,8.679594517,0.003240768,-0.000050327,0.070782261,4.055525,0.003240768,-0.000050327,4.055525,0.001121597,0.274477626
wheel,1780713866.138894081,8.697522163,0.003095439,-0.000061104,0.077259069,4.426619,0.003095439,-0.000061104,4.426619,0.000659078,0.275345647
wheel,1780713866.159211636,8.717839718,0.003095439,-0.000061104,0.077259069,4.426619,0.003095439,-0.000061104,4.426619,0.000626124,0.272592190
wheel,1780713866.178911686,8.737539768,0.003022818,-0.000067047,0.086049023,4.930246,0.003022818,-0.000067047,4.930246,0.000409866,0.274328595
rtabmap,1780713866.197441578,9.367014408,-0.014428080,0.001529848,-1.434239744,-82.175884,-0.005485764,-0.013947975,-5.542681,0.006946051,-0.342415571
wheel,1780713866.198905945,8.757534027,0.003022818,-0.000067047,0.091600573,5.248326,0.003022818,-0.000067047,5.248326,0.000389373,0.274361649
wheel,1780713866.219435453,8.778063536,0.003022818,-0.000067047,0.096226865,5.513393,0.003022818,-0.000067047,5.513393,0.000369904,0.273871464
wheel,1780713866.238898993,8.797527075,0.002950305,-0.000074199,0.100390527,5.751954,0.002950305,-0.000074199,5.751954,0.000164228,0.273271961
wheel,1780713866.258903980,8.817532063,0.002950305,-0.000074199,0.100390527,5.751954,0.002950305,-0.000074199,5.751954,0.000156017,0.270539241
wheel,1780713866.280378103,8.839006186,0.002732923,-0.000097163,0.110105740,6.308594,0.002732923,-0.000097163,6.308594,-0.000360751,0.272357997
wheel,1780713866.298882723,8.857510805,0.002732923,-0.000097163,0.114732031,6.573661,0.002732923,-0.000097163,6.573661,-0.000342713,0.272134234
wheel,1780713866.318916321,8.877544403,0.002732923,-0.000097163,0.119358323,6.838728,0.002732923,-0.000097163,6.838728,-0.000325578,0.271722295
wheel,1780713866.338907957,8.897536039,0.002588280,-0.000114917,0.124909873,7.156809,0.002588280,-0.000114917,7.156809,-0.000673811,0.271782306
wheel,1780713866.358886242,8.917514324,0.002588280,-0.000114917,0.124909873,7.156809,0.002588280,-0.000114917,7.156809,-0.000640120,0.269064483
wheel,1780713866.378888845,8.937516928,0.002588280,-0.000114917,0.134162456,7.686942,0.002588280,-0.000114917,7.686942,-0.000608114,0.270999749
wheel,1780713866.399604321,8.958232403,0.002443925,-0.000134877,0.140639264,8.058036,0.002443925,-0.000134877,8.058036,-0.000929446,0.271416307
wheel,1780713866.418884277,8.977512360,0.002443925,-0.000134877,0.145265556,8.323103,0.002443925,-0.000134877,8.323103,-0.000882974,0.271101559
wheel,1780713866.438892126,8.997520208,0.002443925,-0.000134877,0.151742364,8.694197,0.002443925,-0.000134877,8.694197,-0.000838825,0.271628024
wheel,1780713866.458897829,9.017525911,0.002443925,-0.000134877,0.151742364,8.694197,0.002443925,-0.000134877,8.694197,-0.000796884,0.268911744
wheel,1780713866.478937149,9.037565231,0.002371963,-0.000146308,0.163308093,9.356864,0.002371963,-0.000146308,9.356864,-0.000938864,0.271994831
wheel,1780713866.498902798,9.057530880,0.002300110,-0.000158404,0.170247530,9.754465,0.002300110,-0.000158404,9.754465,-0.001074371,0.272750115
wheel,1780713866.518904448,9.077532530,0.002228343,-0.000170998,0.177186967,10.152065,0.002228343,-0.000170998,10.152065,-0.001202804,0.273492170
wheel,1780713866.538882256,9.097510338,0.002084992,-0.000197215,0.184589034,10.576173,0.002084992,-0.000197215,10.576173,-0.001507397,0.274462481
wheel,1780713866.558912516,9.117540598,0.002084992,-0.000197215,0.184589034,10.576173,0.002084992,-0.000197215,10.576173,-0.001432028,0.271717856
wheel,1780713866.579647303,9.138275385,0.002013477,-0.000211168,0.200781054,11.503907,0.002013477,-0.000211168,11.503907,-0.001536125,0.276809517
wheel,1780713866.598880768,9.157508850,0.002013477,-0.000211168,0.209108379,11.981028,0.002013477,-0.000211168,11.981028,-0.001459319,0.278371024
wheel,1780713866.618974209,9.177602291,0.002013477,-0.000211168,0.217435704,12.458148,0.002013477,-0.000211168,12.458148,-0.001386353,0.279731958
wheel,1780713866.638916254,9.197544336,0.002013477,-0.000211168,0.225763029,12.935269,0.002013477,-0.000211168,12.935269,-0.001317035,0.281110701
wheel,1780713866.658909798,9.217537880,0.002013477,-0.000211168,0.225763029,12.935269,0.002013477,-0.000211168,12.935269,-0.001251183,0.278299594
wheel,1780713866.678921223,9.237549305,0.001800858,-0.000261921,0.242880308,13.916017,0.001800858,-0.000261921,13.916017,-0.001734904,0.284072084
wheel,1780713866.701137543,9.259765625,0.001871506,-0.000244087,0.251670262,14.419644,0.001871506,-0.000244087,14.419644,-0.001484160,0.285188148
wheel,1780713866.718928099,9.277556181,0.001942003,-0.000225665,0.259534957,14.870258,0.001942003,-0.000225665,14.870258,-0.001205216,0.286755973
wheel,1780713866.740136147,9.298764229,0.002012361,-0.000206721,0.266474395,15.267858,0.002012361,-0.000206721,15.267858,-0.000973153,0.287160822
wheel,1780713866.758891106,9.317519188,0.002012361,-0.000206721,0.266474395,15.267858,0.002012361,-0.000206721,15.267858,-0.000924496,0.284289214
rtabmap,1780713866.763977528,9.933550358,-0.024899349,-0.000243291,-1.623544659,-93.022257,-0.006181450,-0.024545498,-16.389054,0.000584519,-0.334144324
wheel,1780713866.779467583,9.338095665,0.001872064,-0.000246136,0.281278528,16.116073,0.001872064,-0.000246136,16.116073,-0.001232401,0.288641343
wheel,1780713866.798926592,9.357554674,0.001941994,-0.000225667,0.288217965,16.513673,0.001941994,-0.000225667,16.513673,-0.000983520,0.289321811
wheel,1780713866.818907976,9.377536058,0.001941994,-0.000225667,0.295620032,16.937780,0.001941994,-0.000225667,16.937780,-0.000934344,0.290132411
wheel,1780713866.838906288,9.397534370,0.002011624,-0.000204198,0.302559469,17.335381,0.002011624,-0.000204198,17.335381,-0.000705468,0.290700768
wheel,1780713866.860221863,9.418849945,0.002011624,-0.000204198,0.302559469,17.335381,0.002011624,-0.000204198,17.335381,-0.000670195,0.287793760
wheel,1780713866.882231951,9.440860033,0.001942217,-0.000226375,0.315975715,18.104075,0.001942217,-0.000226375,18.104075,-0.000802218,0.291011651
wheel,1780713866.899637938,9.458266020,0.002011394,-0.000203492,0.322915152,18.501675,0.002011394,-0.000203492,18.501675,-0.000552794,0.292088455
wheel,1780713866.918904066,9.477532148,0.002011394,-0.000203492,0.330317219,18.925783,0.002011394,-0.000203492,18.925783,-0.000525154,0.293008915
wheel,1780713866.938906193,9.497534275,0.002149091,-0.000155780,0.336794027,19.296876,0.002149091,-0.000155780,19.296876,-0.000134580,0.293317194
wheel,1780713866.959087372,9.517715454,0.002149091,-0.000155780,0.336794027,19.296876,0.002149091,-0.000155780,19.296876,-0.000127851,0.290384022
wheel,1780713866.979212284,9.537840366,0.002354879,-0.000082066,0.351135531,20.118584,0.002354879,-0.000082066,20.118584,0.000421540,0.294605245
wheel,1780713866.998883963,9.557512045,0.001807906,-0.000283580,0.354836564,20.330638,0.001807906,-0.000283580,20.330638,-0.001081213,0.293540685
wheel,1780713867.018908501,9.577536583,0.002285314,-0.000104049,0.364551776,20.887278,0.002285314,-0.000104049,20.887278,0.000246498,0.295457279
wheel,1780713867.039967299,9.598595381,0.002285314,-0.000104049,0.371028584,21.258372,0.002285314,-0.000104049,21.258372,0.000234173,0.295577976
wheel,1780713867.058929205,9.617557287,0.002285314,-0.000104049,0.371028584,21.258372,0.002285314,-0.000104049,21.258372,0.000222464,0.292622196
wheel,1780713867.078891754,9.637519836,0.002420781,-0.000050333,0.383982201,22.000560,0.002420781,-0.000050333,22.000560,0.000575945,0.296177811
wheel,1780713867.098937511,9.657565594,0.002420781,-0.000050333,0.391384267,22.424667,0.002420781,-0.000050333,22.424667,0.000547147,0.296908749
wheel,1780713867.119003296,9.677631378,0.002353510,-0.000078331,0.397398446,22.769254,0.002353510,-0.000078331,22.769254,0.000338203,0.296937285
wheel,1780713867.139252186,9.697880268,0.002286423,-0.000106764,0.404337884,23.166854,0.002286423,-0.000106764,23.166854,0.000141380,0.297394821
wheel,1780713867.158893108,9.717521191,0.002286423,-0.000106764,0.404337884,23.166854,0.002286423,-0.000106764,23.166854,0.000134311,0.294420873
rtabmap,1780713867.164076090,10.333648920,-0.032327011,-0.002901792,-1.765135050,-101.134789,-0.005312125,-0.032386549,-24.501586,0.007614171,-0.353889048
wheel,1780713867.178902626,9.737530708,0.002353191,-0.000077588,0.419604646,24.041575,0.002353191,-0.000077588,24.041575,0.000309669,0.299106414
wheel,1780713867.198941708,9.757569790,0.002419630,-0.000047672,0.426544083,24.439176,0.002419630,-0.000047672,24.439176,0.000476069,0.299579786
wheel,1780713867.218931198,9.777559280,0.002485819,-0.000017204,0.436259296,24.995816,0.002485819,-0.000017204,24.995816,0.000634450,0.301442236
wheel,1780713867.238897800,9.797525883,0.002353968,-0.000079271,0.443661362,25.419924,0.002353968,-0.000079271,25.419924,0.000237802,0.302134993
wheel,1780713867.258988142,9.817616224,0.002353968,-0.000079271,0.443661362,25.419924,0.002353968,-0.000079271,25.419924,0.000225911,0.299113643
wheel,1780713867.278896570,9.837524652,0.002485033,-0.000015562,0.461241270,26.427178,0.002485033,-0.000015562,26.427178,0.000580581,0.304952151
wheel,1780713867.298918486,9.857546568,0.002550140,0.000017153,0.470031224,26.930805,0.002550140,0.000017153,26.930805,0.000733511,0.306292744
wheel,1780713867.318876028,9.877504110,0.002550140,0.000017153,0.479283807,27.460939,0.002550140,0.000017153,27.460939,0.000696835,0.307865728
wheel,1780713867.338884830,9.897512913,0.002550140,0.000017153,0.487611132,27.938060,0.002550140,0.000017153,27.938060,0.000661994,0.308949001
wheel,1780713867.359884024,9.918512106,0.002550140,0.000017153,0.487611132,27.938060,0.002550140,0.000017153,27.938060,0.000628894,0.305859511
wheel,1780713867.378960848,9.937588930,0.002614217,0.000051841,0.504728411,28.918808,0.002614217,0.000051841,28.918808,0.000788413,0.311773169
rtabmap,1780713867.397113562,10.566686392,-0.038801141,-0.002931785,-1.867119423,-106.978063,-0.006779661,-0.038692228,-30.344860,0.005491378,-0.437630355
wheel,1780713867.398924828,9.957552910,0.002741512,0.000122782,0.512130478,29.342915,0.002741512,0.000122782,29.342915,0.001114027,0.312363724
wheel,1780713867.418994188,9.977622271,0.002804887,0.000158738,0.519995173,29.793529,0.002804887,0.000158738,29.793529,0.001239960,0.313161080
wheel,1780713867.438913107,9.997541189,0.002804887,0.000158738,0.527397240,30.217636,0.002804887,0.000158738,30.217636,0.001177962,0.313742501
wheel,1780713867.458870888,10.017498970,0.002804887,0.000158738,0.527397240,30.217636,0.002804887,0.000158738,30.217636,0.001119064,0.310605076
wheel,1780713867.479025126,10.037653208,0.002679473,0.000084522,0.541276114,31.012837,0.002679473,0.000084522,31.012837,0.000701587,0.314385193
wheel,1780713867.498938084,10.057566166,0.002804091,0.000160068,0.548678181,31.436944,0.002804091,0.000160068,31.436944,0.001032455,0.314958908
wheel,1780713867.518971920,10.077600002,0.002866145,0.000198258,0.554692360,31.781531,0.002866145,0.000198258,31.781531,0.001162748,0.314812366
wheel,1780713867.538922548,10.097550631,0.002804339,0.000159667,0.561631797,32.179132,0.002804339,0.000159667,32.179132,0.000922063,0.315141343
wheel,1780713867.559220552,10.117848635,0.002804339,0.000159667,0.561631797,32.179132,0.002804339,0.000159667,32.179132,0.000875960,0.311989929
wheel,1780713867.578883410,10.137511492,0.002558665,0.000002852,0.574585414,32.921319,0.002558665,0.000002852,32.921319,0.000091234,0.315456054
rtabmap,1780713867.597021103,10.766593933,-0.042285163,-0.002501483,-1.938046656,-111.041894,-0.008003757,-0.041982389,-34.408691,0.003030429,-0.354798555
wheel,1780713867.598941565,10.157569647,0.002558665,0.000002852,0.581062222,33.292413,0.002558665,0.000002852,33.292413,0.000086672,0.315531622
wheel,1780713867.618911505,10.177539587,0.002619431,0.000043059,0.588001659,33.690013,0.002619431,0.000043059,33.690013,0.000264727,0.315850376
wheel,1780713867.638903856,10.197531939,0.002679936,0.000083659,0.594015838,34.034601,0.002679936,0.000083659,34.034601,0.000433740,0.315700435
wheel,1780713867.658910513,10.217538595,0.002679936,0.000083659,0.594015838,34.034601,0.002679936,0.000083659,34.034601,0.000412053,0.312543431
wheel,1780713867.678901672,10.237529755,0.002619809,0.000042501,0.606506826,34.750281,0.002619809,0.000042501,34.750281,0.000209201,0.315666550
wheel,1780713867.699065208,10.257693291,0.002500304,-0.000040896,0.612058376,35.068362,0.002500304,-0.000040896,35.068362,-0.000162821,0.315264645
wheel,1780713867.719296217,10.277924299,0.002440793,-0.000082940,0.618072555,35.412949,0.002440793,-0.000082940,35.412949,-0.000334669,0.315083246
wheel,1780713867.738932133,10.297560215,0.002440793,-0.000082940,0.623624105,35.731029,0.002440793,-0.000082940,35.731029,-0.000317936,0.314759553
wheel,1780713867.760020733,10.318648815,0.002440793,-0.000082940,0.623624105,35.731029,0.002440793,-0.000082940,35.731029,-0.000302039,0.311611958
wheel,1780713867.779220104,10.337848186,0.002499695,-0.000040047,0.635189834,36.393697,0.002499695,-0.000040047,36.393697,-0.000097185,0.314519703
wheel,1780713867.799723864,10.358351946,0.002324128,-0.000170273,0.641204013,36.738284,0.002324128,-0.000170273,36.738284,-0.000625392,0.314307782
wheel,1780713867.818903446,10.377531528,0.002265868,-0.000214033,0.647218192,37.082871,0.002265868,-0.000214033,37.082871,-0.000784073,0.314300385
rtabmap,1780713867.830514193,11.000087023,-0.046058029,-0.002960090,-2.009991452,-115.164027,-0.008429800,-0.045759071,-38.530824,0.007634798,-0.308123589
wheel,1780713867.838920116,10.397548199,0.002149855,-0.000302225,0.652769742,37.400951,0.002149855,-0.000302225,37.400951,-0.001108930,0.313931174
wheel,1780713867.858883619,10.417511702,0.002149855,-0.000302225,0.652769742,37.400951,0.002149855,-0.000302225,37.400951,-0.001053483,0.310791863
wheel,1780713867.878900766,10.437528849,0.002092270,-0.000346869,0.666185987,38.169645,0.002092270,-0.000346869,38.169645,-0.001182809,0.314386161
wheel,1780713867.898923635,10.457551718,0.002092270,-0.000346869,0.673588054,38.593753,0.002092270,-0.000346869,38.593753,-0.001123668,0.314939854
wheel,1780713867.918955326,10.477583408,0.001978707,-0.000438195,0.680990120,39.017860,0.001978707,-0.000438195,39.017860,-0.001431268,0.315486029
wheel,1780713867.938967943,10.497596025,0.001922277,-0.000484289,0.688854816,39.468474,0.001922277,-0.000484289,39.468474,-0.001541795,0.316262021
wheel,1780713867.958905220,10.517533302,0.001922277,-0.000484289,0.688854816,39.468474,0.001922277,-0.000484289,39.468474,-0.001464706,0.313099401
wheel,1780713867.978928089,10.537556171,0.001810597,-0.000577907,0.706434724,40.475728,0.001810597,-0.000577907,40.475728,-0.001755396,0.318748844
wheel,1780713867.999039173,10.557667255,0.001920967,-0.000482748,0.716612565,41.058876,0.001920967,-0.000482748,41.058876,-0.001305035,0.320626131
wheel,1780713868.020512342,10.579140425,0.001920967,-0.000482748,0.724014632,41.482983,0.001920967,-0.000482748,41.482983,-0.001239783,0.320866916
rtabmap,1780713868.030421257,11.199994087,-0.049166132,-0.003369121,-2.091805987,-119.851655,-0.008750394,-0.048877537,-43.218452,0.008462987,-0.409261763
wheel,1780713868.038900614,10.597528696,0.001920967,-0.000482748,0.733267215,42.013117,0.001920967,-0.000482748,42.013117,-0.001177794,0.322685274
wheel,1780713868.058871984,10.617500067,0.001920967,-0.000482748,0.733267215,42.013117,0.001920967,-0.000482748,42.013117,-0.001118904,0.319458421
wheel,1780713868.078936338,10.637564421,0.001867271,-0.000532003,0.751309752,43.046878,0.001867271,-0.000532003,43.046878,-0.001244529,0.325255851
wheel,1780713868.098870754,10.657498837,0.001973307,-0.000432038,0.760562335,43.577012,0.001973307,-0.000432038,43.577012,-0.000816770,0.326644971
wheel,1780713868.118916273,10.677544355,0.002025896,-0.000381603,0.768427031,44.027626,0.002025896,-0.000381603,44.027626,-0.000594157,0.327302546
wheel,1780713868.138908148,10.697536230,0.002130252,-0.000279886,0.776754356,44.504746,0.002130252,-0.000279886,44.504746,-0.000199989,0.328194776
wheel,1780713868.159222603,10.717850685,0.002026794,-0.000382516,0.786006939,45.034880,0.002026794,-0.000382516,45.034880,-0.000548713,0.329468042
wheel,1780713868.178884745,10.737512827,0.002026794,-0.000382516,0.792483747,45.405974,0.002026794,-0.000382516,45.405974,-0.000521277,0.329466773
wheel,1780713868.199106455,10.757734537,0.001975842,-0.000434604,0.800348443,45.856588,0.001975842,-0.000434604,45.856588,-0.000675380,0.330061431
wheel,1780713868.218886614,10.777514696,0.002127537,-0.000277215,0.807287880,46.254188,0.002127537,-0.000277215,46.254188,-0.000089084,0.330268929
rtabmap,1780713868.230528116,11.400100946,-0.054000005,0.000239858,-2.175782783,-124.663171,-0.013379121,-0.052746122,-48.029968,-0.003618267,-0.419661224
wheel,1780713868.238909960,10.797538042,0.002077337,-0.000330027,0.814227318,46.651789,0.002077337,-0.000330027,46.651789,-0.000266593,0.330432202
wheel,1780713868.260447264,10.819075346,0.002077337,-0.000330027,0.814227318,46.651789,0.002077337,-0.000330027,46.651789,-0.000253263,0.327127880
wheel,1780713868.279983282,10.838611364,0.001978043,-0.000436692,0.828106192,47.446990,0.001978043,-0.000436692,47.446990,-0.000613550,0.330960417
wheel,1780713868.301990271,10.860618353,0.001978043,-0.000436692,0.836433517,47.924110,0.001978043,-0.000436692,47.924110,-0.000582873,0.331433406
wheel,1780713868.319491625,10.878119707,0.002075397,-0.000328253,0.841985067,48.242191,0.002075397,-0.000328253,48.242191,-0.000137389,0.331291184
wheel,1780713868.338899374,10.897527456,0.002123759,-0.000273753,0.847999246,48.586778,0.002123759,-0.000273753,48.586778,0.000057181,0.331076822
wheel,1780713868.359188795,10.917816877,0.002123759,-0.000273753,0.847999246,48.586778,0.002123759,-0.000273753,48.586778,0.000054322,0.327766054
wheel,1780713868.378943920,10.937572002,0.002171616,-0.000218808,0.860490233,49.302459,0.002171616,-0.000218808,49.302459,0.000236035,0.330811685
wheel,1780713868.402207613,10.960835695,0.002124270,-0.000274194,0.866504412,49.647046,0.002124270,-0.000274194,49.647046,0.000067645,0.330088524
wheel,1780713868.419569492,10.978197575,0.002124270,-0.000274194,0.872055962,49.965126,0.002124270,-0.000274194,49.965126,0.000064262,0.329985322
rtabmap,1780713868.430370092,11.599942923,-0.057596795,-0.000676214,-2.241438905,-128.424989,-0.013319386,-0.056457256,-51.791786,0.014006835,-0.328539491
wheel,1780713868.438906908,10.997534990,0.002170998,-0.000218286,0.877144883,50.256700,0.002170998,-0.000218286,50.256700,0.000249465,0.329317308
wheel,1780713868.458913088,11.017541170,0.002170998,-0.000218286,0.877144883,50.256700,0.002170998,-0.000218286,50.256700,0.000236992,0.326024135
wheel,1780713868.478911400,11.037539482,0.002217285,-0.000162013,0.887785354,50.866354,0.002217285,-0.000162013,50.866354,0.000407342,0.328085276
wheel,1780713868.498885870,11.057513952,0.002217285,-0.000162013,0.893336903,51.184434,0.002217285,-0.000162013,51.184434,0.000386975,0.327583447
wheel,1780713868.518902779,11.077530861,0.002171757,-0.000218902,0.898425824,51.476008,0.002171757,-0.000218902,51.476008,0.000185609,0.326850075
wheel,1780713868.538938761,11.097566843,0.002171757,-0.000218902,0.903977374,51.794088,0.002171757,-0.000218902,51.794088,0.000176328,0.326353255
wheel,1780713868.558972120,11.117600203,0.002171757,-0.000218902,0.903977374,51.794088,0.002171757,-0.000218902,51.794088,0.000167512,0.323089723
wheel,1780713868.578877687,11.137505770,0.002171757,-0.000218902,0.915080474,52.430249,0.002171757,-0.000218902,52.430249,0.000159136,0.325435309
wheel,1780713868.598922253,11.157550335,0.002171757,-0.000218902,0.921557282,52.801343,0.002171757,-0.000218902,52.801343,0.000151179,0.325412429
wheel,1780713868.618925810,11.177553892,0.002171757,-0.000218902,0.928034090,53.172437,0.002171757,-0.000218902,53.172437,0.000143620,0.325396867
rtabmap,1780713868.630210400,11.799783230,-0.061180152,0.000719054,-2.299573600,-131.755862,-0.015505271,-0.059620976,-55.122659,0.005674199,-0.290905714
wheel,1780713868.638919353,11.197547436,0.002128284,-0.000277377,0.934973528,53.570037,0.002128284,-0.000277377,53.570037,-0.000045760,0.325613365
wheel,1780713868.658877850,11.217505932,0.002128284,-0.000277377,0.934973528,53.570037,0.002128284,-0.000277377,53.570037,-0.000043472,0.322357231
wheel,1780713868.678868532,11.237496614,0.002042670,-0.000395304,0.950702919,54.471265,0.002042670,-0.000395304,54.471265,-0.000405784,0.327001926
wheel,1780713868.698955774,11.257583857,0.002084778,-0.000335840,0.958567615,54.921879,0.002084778,-0.000335840,54.921879,-0.000204046,0.327648896
wheel,1780713868.719219685,11.277847767,0.002126390,-0.000276027,0.967357569,55.425506,0.002126390,-0.000276027,55.425506,-0.000014113,0.328708768
wheel,1780713868.740337610,11.298965693,0.002167475,-0.000215850,0.976147523,55.929133,0.002167475,-0.000215850,55.929133,0.000159166,0.329585362
wheel,1780713868.758947849,11.317575932,0.002167475,-0.000215850,0.976147523,55.929133,0.002167475,-0.000215850,55.929133,0.000151208,0.326289509
wheel,1780713868.779580832,11.338208914,0.002248050,-0.000094424,0.993727431,56.936388,0.002248050,-0.000094424,56.936388,0.000496775,0.331546514
rtabmap,1780713868.797020674,11.966593504,-0.064682513,0.003066302,-2.371435802,-135.873263,-0.018598623,-0.062485812,-59.240060,0.003485438,-0.430802703
wheel,1780713868.799452782,11.358080864,0.002248050,-0.000094424,1.002054756,57.413508,0.002248050,-0.000094424,57.413508,0.000471936,0.332421994
wheel,1780713868.821203470,11.379831553,0.002326023,0.000028690,1.010382080,57.890629,0.002326023,0.000028690,57.890629,0.000783299,0.332925888
wheel,1780713868.838918209,11.397546291,0.002402969,0.000152448,1.018709405,58.367749,0.002402969,0.000152448,58.367749,0.001155503,0.334297987
wheel,1780713868.858965874,11.417593956,0.002402969,0.000152448,1.018709405,58.367749,0.002402969,0.000152448,58.367749,0.001097728,0.330955008
wheel,1780713868.878890276,11.437518358,0.002402969,0.000152448,1.033513538,59.215964,0.002402969,0.000152448,59.215964,0.001042842,0.335074365
wheel,1780713868.898917437,11.457545519,0.002402969,0.000152448,1.040915605,59.640071,0.002402969,0.000152448,59.640071,0.000990699,0.335419635
wheel,1780713868.918891668,11.477519751,0.002366359,0.000089448,1.047855042,60.037671,0.002366359,0.000089448,60.037671,0.000758758,0.335539841
wheel,1780713868.938923120,11.497551203,0.002402531,0.000152700,1.054794480,60.435272,0.002402531,0.000152700,60.435272,0.000902688,0.335648589
wheel,1780713868.958919048,11.517547131,0.002402531,0.000152700,1.054794480,60.435272,0.002402531,0.000152700,60.435272,0.000857554,0.332292104
rtabmap,1780713868.963667154,12.133239985,-0.067709692,0.007068728,-2.433672533,-139.439165,-0.023192459,-0.064505687,-62.805962,-0.003683052,-0.373465806
wheel,1780713868.979171991,11.537800074,0.002402531,0.000152700,1.067748096,61.177459,0.002402531,0.000152700,61.177459,0.000814676,0.335364348
wheel,1780713868.998900414,11.557528496,0.002332689,0.000024799,1.074224904,61.548553,0.002332689,0.000024799,61.548553,0.000404562,0.335294084
wheel,1780713869.018892765,11.577520847,0.002298198,-0.000039385,1.081164342,61.946154,0.002298198,-0.000039385,61.946154,0.000202126,0.335411776
wheel,1780713869.040055037,11.598683119,0.002298198,-0.000039385,1.087641150,62.317248,0.002298198,-0.000039385,62.317248,0.000192019,0.335118375
wheel,1780713869.059361935,11.617990017,0.002298198,-0.000039385,1.087641150,62.317248,0.002298198,-0.000039385,62.317248,0.000182418,0.331767192
wheel,1780713869.079000235,11.637628317,0.002298198,-0.000039385,1.100594766,63.059435,0.002298198,-0.000039385,63.059435,0.000173298,0.335045939
wheel,1780713869.099119663,11.657747746,0.002298198,-0.000039385,1.107071574,63.430529,0.002298198,-0.000039385,63.430529,0.000164633,0.334914813
wheel,1780713869.118885040,11.677513123,0.002265834,-0.000104667,1.114011012,63.828129,0.002265834,-0.000104667,63.828129,-0.000027902,0.335076189
rtabmap,1780713869.130315542,12.299888372,-0.071538210,0.010027409,-2.488396869,-142.574638,-0.026956082,-0.067546491,-65.941435,0.005908772,-0.328382283
wheel,1780713869.138874054,11.697502136,0.002233862,-0.000170142,1.119099932,64.119703,0.002233862,-0.000170142,64.119703,-0.000208771,0.334271347
wheel,1780713869.159002066,11.717630148,0.002233862,-0.000170142,1.119099932,64.119703,0.002233862,-0.000170142,64.119703,-0.000198333,0.330928634
wheel,1780713869.178914547,11.737542629,0.002265287,-0.000104403,1.130665661,64.782370,0.002265287,-0.000104403,64.782370,-0.000005536,0.333425056
wheel,1780713869.198911428,11.757539511,0.002265287,-0.000104403,1.136217211,65.100451,0.002265287,-0.000104403,65.100451,-0.000005259,0.332867014
wheel,1780713869.218902349,11.777530432,0.002326276,0.000027949,1.141768761,65.418531,0.002326276,0.000027949,65.418531,0.000359420,0.332314849
wheel,1780713869.238866806,11.797494888,0.002296134,-0.000038388,1.146857682,65.710105,0.002296134,-0.000038388,65.710105,0.000158978,0.331540508
wheel,1780713869.259047031,11.817675114,0.002296134,-0.000038388,1.146857682,65.710105,0.002296134,-0.000038388,65.710105,0.000151029,0.328225103
wheel,1780713869.278929472,11.837557554,0.002325723,0.000028198,1.158423411,66.372772,0.002325723,0.000028198,66.372772,0.000326662,0.330758236
rtabmap,1780713869.297077417,12.466650248,-0.074015386,0.012085877,-2.536270323,-145.317585,-0.029531470,-0.069480675,-68.684382,0.004295077,-0.287077159
wheel,1780713869.299219847,11.857847929,0.002325723,0.000028198,1.163974961,66.690853,0.002325723,0.000028198,66.690853,0.000310329,0.330186704
wheel,1780713869.318881512,11.877509594,0.002325723,0.000028198,1.169526511,67.008933,0.002325723,0.000028198,67.008933,0.000294812,0.329708343
wheel,1780713869.338986158,11.897614241,0.002353981,0.000095359,1.175540690,67.353520,0.002353981,0.000095359,67.353520,0.000461271,0.329402484
wheel,1780713869.358893394,11.917521477,0.002577432,0.000633743,1.179241723,67.565574,0.002577432,0.000633743,67.565574,0.001902368,0.327967710
wheel,1780713869.378910303,11.937538385,0.002357472,0.000093923,1.188494306,68.095708,0.002357472,0.000093923,68.095708,0.000351077,0.329310802
wheel,1780713869.398925781,11.957553864,0.002357472,0.000093923,1.194971114,68.466801,0.002357472,0.000093923,68.466801,0.000333523,0.329254249
wheel,1780713869.418923378,11.977551460,0.002357472,0.000093923,1.202373181,68.890909,0.002357472,0.000093923,68.890909,0.000316847,0.329662303
wheel,1780713869.439723253,11.998351336,0.002357472,0.000093923,1.210700506,69.368029,0.002357472,0.000093923,69.368029,0.000301005,0.330369042
wheel,1780713869.459030390,12.017658472,0.002357472,0.000093923,1.210700506,69.368029,0.002357472,0.000093923,69.368029,0.000285954,0.327065351
wheel,1780713869.478952408,12.037580490,0.002407747,0.000230705,1.226429897,70.269257,0.002407747,0.000230705,70.269257,0.000637495,0.331692163
wheel,1780713869.500463724,12.059091806,0.002432045,0.000299398,1.235219851,70.772884,0.002432045,0.000299398,70.772884,0.000774941,0.332460446
wheel,1780713869.518915176,12.077543259,0.002432045,0.000299398,1.242621918,71.196991,0.002432045,0.000299398,71.196991,0.000736194,0.333148678
wheel,1780713869.538882256,12.097510338,0.002432045,0.000299398,1.250023984,71.621099,0.002432045,0.000299398,71.621099,0.000699384,0.333523176
wheel,1780713869.558896542,12.117524624,0.002432045,0.000299398,1.250023984,71.621099,0.002432045,0.000299398,71.621099,0.000664415,0.330187944
rtabmap,1780713869.563933372,12.733506203,-0.077124022,0.015063599,-2.633340096,-150.879274,-0.033147193,-0.071816696,-74.246071,0.003229780,-0.363753259
wheel,1780713869.578907251,12.137535334,0.002500054,0.000507142,1.258813938,72.124726,0.002500054,0.000507142,72.124726,0.001177350,0.331278428
wheel,1780713869.598975897,12.157603979,0.002500054,0.000507142,1.261589713,72.283766,0.002500054,0.000507142,72.283766,0.001118483,0.329349178
wheel,1780713869.618917227,12.177545309,0.002500054,0.000507142,1.262514971,72.336779,0.002500054,0.000507142,72.336779,0.001062559,0.326519566
wheel,1780713869.638975382,12.197603464,0.002500054,0.000507142,1.261589713,72.283766,0.002500054,0.000507142,72.283766,0.001009431,0.322793104
wheel,1780713869.658950090,12.217578173,0.002500054,0.000507142,1.261589713,72.283766,0.002500054,0.000507142,72.283766,0.000958959,0.319565173
wheel,1780713869.678924561,12.237552643,0.002522307,0.000576524,1.259276567,72.151233,0.002522307,0.000576524,72.151233,0.001093409,0.315211443
wheel,1780713869.698890209,12.257518291,0.002522307,0.000576524,1.257426051,72.045206,0.002522307,0.000576524,72.045206,0.001038738,0.311132600
wheel,1780713869.720446587,12.279074669,0.002522307,0.000576524,1.256500792,71.992192,0.002522307,0.000576524,71.992192,0.000986801,0.307591976
wheel,1780713869.738881826,12.297509909,0.002522307,0.000576524,1.255575534,71.939179,0.002522307,0.000576524,71.939179,0.000937461,0.304014263
wheel,1780713869.758883715,12.317511797,0.002522307,0.000576524,1.255575534,71.939179,0.002522307,0.000576524,71.939179,0.000890588,0.300974120
wheel,1780713869.778886795,12.337514877,0.002499670,0.000507266,1.254187646,71.859659,0.002499670,0.000507266,71.859659,0.000663920,0.297270518
rtabmap,1780713869.797339439,12.966912270,-0.075812005,0.011039780,-2.630773131,-150.732197,-0.028929062,-0.071470464,-74.098994,0.003479018,0.010998242
wheel,1780713869.798922539,12.357550621,0.002522371,0.000576503,1.253725017,71.833152,0.002522371,0.000576503,71.833152,0.000812592,0.294066869
wheel,1780713869.818928242,12.377556324,0.002522371,0.000576503,1.253725017,71.833152,0.002522371,0.000576503,71.833152,0.000771962,0.291126201
wheel,1780713869.838885784,12.397513866,0.002522371,0.000576503,1.253725017,71.833152,0.002522371,0.000576503,71.833152,0.000733364,0.288214939
wheel,1780713869.860238314,12.418866396,0.002522371,0.000576503,1.253725017,71.833152,0.002522371,0.000576503,71.833152,0.000696696,0.285332789
wheel,1780713869.882254601,12.440882683,0.002522371,0.000576503,1.253725017,71.833152,0.002522371,0.000576503,71.833152,0.000661861,0.282479461
wheel,1780713869.898906946,12.457535028,0.002522371,0.000576503,1.253725017,71.833152,0.002522371,0.000576503,71.833152,0.000628768,0.279654667
wheel,1780713869.918901443,12.477529526,0.002522371,0.000576503,1.253725017,71.833152,0.002522371,0.000576503,71.833152,0.000597330,0.276858120
wheel,1780713869.938976765,12.497604847,0.002545105,0.000645730,1.253262388,71.806645,0.002545105,0.000645730,71.806645,0.000748817,0.273859248
wheel,1780713869.959359407,12.517987490,0.002545105,0.000645730,1.253262388,71.806645,0.002545105,0.000645730,71.806645,0.000711376,0.271120655
rtabmap,1780713869.963949203,13.133522034,-0.076448247,0.011991297,-2.629221658,-150.643304,-0.030001891,-0.071869495,-74.010102,0.000539196,0.009312237
wheel,1780713869.978874922,12.537503004,0.002545105,0.000645730,1.252337130,71.753632,0.002545105,0.000645730,71.753632,0.000675807,0.267935358
wheel,1780713869.999392271,12.558020353,0.002545105,0.000645730,1.252337130,71.753632,0.002545105,0.000645730,71.753632,0.000642017,0.265256004
wheel,1780713870.018934727,12.577562809,0.002545105,0.000645730,1.251411872,71.700619,0.002545105,0.000645730,71.700619,0.000609916,0.262129683
wheel,1780713870.040247679,12.598875761,0.002522211,0.000576556,1.250949242,71.674112,0.002522211,0.000576556,71.674112,0.000408574,0.259291438
wheel,1780713870.058948040,12.617576122,0.002522211,0.000576556,1.250949242,71.674112,0.002522211,0.000576556,71.674112,0.000388145,0.256698524
wheel,1780713870.078872681,12.637500763,0.002522211,0.000576556,1.249098726,71.568085,0.002522211,0.000576556,71.568085,0.000368738,0.253202758
rtabmap,1780713870.097085714,13.266658545,-0.075370580,0.010715906,-2.624713883,-150.385028,-0.028511910,-0.071115872,-73.751825,-0.002358657,0.033858448
wheel,1780713870.098894119,12.657522202,0.002499125,0.000507446,1.247710838,71.488565,0.002499125,0.000507446,71.488565,0.000168325,0.249977489
wheel,1780713870.118931770,12.677559853,0.002475944,0.000438368,1.246322951,71.409045,0.002475944,0.000438368,71.409045,-0.000021927,0.246785008
wheel,1780713870.138885975,12.697514057,0.002475944,0.000438368,1.244472434,71.303018,0.002475944,0.000438368,71.303018,-0.000020830,0.243389920
wheel,1780713870.158917904,12.717545986,0.002475944,0.000438368,1.244472434,71.303018,0.002475944,0.000438368,71.303018,-0.000019789,0.240956021
wheel,1780713870.178939819,12.737567902,0.002499477,0.000507327,1.239383513,71.011445,0.002499477,0.000507327,71.011445,0.000163118,0.236005391
wheel,1780713870.198902607,12.757530689,0.002499477,0.000507327,1.235682480,70.799391,0.002499477,0.000507327,70.799391,0.000154962,0.231791437
wheel,1780713870.218885422,12.777513504,0.002475402,0.000438555,1.232444076,70.613844,0.002475402,0.000438555,70.613844,-0.000035101,0.227852947
rtabmap,1780713870.230204344,13.399777174,-0.074643582,0.010628728,-2.606097193,-149.318370,-0.028259024,-0.070428723,-72.685167,-0.004424247,0.139850542
wheel,1780713870.240122557,12.798750639,0.002499699,0.000507249,1.229205672,70.428297,0.002499699,0.000507249,70.428297,0.000138230,0.224049300
wheel,1780713870.258928776,12.817556858,0.002499699,0.000507249,1.229205672,70.428297,0.002499699,0.000507249,70.428297,0.000131319,0.221808807
wheel,1780713870.278922558,12.837550640,0.002475021,0.000438691,1.221340976,69.977683,0.002475021,0.000438691,69.977683,-0.000057458,0.215657289
wheel,1780713870.298909903,12.857537985,0.002449931,0.000370283,1.217177314,69.739123,0.002449931,0.000370283,69.739123,-0.000236847,0.211417716
wheel,1780713870.319407225,12.878035307,0.002424525,0.000301992,1.212088393,69.447549,0.002424525,0.000301992,69.447549,-0.000402725,0.206821103
wheel,1780713870.339454174,12.898082256,0.002398771,0.000233831,1.206999472,69.155976,0.002398771,0.000233831,69.155976,-0.000564339,0.202214149
wheel,1780713870.358873606,12.917501688,0.002398771,0.000233831,1.206999472,69.155976,0.002398771,0.000233831,69.155976,-0.000536122,0.200192007
wheel,1780713870.378940821,12.937568903,0.002398771,0.000233831,1.196821631,68.572828,0.002398771,0.000233831,68.572828,-0.000509316,0.193117609
wheel,1780713870.398898602,12.957526684,0.002371980,0.000166071,1.191732710,68.281255,0.002371980,0.000166071,68.281255,-0.000666379,0.188636834
wheel,1780713870.418886662,12.977514744,0.002317678,0.000030838,1.186181160,67.963174,0.002317678,0.000030838,67.963174,-0.000997580,0.183973165
rtabmap,1780713870.430124998,13.599697828,-0.072752953,0.008558207,-2.555908154,-146.442750,-0.025807510,-0.069067982,-69.809547,-0.002848407,0.251044840
wheel,1780713870.439097881,12.997725964,0.002290136,-0.000036620,1.180166981,67.618587,0.002290136,-0.000036620,67.618587,-0.001127983,0.179157348
wheel,1780713870.458882570,13.017510653,0.002290136,-0.000036620,1.180166981,67.618587,0.002290136,-0.000036620,67.618587,-0.001071584,0.177365775
wheel,1780713870.478914738,13.037542820,0.002205548,-0.000238183,1.166750736,66.849893,0.002205548,-0.000238183,66.849893,-0.001563673,0.168893969
wheel,1780713870.498888969,13.057517052,0.002205548,-0.000238183,1.159348669,66.425786,0.002205548,-0.000238183,66.425786,-0.001485490,0.163499443
wheel,1780713870.518908262,13.077536345,0.002205548,-0.000238183,1.151946603,66.001679,0.002205548,-0.000238183,66.001679,-0.001411215,0.158167026
wheel,1780713870.538933992,13.097562075,0.002205548,-0.000238183,1.143619278,65.524558,0.002205548,-0.000238183,65.524558,-0.001340654,0.152427191
wheel,1780713870.558912039,13.117540121,0.002205548,-0.000238183,1.143619278,65.524558,0.002205548,-0.000238183,65.524558,-0.001273622,0.150902919
wheel,1780713870.579755306,13.138383389,0.002174825,-0.000304253,1.127427257,64.596824,0.002174825,-0.000304253,64.596824,-0.001384749,0.141624625
rtabmap,1780713870.596949100,13.766521931,-0.069733351,0.005698279,-2.490486691,-142.694376,-0.022326973,-0.066791352,-66.061173,-0.005607419,0.392157584
wheel,1780713870.601483583,13.160111666,0.002174825,-0.000304253,1.118174674,64.066690,0.002174825,-0.000304253,64.066690,-0.001315512,0.135950158
wheel,1780713870.618895292,13.177523375,0.002174825,-0.000304253,1.110772608,63.642582,0.002174825,-0.000304253,63.642582,-0.001249736,0.130339980
wheel,1780713870.638894320,13.197522402,0.002142219,-0.000369415,1.102907912,63.191969,0.002142219,-0.000369415,63.191969,-0.001369416,0.125104088
wheel,1780713870.658890486,13.217518568,0.002142219,-0.000369415,1.102907912,63.191969,0.002142219,-0.000369415,63.191969,-0.001300945,0.123853047
wheel,1780713870.680719852,13.239347935,0.002042057,-0.000563709,1.086715891,62.264234,0.002042057,-0.000563709,62.264234,-0.001736631,0.115196247
wheel,1780713870.698908329,13.257536411,0.001973699,-0.000692410,1.078388567,61.787114,0.001973699,-0.000692410,61.787114,-0.002050374,0.109466292
wheel,1780713870.718923807,13.277551889,0.002008398,-0.000628338,1.070523871,61.336500,0.002008398,-0.000628338,61.336500,-0.001765825,0.104442088
wheel,1780713870.738944769,13.297572851,0.001937965,-0.000755915,1.062196546,60.859379,0.001937965,-0.000755915,60.859379,-0.002041555,0.099237423
wheel,1780713870.758907557,13.317535639,0.001937965,-0.000755915,1.062196546,60.859379,0.001937965,-0.000755915,60.859379,-0.001939477,0.098245049
wheel,1780713870.778898716,13.337526798,0.001757987,-0.001072676,1.046004526,59.931645,0.001757987,-0.001072676,59.931645,-0.002753718,0.089162911
wheel,1780713870.800833702,13.359461784,0.001794771,-0.001009778,1.037214572,59.428017,0.001794771,-0.001009778,59.428017,-0.002449941,0.084264006
wheel,1780713870.818922758,13.377550840,0.001832049,-0.000947172,1.030275134,59.030417,0.001832049,-0.000947172,59.030417,-0.002126011,0.079584547
rtabmap,1780713870.830142260,13.999715090,-0.067110814,0.002233159,-2.392750123,-137.094483,-0.018349435,-0.065040940,-60.461281,0.000060418,0.419123143
wheel,1780713870.838915825,13.397543907,0.001945269,-0.000760186,1.022410438,58.579803,0.001945269,-0.000760186,58.579803,-0.001473099,0.074855412
wheel,1780713870.858918905,13.417546988,0.001945269,-0.000760186,1.022410438,58.579803,0.001945269,-0.000760186,58.579803,-0.001399444,0.074106858
wheel,1780713870.878923416,13.437551498,0.001945269,-0.000760186,1.007606305,57.731589,0.001945269,-0.000760186,57.731589,-0.001329472,0.065966362
wheel,1780713870.900216103,13.458844185,0.001984412,-0.000698729,0.999741610,57.280975,0.001984412,-0.000698729,57.280975,-0.001091886,0.061612837
wheel,1780713870.919051170,13.477679253,0.002103118,-0.000515176,0.993727431,56.936388,0.002103118,-0.000515176,56.936388,-0.000457048,0.057803835
wheel,1780713870.938933134,13.497561216,0.002223010,-0.000332397,0.986787993,56.538787,0.002223010,-0.000332397,56.538787,0.000115628,0.053734851
wheel,1780713870.959578276,13.518206358,0.002223010,-0.000332397,0.986787993,56.538787,0.002223010,-0.000332397,56.538787,0.000109847,0.053197503
wheel,1780713870.978880644,13.537508726,0.002304091,-0.000211307,0.974759635,55.849613,0.002304091,-0.000211307,55.849613,0.000481847,0.046433905
wheel,1780713870.998924255,13.557552338,0.002304091,-0.000211307,0.968282827,55.478519,0.002304091,-0.000211307,55.478519,0.000457755,0.042737786
wheel,1780713871.018915176,13.577543259,0.002304091,-0.000211307,0.962731277,55.160439,0.002304091,-0.000211307,55.160439,0.000434867,0.039533008
rtabmap,1780713871.030342340,14.199915171,-0.061434757,-0.000131384,-2.324474205,-133.182562,-0.014736732,-0.060065292,-56.549359,-0.012726398,0.341038197
wheel,1780713871.039121628,13.597749710,0.002387729,-0.000091970,0.956254469,54.789345,0.002387729,-0.000091970,54.789345,0.000774105,0.035928953
wheel,1780713871.058884382,13.617512465,0.002387729,-0.000091970,0.956254469,54.789345,0.002387729,-0.000091970,54.789345,0.000735400,0.035569664
wheel,1780713871.079778194,13.638406277,0.002430085,-0.000032681,0.944688740,54.126678,0.002430085,-0.000032681,54.126678,0.000873005,0.029678234
wheel,1780713871.098924160,13.657552242,0.002344307,-0.000150490,0.938211932,53.755584,0.002344307,-0.000150490,53.755584,0.000448750,0.025998299
wheel,1780713871.118945360,13.677573442,0.002301051,-0.000209125,0.932197753,53.410997,0.002301051,-0.000209125,53.410997,0.000244116,0.022730614
wheel,1780713871.138893604,13.697521687,0.002213808,-0.000325853,0.925720945,53.039903,0.002213808,-0.000325853,53.039903,-0.000132841,0.019261074
wheel,1780713871.158898115,13.717526197,0.002213808,-0.000325853,0.925720945,53.039903,0.002213808,-0.000325853,53.039903,-0.000126199,0.019068463
rtabmap,1780713871.163541555,14.333114386,-0.059161507,-0.001402611,-2.280767999,-130.678380,-0.012974404,-0.058147511,-54.045178,-0.004719951,0.328126669
wheel,1780713871.179612160,13.738240242,0.002081129,-0.000499573,0.911379441,52.218195,0.002081129,-0.000499573,52.218195,-0.000647502,0.011954612
wheel,1780713871.199779510,13.758407593,0.001991369,-0.000614377,0.903052116,51.741075,0.001991369,-0.000614377,51.741075,-0.000976535,0.007704684
wheel,1780713871.218893528,13.777521610,0.001946025,-0.000671413,0.895187420,51.290461,0.001946025,-0.000671413,51.290461,-0.001118260,0.003514144
wheel,1780713871.238934040,13.797562122,0.001854418,-0.000784748,0.886860095,50.813340,0.001854418,-0.000784748,50.813340,-0.001425996,-0.000676984
wheel,1780713871.258914709,13.817542791,0.001854418,-0.000784748,0.886860095,50.813340,0.001854418,-0.000784748,50.813340,-0.001354696,-0.000670214
wheel,1780713871.278869390,13.837497473,0.001714856,-0.000952989,0.869742816,49.832593,0.001714856,-0.000952989,49.832593,-0.001834696,-0.009241794
wheel,1780713871.298883200,13.857511282,0.001714856,-0.000952989,0.861415492,49.355472,0.001714856,-0.000952989,49.355472,-0.001742961,-0.013310166
wheel,1780713871.318906307,13.877534389,0.001762534,-0.000897889,0.853550796,48.904858,0.001762534,-0.000897889,48.904858,-0.001473828,-0.017105622
rtabmap,1780713871.330445051,14.500017881,-0.056912795,-0.003332430,-2.209429243,-126.590971,-0.010576996,-0.056405861,-49.957768,-0.000013191,0.427425802
wheel,1780713871.338907480,13.897535563,0.001666289,-0.001007313,0.845223471,48.427738,0.001666289,-0.001007313,48.427738,-0.001764458,-0.021098232
wheel,1780713871.359843016,13.918471098,0.001666289,-0.001007313,0.845223471,48.427738,0.001666289,-0.001007313,48.427738,-0.001676235,-0.020887250
wheel,1780713871.378887415,13.937515497,0.001568684,-0.001115526,0.828568821,47.473497,0.001568684,-0.001115526,47.473497,-0.001975048,-0.029424094
wheel,1780713871.399245024,13.957873106,0.001568684,-0.001115526,0.820241497,46.996376,0.001568684,-0.001115526,46.996376,-0.001876296,-0.033220759
wheel,1780713871.418916702,13.977544785,0.001568684,-0.001115526,0.811914172,46.519255,0.001568684,-0.001115526,46.519255,-0.001782481,-0.037121705
wheel,1780713871.438905954,13.997534037,0.001568684,-0.001115526,0.803586847,46.042135,0.001568684,-0.001115526,46.042135,-0.001693357,-0.040916340
wheel,1780713871.458959579,14.017587662,0.001568684,-0.001115526,0.803586847,46.042135,0.001568684,-0.001115526,46.042135,-0.001608689,-0.040507176
wheel,1780713871.478876114,14.037504196,0.001415684,-0.001271646,0.787394826,45.114400,0.001415684,-0.001271646,45.114400,-0.002076940,-0.048230778
rtabmap,1780713871.497034550,14.666607380,-0.051941913,-0.006603710,-2.138825931,-122.545699,-0.006245146,-0.052325908,-45.912496,-0.002020460,0.423816413
wheel,1780713871.500258923,14.058887005,0.001415684,-0.001271646,0.779067502,44.637280,0.001415684,-0.001271646,44.637280,-0.001973093,-0.051643133
wheel,1780713871.518869877,14.077497959,0.001571830,-0.001118673,0.771202806,44.186666,0.001571830,-0.001118673,44.186666,-0.001287261,-0.055351894
wheel,1780713871.538955688,14.097583771,0.001781576,-0.000916303,0.763800739,43.762559,0.001781576,-0.000916303,43.762559,-0.000497267,-0.058484122
wheel,1780713871.558902979,14.117531061,0.001781576,-0.000916303,0.763800739,43.762559,0.001781576,-0.000916303,43.762559,-0.000472403,-0.057899281
wheel,1780713871.578905821,14.137533903,0.001728593,-0.000966322,0.749459235,42.940851,0.001728593,-0.000966322,42.940851,-0.000630870,-0.064488141
wheel,1780713871.598952293,14.157580376,0.001782105,-0.000916870,0.742519798,42.543251,0.001782105,-0.000916870,42.543251,-0.000417549,-0.067305676
wheel,1780713871.618908882,14.177536964,0.001835937,-0.000867764,0.736505619,42.198664,0.001835937,-0.000867764,42.198664,-0.000214146,-0.069645746
wheel,1780713871.638883114,14.197511196,0.001944212,-0.000770228,0.730028811,41.827570,0.001944212,-0.000770228,41.827570,0.000161339,-0.072191755
wheel,1780713871.658912659,14.217540741,0.001944212,-0.000770228,0.730028811,41.827570,0.001944212,-0.000770228,41.827570,0.000153272,-0.071469837
wheel,1780713871.678892136,14.237520218,0.002108004,-0.000625471,0.717537824,41.111889,0.002108004,-0.000625471,41.111889,0.000692618,-0.077006675
rtabmap,1780713871.697015285,14.866588116,-0.051100541,-0.004874945,-2.067672490,-118.468907,-0.007732568,-0.051107665,-41.835704,-0.009550516,0.355805665
wheel,1780713871.699533463,14.258161545,0.002163046,-0.000577726,0.711523645,40.767302,0.002163046,-0.000577726,40.767302,0.000834524,-0.079150873
wheel,1780713871.721191883,14.279819965,0.002107718,-0.000625139,0.705509465,40.422715,0.002107718,-0.000625139,40.422715,0.000624606,-0.081135860
wheel,1780713871.738873482,14.297501564,0.002163330,-0.000578060,0.699495286,40.078128,0.002163330,-0.000578060,40.078128,0.000799399,-0.083725512
wheel,1780713871.758898735,14.317526817,0.002163330,-0.000578060,0.699495286,40.078128,0.002163330,-0.000578060,40.078128,0.000759429,-0.082888257
wheel,1780713871.778913736,14.337541819,0.002275442,-0.000484959,0.686541670,39.335940,0.002275442,-0.000484959,39.335940,0.001085531,-0.088531791
wheel,1780713871.798886538,14.357514620,0.002331958,-0.000438969,0.679602233,38.938340,0.002331958,-0.000438969,38.938340,0.001213645,-0.091120585
wheel,1780713871.820353985,14.378982067,0.002218269,-0.000530137,0.672200166,38.514233,0.002218269,-0.000530137,38.514233,0.000813391,-0.093658992
wheel,1780713871.839619398,14.398247480,0.002046634,-0.000665503,0.663410212,38.010605,0.002046634,-0.000665503,38.010605,0.000205636,-0.097283096
wheel,1780713871.858919382,14.417547464,0.002046634,-0.000665503,0.663410212,38.010605,0.002046634,-0.000665503,38.010605,0.000195354,-0.096310265
wheel,1780713871.878889322,14.437517405,0.001988884,-0.000709934,0.648143450,37.135884,0.001988884,-0.000709934,37.135884,0.000003134,-0.102992764
wheel,1780713871.898906708,14.457534790,0.001988884,-0.000709934,0.640741383,36.711777,0.001988884,-0.000709934,36.711777,0.000002978,-0.105661184
wheel,1780713871.919212818,14.477840900,0.001930282,-0.000753234,0.631951429,36.208150,0.001930282,-0.000753234,36.208150,-0.000176564,-0.108932787
wheel,1780713871.939349174,14.497977257,0.001812300,-0.000838774,0.622698846,35.678016,0.001812300,-0.000838774,35.678016,-0.000529555,-0.112437988
wheel,1780713871.959382772,14.518010855,0.001812300,-0.000838774,0.622698846,35.678016,0.001812300,-0.000838774,35.678016,-0.000503078,-0.111313608
wheel,1780713871.979156017,14.537784100,0.001693220,-0.000922778,0.606044197,34.723775,0.001693220,-0.000922778,34.723775,-0.000846507,-0.118625223
wheel,1780713872.000265837,14.558893919,0.001753290,-0.000881537,0.597254243,34.220147,0.001753290,-0.000881537,34.220147,-0.000631639,-0.121601901
wheel,1780713872.018884897,14.577512980,0.001813719,-0.000840825,0.588464289,33.716520,0.001813719,-0.000840825,33.716520,-0.000404416,-0.125106100
wheel,1780713872.038879156,14.597507238,0.001813719,-0.000840825,0.579211705,33.186386,0.001813719,-0.000840825,33.186386,-0.000384195,-0.128482494
wheel,1780713872.058911324,14.617539406,0.001813719,-0.000840825,0.579211705,33.186386,0.001813719,-0.000840825,33.186386,-0.000364986,-0.127197669
rtabmap,1780713872.063838243,15.233411074,-0.043328151,-0.006671412,-1.919175344,-109.960647,-0.004187913,-0.043961144,-33.327444,-0.005794957,0.404818535
wheel,1780713872.078887939,14.637516022,0.001813719,-0.000840825,0.562557056,32.232145,0.001813719,-0.000840825,32.232145,-0.000346736,-0.134262765
wheel,1780713872.100302696,14.658930779,0.001875507,-0.000802206,0.554692360,31.781531,0.001875507,-0.000802206,31.781531,-0.000159283,-0.136592492
wheel,1780713872.120295048,14.678923130,0.001875507,-0.000802206,0.546365035,31.304411,0.001875507,-0.000802206,31.304411,-0.000151319,-0.139391921
wheel,1780713872.138894558,14.697522640,0.001813085,-0.000839791,0.537575081,30.800783,0.001813085,-0.000839791,30.800783,-0.000339637,-0.142724090
wheel,1780713872.158890963,14.717519045,0.001813085,-0.000839791,0.537575081,30.800783,0.001813085,-0.000839791,30.800783,-0.000322655,-0.141296849
wheel,1780713872.178895950,14.737524033,0.002064666,-0.000692639,0.520920432,29.846542,0.002064666,-0.000692639,29.846542,0.000421920,-0.148208931
wheel,1780713872.198892832,14.757520914,0.002318132,-0.000548759,0.511667848,29.316408,0.002318132,-0.000548759,29.316408,0.001129630,-0.151354186
wheel,1780713872.218891144,14.777519226,0.002445395,-0.000477758,0.506116299,28.998328,0.002445395,-0.000477758,28.998328,0.001437465,-0.152616388
wheel,1780713872.238907576,14.797535658,0.002381527,-0.000512831,0.498251603,28.547714,0.002381527,-0.000512831,28.547714,0.001183566,-0.155019672
wheel,1780713872.258896351,14.817524433,0.002381527,-0.000512831,0.498251603,28.547714,0.002381527,-0.000512831,28.547714,0.001124388,-0.153469475
wheel,1780713872.278897047,14.837525129,0.002445764,-0.000478440,0.484835357,27.779020,0.002445764,-0.000478440,27.779020,0.001250333,-0.158643069
rtabmap,1780713872.297163248,15.466736078,-0.034610011,-0.005813556,-1.825422962,-104.589032,-0.003007034,-0.035280856,-27.955829,-0.016211187,0.401809812
wheel,1780713872.298950672,14.857578754,0.002574917,-0.000410939,0.478358549,27.407926,0.002574917,-0.000410939,27.407926,0.001551210,-0.160286805
wheel,1780713872.318908691,14.877536774,0.002769274,-0.000310900,0.472344370,27.063339,0.002769274,-0.000310900,27.063339,0.002021188,-0.161696848
wheel,1780713872.338869572,14.897497654,0.002834259,-0.000277944,0.466330191,26.718752,0.002834259,-0.000277944,26.718752,0.002102635,-0.163092683
wheel,1780713872.358921289,14.917549372,0.002834259,-0.000277944,0.466330191,26.718752,0.002834259,-0.000277944,26.718752,0.001997504,-0.161461756
wheel,1780713872.378885746,14.937513828,0.002703700,-0.000342681,0.454301833,26.029578,0.002703700,-0.000342681,26.029578,0.001532655,-0.165872097
wheel,1780713872.398955345,14.957583427,0.002638130,-0.000374460,0.448287654,25.684991,0.002638130,-0.000374460,25.684991,0.001274422,-0.167211212
wheel,1780713872.418888807,14.977516890,0.002309626,-0.000531985,0.445974508,25.552457,0.002309626,-0.000531985,25.552457,0.000297122,-0.166699201
wheel,1780713872.438894987,14.997523069,0.002902629,-0.000252001,0.436259296,24.995816,0.002902629,-0.000252001,24.995816,0.001920987,-0.169887678
wheel,1780713872.458879709,15.017507792,0.002902629,-0.000252001,0.436259296,24.995816,0.002902629,-0.000252001,24.995816,0.001824938,-0.168188801
wheel,1780713872.479134083,15.037762165,0.002770153,-0.000312722,0.423305679,24.253629,0.002770153,-0.000312722,24.253629,0.001373899,-0.172903207
rtabmap,1780713872.496904612,15.666477442,-0.031965908,-0.004693969,-1.760727136,-100.882234,-0.003485017,-0.032449551,-24.249031,-0.008758817,0.323898852
wheel,1780713872.498872995,15.057501078,0.002570503,-0.000401730,0.415440984,23.803015,0.002570503,-0.000401730,23.803015,0.000751562,-0.175158055
wheel,1780713872.519009590,15.077637672,0.002637271,-0.000372554,0.408501546,23.405415,0.002637271,-0.000372554,23.405415,0.000894917,-0.176852820
wheel,1780713872.538891315,15.097519398,0.002637271,-0.000372554,0.400174221,22.928294,0.002637271,-0.000372554,22.928294,0.000850171,-0.179272774
wheel,1780713872.558908939,15.117537022,0.002637271,-0.000372554,0.400174221,22.928294,0.002637271,-0.000372554,22.928294,0.000807663,-0.177480046
wheel,1780713872.578902960,15.137531042,0.002839315,-0.000289121,0.383056943,21.947546,0.002839315,-0.000289121,21.947546,0.001313911,-0.184266241
wheel,1780713872.598975658,15.157603741,0.002703897,-0.000342963,0.373804359,21.417412,0.002703897,-0.000342963,21.417412,0.000885054,-0.187035141
wheel,1780713872.619448423,15.178076506,0.002500051,-0.000421888,0.365014405,20.913785,0.002500051,-0.000421888,20.913785,0.000306723,-0.189460027
wheel,1780713872.638912439,15.197540522,0.002568229,-0.000396178,0.356224451,20.410158,0.002568229,-0.000396178,20.410158,0.000478389,-0.192077229
wheel,1780713872.660157681,15.218785763,0.002568229,-0.000396178,0.356224451,20.410158,0.002568229,-0.000396178,20.410158,0.000454470,-0.190156456
rtabmap,1780713872.663702488,15.833275318,-0.026105713,-0.004052123,-1.685484466,-96.571146,-0.002754692,-0.026599724,-19.937943,-0.010411738,0.451102406
wheel,1780713872.678938389,15.237566471,0.002568229,-0.000396178,0.337719285,19.349890,0.002568229,-0.000396178,19.349890,0.000431746,-0.198102676
wheel,1780713872.702408314,15.261036396,0.002499375,-0.000420018,0.328929331,18.846262,0.002499375,-0.000420018,18.846262,0.000254962,-0.199866087
wheel,1780713872.718895674,15.277523756,0.002361243,-0.000466454,0.319676748,18.316128,0.002361243,-0.000466454,18.316128,-0.000199764,-0.203479838
wheel,1780713872.738938808,15.297566891,0.002430516,-0.000443860,0.310886794,17.812501,0.002430516,-0.000443860,17.812501,-0.000007990,-0.205830976
wheel,1780713872.758889675,15.317517757,0.002430516,-0.000443860,0.310886794,17.812501,0.002430516,-0.000443860,17.812501,-0.000007591,-0.203772666
wheel,1780713872.778917789,15.337545872,0.002430516,-0.000443860,0.293306886,16.805247,0.002430516,-0.000443860,16.805247,-0.000007211,-0.210513182
wheel,1780713872.798973799,15.357601881,0.002290837,-0.000485412,0.284979561,16.328126,0.002290837,-0.000485412,16.328126,-0.000370262,-0.212561319
wheel,1780713872.818912268,15.377540350,0.002220822,-0.000505589,0.276189607,15.824499,0.002220822,-0.000505589,15.824499,-0.000534423,-0.214843087
wheel,1780713872.838935852,15.397563934,0.002291012,-0.000486028,0.267399653,15.320872,0.002291012,-0.000486028,15.320872,-0.000325756,-0.217084456
wheel,1780713872.858902454,15.417530537,0.002291012,-0.000486028,0.267399653,15.320872,0.002291012,-0.000486028,15.320872,-0.000309468,-0.214913612
wheel,1780713872.878902674,15.437530756,0.002572741,-0.000411362,0.250745003,14.366630,0.002572741,-0.000411362,14.366630,0.000434708,-0.221092503
wheel,1780713872.898920536,15.457548618,0.003067044,-0.000285606,0.247506599,14.181084,0.003067044,-0.000285606,14.181084,0.001687047,-0.220499451
wheel,1780713872.918900013,15.477528095,0.002218047,-0.000494713,0.235478241,13.491909,0.002218047,-0.000494713,13.491909,-0.000585082,-0.224313736
wheel,1780713872.939701080,15.498329163,0.002076231,-0.000528253,0.229001433,13.120816,0.002076231,-0.000528253,13.120816,-0.000906106,-0.225184182
wheel,1780713872.959044933,15.517673016,0.002076231,-0.000528253,0.229001433,13.120816,0.002076231,-0.000528253,13.120816,-0.000860801,-0.222932340
wheel,1780713872.978910208,15.537538290,0.002147303,-0.000512189,0.215585187,12.352121,0.002147303,-0.000512189,12.352121,-0.000634492,-0.227451936
wheel,1780713872.998921156,15.557549238,0.002147303,-0.000512189,0.209108379,11.981028,0.002147303,-0.000512189,11.981028,-0.000602768,-0.228414589
wheel,1780713873.018916130,15.577544212,0.002004665,-0.000542045,0.203556829,11.662947,0.002004665,-0.000542045,11.662947,-0.000936985,-0.228906485
rtabmap,1780713873.030556202,16.200129032,-0.018366266,-0.002678454,-1.535230830,-87.962247,-0.002301911,-0.018752368,-11.329044,-0.006134106,0.409574240
wheel,1780713873.038901567,15.597529650,0.001933262,-0.000556560,0.197542650,11.318360,0.001933262,-0.000556560,11.318360,-0.001072437,-0.229626844
wheel,1780713873.058897972,15.617526054,0.001933262,-0.000556560,0.197542650,11.318360,0.001933262,-0.000556560,11.318360,-0.001018816,-0.227330576
wheel,1780713873.078909874,15.637537956,0.002004790,-0.000542673,0.185976921,10.655693,0.002004790,-0.000542673,10.655693,-0.000785825,-0.230836627
wheel,1780713873.098901510,15.657529593,0.001933142,-0.000555931,0.179962742,10.311106,0.001933142,-0.000555931,10.311106,-0.000928785,-0.231536859
wheel,1780713873.118907928,15.677536011,0.001933142,-0.000555931,0.174411192,9.993025,0.001933142,-0.000555931,9.993025,-0.000882346,-0.231996540
wheel,1780713873.138886213,15.697514296,0.001861340,-0.000568325,0.167471755,9.595425,0.001861340,-0.000568325,9.595425,-0.001020568,-0.233149692
wheel,1780713873.158921003,15.717549086,0.001861340,-0.000568325,0.167471755,9.595425,0.001861340,-0.000568325,9.595425,-0.000969539,-0.230818195
wheel,1780713873.179855824,15.738483906,0.001717486,-0.000591619,0.153592880,8.800224,0.001717486,-0.000591619,8.800224,-0.001269027,-0.235137917
wheel,1780713873.199018478,15.757646561,0.001789530,-0.000580722,0.146653443,8.402623,0.001789530,-0.000580722,8.402623,-0.001015295,-0.236410938
wheel,1780713873.218933821,15.777561903,0.001861654,-0.000570358,0.138788747,7.952009,0.001861654,-0.000570358,7.952009,-0.000781733,-0.237992917
rtabmap,1780713873.230475426,16.400048256,-0.011573302,-0.001304312,-1.467161167,-84.062143,-0.002068402,-0.011825745,-7.428940,-0.005660924,0.340486735
wheel,1780713873.238902569,15.797530651,0.001861654,-0.000570358,0.130461422,7.474889,0.001861654,-0.000570358,7.474889,-0.000742647,-0.239783116
wheel,1780713873.258906364,15.817534447,0.001861654,-0.000570358,0.130461422,7.474889,0.001861654,-0.000570358,7.474889,-0.000705514,-0.237385285
wheel,1780713873.278881311,15.837509394,0.001861654,-0.000570358,0.113806773,6.520648,0.001861654,-0.000570358,6.520648,-0.000670239,-0.243348306
wheel,1780713873.298898458,15.857526541,0.001934078,-0.000562368,0.105942077,6.070034,0.001934078,-0.000562368,6.070034,-0.000454701,-0.244844270
wheel,1780713873.318931818,15.877559900,0.002006567,-0.000554981,0.097152123,5.566407,0.002006567,-0.000554981,5.566407,-0.000250027,-0.246785471
wheel,1780713873.338982344,15.897610426,0.002079118,-0.000548232,0.088362169,5.062779,0.002079118,-0.000548232,5.062779,-0.000055831,-0.248701362
wheel,1780713873.359296083,15.917924166,0.002079118,-0.000548232,0.088362169,5.062779,0.002079118,-0.000548232,5.062779,-0.000053039,-0.246214349
wheel,1780713873.378912926,15.937541008,0.002006489,-0.000554075,0.072170149,4.135045,0.002006489,-0.000554075,4.135045,-0.000236126,-0.252007250
wheel,1780713873.398893356,15.957521439,0.002079183,-0.000549106,0.064305453,3.684431,0.002079183,-0.000549106,3.684431,-0.000041996,-0.253423048
wheel,1780713873.419209719,15.977837801,0.002224648,-0.000540347,0.055978128,3.207310,0.002224648,-0.000540347,3.207310,0.000318764,-0.254987789
wheel,1780713873.438879728,15.997507811,0.002224648,-0.000540347,0.048576062,2.783203,0.002224648,-0.000540347,2.783203,0.000302826,-0.256200669
wheel,1780713873.458906174,16.017534256,0.002224648,-0.000540347,0.048576062,2.783203,0.002224648,-0.000540347,2.783203,0.000287684,-0.253638662
wheel,1780713873.478879690,16.037507772,0.002151845,-0.000543330,0.033309299,1.908482,0.002151845,-0.000543330,1.908482,0.000090905,-0.258745504
rtabmap,1780713873.496961832,16.666534662,-0.006103814,0.003671785,-1.354727610,-77.620174,-0.005645238,-0.005354031,-0.986972,-0.016449548,0.421910733
wheel,1780713873.498914957,16.057543039,0.002151845,-0.000543330,0.024981975,1.431362,0.002151845,-0.000543330,1.431362,0.000086360,-0.260314630
wheel,1780713873.518910646,16.077538729,0.002370384,-0.000538527,0.018967795,1.086775,0.002370384,-0.000538527,1.086775,0.000628666,-0.260719365
wheel,1780713873.538904428,16.097532511,0.002588950,-0.000535139,0.012028358,0.689174,0.002588950,-0.000535139,0.689174,0.001143858,-0.261582804
wheel,1780713873.558893681,16.117521763,0.002588950,-0.000535139,0.012028358,0.689174,0.002588950,-0.000535139,0.689174,0.001086665,-0.258966976
wheel,1780713873.578913212,16.137541294,0.002661813,-0.000534751,-0.001387887,-0.079520,0.002661813,-0.000534751,-0.079520,0.001214362,-0.263080640
wheel,1780713873.599014282,16.157642365,0.002734677,-0.000535004,-0.005551550,-0.318080,0.002734677,-0.000535004,-0.318080,0.001334862,-0.262520903
wheel,1780713873.618937254,16.177565336,0.002734677,-0.000535004,-0.009252583,-0.530134,0.002734677,-0.000535004,-0.530134,0.001268119,-0.261753320
wheel,1780713873.638901711,16.197529793,0.002807537,-0.000535796,-0.012490987,-0.715681,0.002807537,-0.000535796,-0.715681,0.001387211,-0.260757988
wheel,1780713873.658874273,16.217502356,0.002880395,-0.000536757,-0.013878875,-0.795201,0.002880395,-0.000536757,-0.795201,0.001500230,-0.258845189
wheel,1780713873.680014372,16.238642454,0.002807538,-0.000535729,-0.014341504,-0.821708,0.002807538,-0.000535729,-0.821708,0.001252865,-0.256475599
wheel,1780713873.698879957,16.257508039,0.002734681,-0.000534701,-0.013878875,-0.795201,0.002734681,-0.000534701,-0.795201,0.000997122,-0.253665638
wheel,1780713873.718878031,16.277506113,0.002661823,-0.000533740,-0.012490987,-0.715681,0.002661823,-0.000533740,-0.715681,0.000765084,-0.250434955
wheel,1780713873.738901138,16.297529221,0.002588964,-0.000532881,-0.011103100,-0.636161,0.002588964,-0.000532881,-0.636161,0.000544889,-0.247237495
wheel,1780713873.758910656,16.317538738,0.002588964,-0.000532881,-0.011103100,-0.636161,0.002588964,-0.000532881,-0.636161,0.000517644,-0.244765120
wheel,1780713873.778891563,16.337519646,0.002516103,-0.000532190,-0.007864696,-0.450614,0.002516103,-0.000532190,-0.450614,0.000309476,-0.240697145
rtabmap,1780713873.796966553,16.966539383,-0.000880892,0.004785727,-1.321489807,-75.715789,-0.005521546,-0.000015072,0.917414,0.000105697,0.110790826
wheel,1780713873.798962355,16.357590437,0.002516103,-0.000532190,-0.006939437,-0.397600,0.002516103,-0.000532190,-0.397600,0.000294002,-0.237828716
wheel,1780713873.818924427,16.377552509,0.002443241,-0.000531701,-0.006476808,-0.371094,0.002443241,-0.000531701,-0.371094,0.000096952,-0.235218874
wheel,1780713873.839017391,16.397645473,0.002516103,-0.000532156,-0.006014179,-0.344587,0.002516103,-0.000532156,-0.344587,0.000273515,-0.232636323
wheel,1780713873.858904600,16.417532682,0.002516103,-0.000532156,-0.006014179,-0.344587,0.002516103,-0.000532156,-0.344587,0.000259839,-0.230309960
wheel,1780713873.878896952,16.437525034,0.002516103,-0.000532156,-0.006939437,-0.397600,0.002516103,-0.000532156,-0.397600,0.000246847,-0.228469661
wheel,1780713873.898949385,16.457577467,0.002516103,-0.000532156,-0.006939437,-0.397600,0.002516103,-0.000532156,-0.397600,0.000234505,-0.226184964
wheel,1780713873.919767857,16.478395939,0.002588966,-0.000532678,-0.007402067,-0.424107,0.002588966,-0.000532678,-0.424107,0.000397744,-0.224145292
wheel,1780713873.938903570,16.497531652,0.002588966,-0.000532678,-0.007402067,-0.424107,0.002588966,-0.000532678,-0.424107,0.000377857,-0.221903839
wheel,1780713873.958912373,16.517540455,0.002588966,-0.000532678,-0.007402067,-0.424107,0.002588966,-0.000532678,-0.424107,0.000358964,-0.219684800
wheel,1780713873.978903770,16.537531853,0.002661828,-0.000533235,-0.007864696,-0.450614,0.002661828,-0.000533235,-0.450614,0.000523228,-0.217719333
wheel,1780713873.998886824,16.557514906,0.002588966,-0.000532678,-0.007402067,-0.424107,0.002588966,-0.000532678,-0.424107,0.000314761,-0.215310640
wheel,1780713874.018895388,16.577523470,0.002588966,-0.000532678,-0.007402067,-0.424107,0.002588966,-0.000532678,-0.424107,0.000299023,-0.213157534
wheel,1780713874.038914919,16.597543001,0.002588966,-0.000532678,-0.007402067,-0.424107,0.002588966,-0.000532678,-0.424107,0.000284072,-0.211025959
wheel,1780713874.058904886,16.617532969,0.002588966,-0.000532678,-0.007402067,-0.424107,0.002588966,-0.000532678,-0.424107,0.000269868,-0.208915699
wheel,1780713874.081277370,16.639905453,0.002588966,-0.000532678,-0.007402067,-0.424107,0.002588966,-0.000532678,-0.424107,0.000256375,-0.206826542
wheel,1780713874.098891735,16.657519817,0.002588966,-0.000532678,-0.007402067,-0.424107,0.002588966,-0.000532678,-0.424107,0.000243556,-0.204758277
wheel,1780713874.118895054,16.677523136,0.002516104,-0.000532122,-0.007864696,-0.450614,0.002516104,-0.000532122,-0.450614,0.000049246,-0.202941973
wheel,1780713874.138879061,16.697507143,0.002516104,-0.000532122,-0.007864696,-0.450614,0.002516104,-0.000532122,-0.450614,0.000046784,-0.200912553
wheel,1780713874.158953428,16.717581511,0.002516104,-0.000532122,-0.007864696,-0.450614,0.002516104,-0.000532122,-0.450614,0.000044444,-0.198903428
wheel,1780713874.179204941,16.737833023,0.002516104,-0.000532122,-0.007864696,-0.450614,0.002516104,-0.000532122,-0.450614,0.000042222,-0.196914393
wheel,1780713874.202792168,16.761420250,0.002588966,-0.000532678,-0.007402067,-0.424107,0.002588966,-0.000532678,-0.424107,0.000194605,-0.194749066
wheel,1780713874.218928814,16.777556896,0.002588966,-0.000532678,-0.007402067,-0.424107,0.002588966,-0.000532678,-0.424107,0.000184875,-0.192801576
wheel,1780713874.238902807,16.797530890,0.002588966,-0.000532678,-0.007402067,-0.424107,0.002588966,-0.000532678,-0.424107,0.000175631,-0.190873560
wheel,1780713874.258903980,16.817532063,0.002588966,-0.000532678,-0.007402067,-0.424107,0.002588966,-0.000532678,-0.424107,0.000166850,-0.188964824
wheel,1780713874.278908253,16.837536335,0.002588966,-0.000532678,-0.007402067,-0.424107,0.002588966,-0.000532678,-0.424107,0.000158507,-0.187075176
wheel,1780713874.307283640,16.865911722,0.002588966,-0.000532678,-0.007402067,-0.424107,0.002588966,-0.000532678,-0.424107,0.000150582,-0.185204424
wheel,1780713874.318896532,16.877524614,0.002588966,-0.000532678,-0.007402067,-0.424107,0.002588966,-0.000532678,-0.424107,0.000143053,-0.183352380
wheel,1780713874.338899374,16.897527456,0.002588966,-0.000532678,-0.007402067,-0.424107,0.002588966,-0.000532678,-0.424107,0.000135900,-0.181518856
wheel,1780713874.359159708,16.917787790,0.002588966,-0.000532678,-0.007402067,-0.424107,0.002588966,-0.000532678,-0.424107,0.000129105,-0.179703668
wheel,1780713874.378883123,16.937511206,0.002516104,-0.000532122,-0.007864696,-0.450614,0.002516104,-0.000532122,-0.450614,-0.000062051,-0.178141172
wheel,1780713874.398923397,16.957551479,0.002516104,-0.000532122,-0.007864696,-0.450614,0.002516104,-0.000532122,-0.450614,-0.000058949,-0.176359761
wheel,1780713874.418896198,16.977524281,0.002516104,-0.000532122,-0.007864696,-0.450614,0.002516104,-0.000532122,-0.450614,-0.000056001,-0.174596163
wheel,1780713874.440002441,16.998630524,0.002588966,-0.000532678,-0.007402067,-0.424107,0.002588966,-0.000532678,-0.424107,0.000119560,-0.172630822
wheel,1780713874.460056782,17.018684864,0.002588966,-0.000532678,-0.007402067,-0.424107,0.002588966,-0.000532678,-0.424107,0.000113582,-0.170904514
wheel,1780713874.478891373,17.037519455,0.002588966,-0.000532678,-0.007402067,-0.424107,0.002588966,-0.000532678,-0.424107,0.000107903,-0.169195469
wheel,1780713874.499557257,17.058185339,0.002588966,-0.000532678,-0.007402067,-0.424107,0.002588966,-0.000532678,-0.424107,0.000102507,-0.167503514
wheel,1780713874.518907785,17.077535868,0.002588966,-0.000532678,-0.007402067,-0.424107,0.002588966,-0.000532678,-0.424107,0.000097382,-0.165828479
